0.3837181308864533,0.41219807127578223,0.3227311361648957,0.61138613371254,0.6891009628029924,0.9226585964965649,0.815242267397921,0.7157305001637191,0.9285339168184175,1.132,1.016,0.951,0.622,0.748,1.061,0.01,0.485,1.722,0.519,0.0108,3.154,0.0286,0.162,0.058,35.66,122.38,104.78,42.17,1.587
0.3850886721565948,0.5993016023305935,0.4876949279095024,0.7104608421385261,0.8915971111014146,0.8851148708004125,0.2134106208673301,0.8202870954265137,0.9406004377145716,1.266,1.221,0.305,1.636,0.59,1.925,0.852,0.557,1.204,0.064,0.0394,2.43,0.9547,0.104,0.214,15.12,152.8,139.57,27.84,-0.877
0.3089548777416049,0.45910199816945363,0.43072949235762625,0.65188547905134,0.9391724849920752,0.972424509099007,0.8875575475750128,0.9286478139236749,0.9399432015009506,1.142,1.554,0.361,0.674,0.635,2.812,0.478,1.641,0.34,0.187,0.0155,4.788,0.4094,0.497,0.281,39.89,235.8,141.16,75.62,-0.214
0.36283560530022924,0.4628478916809181,0.42734275791724974,0.6494843595528301,0.8749750980138374,0.9455928074246008,0.730672593264982,0.5411701103630667,0.8894830110540124,1.73,0.777,1.61,0.108,0.721,2.569,0.375,1.757,1.322,0.299,0.0063,1.517,0.299,0.337,0.259,39.97,244.33,180.41,26.79,1.767
0.40765728779821764,0.3215392786732807,0.27783769491313404,0.5864819565041319,0.6952842474968399,0.9412771126386974,0.7316485718687009,0.9281035096028318,0.9437013751798601,0.565,1.844,1.119,0.225,0.745,2.476,0.235,1.439,2.489,0.256,0.0416,3.018,0.8718,0.192,0.448,34.91,195.16,127.62,50.14,-0.075
0.5159751912006694,0.39012769313512563,0.4368215647348933,0.6600947072115985,0.674337968889609,0.9328272987313482,0.11831490953354795,0.3428459605127243,0.9264783425467049,0.121,0.211,1.772,1.774,0.661,1.641,0.6940000000000001,1.442,0.305,0.184,0.0032,2.76,0.0933,0.108,0.366,44.73,240.52,108.33,54.7,1.55
0.4523632363182324,0.14528220766655708,0.21349898586889182,0.559814172215227,0.7260337723263328,0.9863588633037422,0.9824595357632832,0.8781811410883805,0.9385265012628722,0.503,1.978,0.822,1.266,0.671,1.672,0.228,0.493,2.939,0.279,0.0443,1.929,0.3156,0.309,0.428,18.42,167.34,51.07,17.02,-1.162
0.31775108180068135,0.4367166121389493,0.43310302348863616,0.6495347880001594,0.843454787882687,0.9437423931825971,0.8977233917422578,0.9474284381028585,0.9268960837896095,1.348,1.909,1.829,0.326,0.422,2.653,0.366,1.757,2.318,0.415,0.0206,4.512,0.3959,0.198,0.323,2.67,134.75,24.31,17.66,-1.477
0.4273704620074808,0.31469909461067336,0.3374598114791063,0.6330861070481995,0.9284062122417822,0.969603189200005,0.36422202587188435,0.9309123190874269,0.9461012003341884,1.555,0.262,1.686,1.151,0.63,2.563,1.832,1.909,1.327,0.263,0.0064,3.407,0.9834,0.543,0.248,2.23,133.67,122.99,119.07000000000001,0.507
0.33393740179843384,0.46372605185256566,0.34791553823999666,0.6426441964030806,0.820941035735077,0.9405120925250985,0.9305464139116184,0.920588878961135,0.9301745542106337,1.105,0.885,1.342,1.709,0.766,2.485,1.129,1.682,2.04,0.197,0.0255,3.438,0.0651,0.355,0.174,40.05,151.76,141.81,43.0,1.609
0.34874188206611145,0.3579922906958115,0.3797159502805828,0.6225394584431563,0.8502351511983486,0.9825316502808031,0.930814391885794,0.9460237175326974,0.9440553821733073,1.509,1.185,0.931,1.871,0.726,1.581,0.446,0.968,2.213,0.31,0.0267,2.172,0.0649,0.321,0.425,47.84,229.35,115.86,27.3,-0.025
0.33613073897732826,0.4348413908119002,0.37039298721641056,0.6357581602720479,0.8134114624502001,0.9352629501068906,0.9611475391827822,0.8895389059172156,0.9483057779041266,1.192,1.822,0.395,0.621,0.595,2.857,0.149,2.396,1.979,0.198,0.042,4.046,0.4086,0.25,0.376,16.91,161.45,24.92,12.98,0.107
0.45980139393633657,0.34579688072821724,0.07702293388661863,0.5966136358138407,0.6887776975054087,0.9115035107525216,0.9483760514598292,0.6298049872010212,0.9340507730478788,1.646,1.701,1.746,1.873,0.505,1.929,0.589,1.178,1.667,0.088,0.0409,1.56,0.6535,0.681,0.226,1.8,167.82,99.66,42.589999999999996,-1.791
0.4757270157520412,0.36010623734279523,0.007789641888542476,0.6287585938063684,0.5509903784856691,0.9792135785960905,0.7786648622047181,0.8466489409583304,0.9350658936492225,1.766,0.27,0.422,0.919,0.676,1.311,0.616,0.782,0.421,0.224,0.0179,3.413,0.5144,0.597,0.39,46.61,161.14,92.88,77.76,1.515
0.41621245807489,0.4815797179745255,0.4008441853852811,0.6391149574743693,0.7497697732841493,0.9221331266986221,0.25583512811556364,0.9468412303724849,0.9490926186283326,0.416,1.419,0.982,1.877,0.759,2.751,1.009,2.115,2.653,0.278,0.0213,3.896,0.9227,0.115,0.074,22.9,148.21,142.79,51.91,0.596
0.3561883076948976,0.3748037454002592,0.3829714668086982,0.6341575264903949,0.9214737102219547,0.9622814133442692,0.704203232810834,0.8991528402019225,0.9346497569817117,0.844,1.275,0.583,0.998,0.472,1.986,0.559,1.513,1.729,0.169,0.0141,1.169,0.7246,0.563,0.18,20.03,60.26,38.24,19.68,-1.598
0.2908424309015254,0.6397916312788292,0.40238112273714,0.7145939322160879,0.8291678604325488,0.925932461555353,0.8830388915943849,0.7639588027941437,0.93446699916974,1.083,0.27,0.45,0.789,0.776,2.033,0.576,1.136,0.902,0.185,0.0439,3.292,0.3153,0.28,0.444,42.37,199.23,60.95,10.73,-1.311
0.38815195413154224,0.4517444171589482,0.1878912999623249,0.641072738261547,0.7693877211066427,0.9609954915232448,0.9631245972453255,0.7606262232960148,0.9452365377555318,0.746,1.048,1.944,1.059,0.453,1.253,0.747,0.968,2.07,0.178,0.021,2.787,0.3682,0.604,0.125,20.84,245.6,150.38,145.68,-0.059
0.23560235856845801,0.6187875853975828,0.6128726074739628,0.721250866789465,0.9298703705427495,0.9768636686149873,0.7519476173566096,0.9606696125686031,0.9485621746261688,1.288,0.338,1.7,0.892,0.717,1.451,0.505,0.438,1.413,0.49,0.0253,4.676,0.11,0.145,0.454,42.56,99.52,98.3,71.94000000000001,0.731
0.3134972759656938,0.5184224539854312,0.4002190568967646,0.6727559363168198,0.921744539278744,0.9851598882744795,0.7344243746053754,0.914063102709807,0.9430628646325778,1.682,0.561,0.463,1.775,0.598,1.653,0.654,1.1300000000000001,0.924,0.205,0.0105,2.073,0.3059,0.588,0.466,7.31,157.71,90.77,12.16,-0.06
0.25446469979279884,0.6034902891683295,0.5082316869348094,0.6985220814307729,0.9480464587434335,0.9223454927309244,0.9620625250620477,0.8796973965336867,0.9414171845355606,0.942,0.942,1.924,1.028,0.481,1.764,0.782,1.7630000000000001,0.252,0.109,0.0121,2.558,0.4045,0.594,0.089,14.56,203.26,54.15,4.98,-0.687
0.3290353012379248,0.390080469340609,0.4376936442900009,0.645509347165806,0.8341771997431349,0.9052973240757367,0.9014537816666458,0.9519610848125394,0.938558574601713,0.821,1.229,1.574,1.595,0.532,1.005,0.339,0.526,2.05,0.539,0.026,1.272,0.2081,0.175,0.361,12.31,147.66,19.33,12.21,-1.238
0.4008642248325448,0.33659041678712753,0.2783537441606134,0.5924017139070858,0.7398282250599366,0.9177883365213785,0.7342201412009439,0.8992132151368424,0.9428157532223336,0.11,1.229,1.686,0.692,0.794,2.188,0.62,0.9,0.413,0.136,0.0327,2.603,0.297,0.344,0.34,15.83,241.89,139.92,138.31,-0.533
0.2968319101047174,0.46366644415821656,0.4738745798904396,0.6693813114328215,0.9736746659739406,0.9306386227936505,0.8748527174091421,0.9317311686708499,0.9273597543808048,1.663,0.697,1.029,0.596,0.743,2.639,1.945,0.779,2.596,0.419,0.0181,3.757,0.5322,0.243,0.183,48.71,188.23,183.9,147.64,-1.847
0.395911482601799,0.2717218481717045,0.29590572705038076,0.5915334848197183,0.7865578857432735,0.96760105967042,0.9779185586552658,0.8969360280095705,0.9428378539061347,0.775,1.041,1.358,1.537,0.759,1.428,0.174,0.063,1.162,0.218,0.0239,2.036,0.1636,0.405,0.131,42.51,160.63,62.89,24.21,-0.496
0.22772323457761462,0.6178664388889682,0.59217350491356,0.7181547705092497,0.9816927376340054,0.9054973833438478,0.9429550909416374,0.9164743356112797,0.9401571069207306,1.863,0.143,1.834,0.379,0.757,1.469,0.598,0.492,1.638,0.075,0.0079,4.555,0.0735,0.667,0.454,7.94,170.98,111.52,60.44,-0.712
0.2913447480370058,0.4833864610980889,0.48197205866567183,0.6808145650940343,0.9738604607382315,0.8837413827345685,0.8641242790936052,0.920735651436676,0.9453385954467544,1.346,0.442,0.889,0.125,0.706,1.497,1.123,1.311,1.357,0.532,0.0178,4.133,0.1593,0.231,0.148,41.88,238.67,132.41,32.4,0.854
0.4588039183816188,0.2410113014780818,0.4124449187560323,0.625601350490472,0.9550950035130769,0.9220297957054884,0.22615771077648972,0.886750249067272,0.9471236224743796,0.162,1.356,0.57,1.194,0.561,2.941,0.595,1.157,1.494,0.324,0.0126,2.703,0.3048,0.435,0.494,31.35,114.31,38.29,14.63,0.584
0.2567082577938128,0.6283321357808337,0.5795714615622805,0.7138048395922736,0.9035323230025548,0.9004480819354707,0.6744577616999865,0.9522282179970927,0.9460396375046181,0.638,0.482,1.622,0.787,0.749,1.09,0.461,0.199,0.717,0.082,0.0168,3.368,0.9847,0.463,0.337,4.78,192.33,23.43,12.27,0.216
0.38540857043811155,0.4606700191584383,0.38091717262888747,0.6386446776041261,0.6820668471004803,0.9207709121118163,0.7196945456219612,0.5592556845566767,0.941565014733561,1.091,1.843,1.15,0.529,0.424,2.72,1.723,0.551,0.586,0.386,0.0052,4.637,0.1023,0.153,0.063,8.52,202.65,43.34,23.450000000000003,-0.656
0.41666012394835206,0.39649081309528544,0.3160517531309103,0.6085690255682201,0.7221687450091171,0.9188884169822635,0.44155691181920986,0.9311624737470083,0.9429742392951745,1.482,1.188,1.185,1.531,0.785,2.039,0.036,0.783,2.53,0.299,0.0374,4.007,0.1304,0.108,0.302,44.18,161.76,93.91,76.06,1.191
0.3035719504292362,0.5123627659890401,0.5260022434764826,0.6867881943112646,0.8231447395263137,0.949526989172876,0.772320536047449,0.704510019191448,0.939137226072337,0.177,1.11,1.055,1.26,0.419,2.503,0.56,0.87,0.87,0.335,0.0077,1.566,0.8294,0.182,0.491,29.31,170.89,158.04,27.34,-0.959
0.3298116742876792,0.5514236858489782,0.32908592055934205,0.6736061055725739,0.8223448138044678,0.921091106283268,0.8907090388377865,0.7561956081629078,0.943844290740553,0.495,1.483,0.953,1.524,0.493,1.492,1.35,0.701,0.795,0.141,0.0393,2.582,0.9995,0.407,0.268,15.2,231.57,147.09,147.05,-0.342
0.36664273385032875,0.6657083975211,0.6009434884283378,0.7431319785827011,0.9418560882923583,0.8905795200303895,0.15474366862485534,0.9455194989279523,0.9247866214880938,1.694,1.211,0.14,1.276,0.52,2.766,0.22,0.21,2.969,0.118,0.0183,1.871,0.2451,0.192,0.081,40.04,121.87,82.87,58.69,1.024
0.3914384725061659,0.3289725423668236,0.29924261028878874,0.5998375414272165,0.7434872011070099,0.8948602605001837,0.8266583775486198,0.8878851804262102,0.930332008640921,1.92,1.275,0.534,1.65,0.712,1.061,0.834,0.059,2.645,0.473,0.0124,4.38,0.3868,0.19,0.113,10.06,232.78,99.36,14.27,-1.432
0.25712704410595316,0.6244266304117998,0.5691088123249053,0.7223864910559099,0.9715445943172039,0.9869015327191095,0.6603186608341949,0.943615480301522,0.9253086592676535,1.376,1.199,0.295,1.242,0.404,1.502,0.457,0.552,2.436,0.464,0.0165,3.271,0.1588,0.167,0.132,10.23,237.88,69.02,35.85,1.756
0.3551019106577882,0.40404875295589904,0.34807084077715966,0.6165455755429503,0.7858546894372735,0.9174633920880948,0.8565067273575496,0.9358620908691909,0.9352109104442267,0.627,1.768,0.68,0.164,0.491,1.895,1.608,0.519,1.984,0.084,0.006,1.164,0.9742,0.641,0.097,1.95,52.71,13.2,12.97,-1.63
0.3693442833365245,0.4922252191060308,0.3521701421190855,0.6510961736399197,0.7999638966337626,0.8891661055787589,0.5604319155282947,0.7930355750382851,0.9390410362952794,0.918,0.762,1.997,1.366,0.713,1.842,0.855,1.225,1.022,0.052,0.0359,2.517,0.1493,0.438,0.068,47.92,114.39,93.13,84.7,-1.158
0.21594360543226254,0.6760231946136457,0.6385071618177527,0.7334722630187059,0.8890484568827435,0.933352850230178,0.7907878918399612,0.9463575712924351,0.945422120781877,1.321,1.461,1.194,1.376,0.424,2.557,0.304,1.431,1.378,0.195,0.0185,3.166,0.0194,0.241,0.437,31.39,89.05,76.87,63.78,-0.008
0.36944262071077255,0.34737831968848376,0.30706994664867604,0.6367299164065716,0.8864680088241019,0.9955795940530672,0.8728084090843077,0.8594991026491337,0.9289839882004465,0.109,1.746,0.183,0.342,0.435,2.922,0.601,2.299,1.282,0.301,0.0426,3.697,0.4438,0.31,0.451,12.49,71.7,38.05,35.86,-1.742
0.33049422225787173,0.6314339647220706,0.3592644258988761,0.7186110415676813,0.7523126337833217,0.8901624193578838,0.6037733637566696,0.8782039492254304,0.9451770795905953,1.22,0.116,1.666,1.784,0.551,2.199,0.669,0.106,0.974,0.08,0.0274,2.504,0.3207,0.292,0.129,22.18,113.17,74.59,24.78,0.209
0.38170799386996723,0.38596718806486063,0.3124900644932286,0.6082992359861246,0.7670176667967823,0.8999774875103449,0.7285263258377087,0.854160469148781,0.9432562648419179,1.906,1.347,1.761,0.375,0.662,1.657,0.159,0.757,0.58,0.067,0.0293,4.066,0.9543,0.684,0.5,7.81,211.39,167.86,103.74,-0.326
0.25443845653221026,0.5694747104183027,0.5282973827526665,0.6897247745926685,0.9398917538697367,0.9708374790169716,0.94947942911408,0.9469828154725696,0.9370816251783987,0.105,1.31,1.479,1.485,0.47,2.002,0.113,1.73,2.804,0.232,0.019,3.595,0.9526,0.337,0.238,16.35,145.14,111.82,35.61,-0.995
0.32933376020449523,0.4596342558172195,0.43377283093729624,0.6451178688378284,0.8905101902738676,0.9876253842428422,0.6825863177439404,0.8830302392667981,0.9493876177606524,0.284,0.996,1.27,0.869,0.718,2.414,1.397,0.3,0.983,0.192,0.0075,3.788,0.999,0.471,0.326,35.18,182.51,90.02,11.68,0.732
0.5817317361496721,0.3038217027156507,0.22737762278904328,0.5766011007492985,0.63935374147393,0.918911121534238,0.11860637623611203,0.2724607465583616,0.939924213060505,0.205,1.768,0.238,0.705,0.601,2.002,0.541,0.778,0.663,0.301,0.0045,4.724,0.1761,0.299,0.345,7.95,247.84,19.35,17.7,1.593
0.3244033541631402,0.4555348086198916,0.3820356203364712,0.6528794030406853,0.9066421208131423,0.9980909907164603,0.9609828470223104,0.830619006214665,0.9355510718276668,1.432,1.645,0.834,0.982,0.509,1.899,0.8270000000000001,0.053,0.327,0.308,0.0301,2.608,0.928,0.314,0.237,5.45,207.84,193.98,97.76,-1.358
0.4646424612673592,0.30213010568397547,0.18276228613860768,0.5754410658313791,0.7215123398275198,0.9195203163560055,0.46699983879173723,0.8882672183208515,0.8932993305049542,0.617,0.906,1.089,1.468,0.793,2.508,1.233,0.548,2.533,0.26,0.0488,1.63,0.1322,0.131,0.499,2.51,146.61,5.8100000000000005,5.470000000000001,1.754
0.34264310618706373,0.4149001002112811,0.49871376742937734,0.6730468333673281,0.997759684400729,0.8666733839987022,0.542009517481958,0.9146319391673745,0.937692380597291,0.599,0.942,1.737,1.416,0.402,2.976,0.685,0.204,2.189,0.448,0.0143,4.872,0.4154,0.296,0.434,8.9,200.44,33.81,12.780000000000001,1.747
0.28028224311326955,0.6247113601382697,0.4288577933788599,0.7071153525805781,0.8492734708175117,0.9272841815414633,0.9053295820382877,0.8124777998234614,0.9407923493125572,1.493,1.293,0.136,1.55,0.503,1.005,0.51,0.322,0.671,0.161,0.0345,1.742,0.3959,0.416,0.36,34.7,173.63,170.5,106.28,-0.417
0.4516024818773268,0.38571788174621546,0.38569327118258867,0.6516249962591802,0.8384133815114547,0.875445795882886,0.3032109811196483,0.5253219702948152,0.9450469451338751,1.538,0.907,0.15,0.865,0.426,2.336,0.9,1.632,0.891,0.385,0.002,2.553,0.3765,0.181,0.494,48.99,204.9,53.93,34.02,0.583
0.31884170386926214,0.484131001444972,0.38929482762471146,0.6629764154109876,0.9100572790961066,0.9434869690180867,0.8286844713898314,0.8732303128224754,0.9374640138777591,0.698,0.457,0.839,0.787,0.479,2.984,0.753,2.864,2.905,0.153,0.0178,4.675,0.437,0.529,0.343,4.28,68.06,53.11,20.86,-0.929
0.36799845953423965,0.6667724652734828,0.6841852138972864,0.755902489826764,0.9526779690461558,0.8879093539004108,0.10855292150668816,0.9675982154938483,0.9501170438653093,0.315,0.397,0.902,0.41,0.746,2.112,1.488,0.287,0.955,0.072,0.0183,4.875,0.621,0.28,0.328,10.2,128.77,62.35,11.81,0.655
0.2297483969266512,0.5967659627607323,0.638701783350902,0.7267353037563347,0.9742127682913198,0.9703393944336479,0.7824842384714147,0.9462642039768109,0.9478315455632227,1.669,0.335,0.231,0.281,0.553,2.622,1.238,1.345,1.584,0.391,0.0108,4.355,0.2966,0.174,0.308,25.14,109.78,91.25,42.25,0.418
0.4276543883095529,0.4684367270655856,0.09131663898475728,0.6557536423875643,0.5514092344169134,0.9652810809657594,0.91440901937551,0.8520289394492206,0.9316234013342353,1.616,0.327,0.257,1.226,0.531,2.161,1.04,0.2,1.707,0.217,0.0268,2.704,0.1359,0.494,0.408,11.700000000000001,127.63,37.59,27.560000000000002,1.273
0.3110502480553858,0.5694386859917809,0.35663987261940666,0.6963052236463767,0.7850807254191812,0.9850072430792307,0.89115072605532,0.859247687172354,0.9335335922186603,0.607,0.697,0.386,0.418,0.733,1.548,1.227,0.594,2.571,0.499,0.0435,2.087,0.2419,0.145,0.256,25.87,120.86,77.24,31.300000000000004,0.796
0.5809583462820239,0.3611968315354356,0.08283728693791559,0.5654412311193475,0.41750156206480593,0.9287685744267833,0.8483399980488344,0.05619506219115311,0.9379058454861428,1.27,1.834,1.301,1.637,0.791,2.304,1.326,1.092,0.342,0.109,0.0014,1.686,0.2579,0.28,0.472,49.04,226.93,79.7,59.79,-1.081
0.3148679670101488,0.5540810598022632,0.4771386155618754,0.6684635773204213,0.7846899883784811,0.9067185368888155,0.6145512342652824,0.9314040007401642,0.9484774759882509,1.198,1.493,1.606,1.763,0.586,2.971,1.311,1.889,0.619,0.205,0.0355,3.746,0.5216,0.114,0.414,23.8,52.18,33.44,23.5,0.82
0.4328717015728717,0.5643776727969567,0.038694685774960935,0.6822055524361552,0.5121314119675361,0.975869723095736,0.9194973652619066,0.8134275225660841,0.934675753541504,1.706,0.516,1.743,1.1,0.441,2.891,1.089,1.13,0.826,0.363,0.0353,4.07,0.2009,0.25,0.135,34.35,159.63,141.65,25.6,1.665
0.34983661041241965,0.49271702072233337,0.28784710439832906,0.6692880368129275,0.795822337532131,0.9389234880704486,0.9708641483393815,0.7676359562895931,0.9295993133319997,0.806,0.125,1.909,0.812,0.748,1.742,0.678,0.355,0.234,0.161,0.0391,2.256,0.4905,0.456,0.487,26.85,213.43,40.09,26.509999999999998,-1.944
0.3589254020103825,0.39786450057724143,0.3089593956615211,0.6463058615894915,0.8000027200660879,0.9754429081695586,0.9891496083266349,0.8744077699308259,0.9055403175019396,1.052,1.329,0.228,1.814,0.539,2.407,0.632,2.142,1.879,0.277,0.0309,2.175,0.1868,0.338,0.304,19.18,91.78,28.21,14.2,1.839
0.4337315969539786,0.21411157832912997,0.21727326222023258,0.5830079606529652,0.7740959162931749,0.9489309873000199,0.8301033386150066,0.8762266496376873,0.945271118810528,1.741,1.125,0.465,0.746,0.717,1.446,0.527,1.377,0.427,0.159,0.029,3.819,0.8399,0.623,0.453,47.46,94.9,57.37,16.62,1.136
0.435562226442904,0.4429471946128304,0.40808129415584227,0.6428248854652815,0.74437831283907,0.8328360538428932,0.37412529234411895,0.5082609197933742,0.9484900442364859,1.075,1.346,0.534,0.607,0.483,2.589,1.577,2.58,1.205,0.476,0.0073,4.119,0.4049,0.166,0.464,13.81,90.83,45.21,5.63,0.713
0.3285127563893186,0.45260075799304345,0.3711478882447581,0.6612573817419097,0.8528256189028591,0.9976094148610747,0.99344215098498,0.8318948672518496,0.9404246320843221,1.489,0.589,1.651,0.713,0.735,2.786,0.381,1.756,2.195,0.392,0.037,4.479,0.0868,0.214,0.182,33.06,94.84,81.48,38.9,-0.751
0.29246693008533187,0.64533678113185,0.514822108728936,0.723072752390334,0.8835839006008124,0.8947400136460442,0.5602096901892468,0.8439614228933848,0.9365411234890164,0.382,0.395,1.92,0.617,0.602,1.88,0.391,1.372,1.281,0.104,0.0417,1.241,0.0935,0.303,0.428,23.32,117.49,82.68,24.72,-0.374
0.29030465129114497,0.5173794547967199,0.5857366338560384,0.7043676357557904,0.8812661835819698,0.9901227003193422,0.6468075523253101,0.8003067930452055,0.9411651437341191,0.544,0.191,0.382,0.567,0.707,2.681,0.276,0.61,2.199,0.332,0.0086,2.864,0.3444,0.135,0.485,1.57,154.38,87.4,39.58,-0.762
0.336102287447832,0.40466332285729933,0.5088843623232396,0.6718507508183853,0.9748063056088268,0.9958936498721296,0.5975918973752663,0.8288080900048518,0.9076680602032737,0.949,0.203,0.985,0.205,0.791,1.274,0.811,0.136,2.053,0.24,0.0096,1.746,0.7689,0.469,0.318,20.33,83.99,70.98,19.01,1.488
0.27361962736791606,0.5977734252878961,0.45298672977479604,0.6975746164769627,0.8790690979594551,0.9297045007877682,0.9625091942467794,0.8512461785333476,0.9419331777457822,0.922,1.673,0.202,1.259,0.438,1.426,0.614,0.407,2.368,0.189,0.0364,4.374,0.0445,0.299,0.294,11.51,122.33,76.02,46.49,-0.323
0.2701805494419635,0.5754670619250115,0.4876456388715392,0.6834569272275566,0.8724353974722346,0.9188922494209038,0.914109842222171,0.9144368178019289,0.9408718493194111,1.034,0.98,0.813,0.362,0.608,1.335,0.286,0.796,0.247,0.175,0.0335,3.555,0.5875,0.235,0.307,42.86,59.91,55.01,33.19,-0.768
0.20564102132899933,0.6733906951391501,0.6108860452075666,0.7355537602449107,0.9757445626408634,0.9684394663201552,0.95080518564673,0.9514535431516223,0.9373148031035536,1.204,0.99,0.186,0.601,0.673,2.095,1.521,0.276,2.405,0.223,0.0184,2.542,0.7983,0.362,0.424,32.09,129.34,93.52,44.57,0.875
0.37224655086318476,0.32605654198770484,0.327264401390161,0.6185098812135321,0.820675739848326,0.9534138499112281,0.9171223328939511,0.8894490204500679,0.946947293880051,0.126,1.87,1.311,0.842,0.769,2.137,1.336,0.247,2.005,0.177,0.0293,2.346,0.9021,0.458,0.273,22.57,57.39,36.7,20.8,0.086
0.32356248837219076,0.4153104093808193,0.41385247106101364,0.6641809939547039,0.9058570318747888,0.9817370065482491,0.8797979965003232,0.8877857945434315,0.9443291975713602,1.005,0.635,1.68,1.976,0.626,2.164,0.824,1.631,1.383,0.319,0.0326,3.71,0.8605,0.321,0.371,12.96,79.11,25.46,16.43,-0.549
0.45876868883239236,0.527554359017762,0.3371188026893003,0.6752510544903138,0.8300990889039137,0.881819215251772,0.07444594560007256,0.9121976216341122,0.9079193123110813,1.625,0.804,0.651,0.487,0.74,1.192,0.516,0.15,2.007,0.069,0.0265,1.948,0.6948,0.157,0.112,24.62,101.65,76.69,19.98,1.651
0.3309654917910034,0.44860032812025274,0.4455431128841014,0.6717442076736525,0.9774593146451087,0.8970405302573579,0.6309602629049229,0.9210009286997163,0.940422862530353,1.107,1.857,0.914,0.867,0.491,1.645,1.416,0.47500000000000003,1.689,0.365,0.0126,2.265,0.0893,0.366,0.349,27.44,233.94,98.69,20.93,-0.92
0.22024338498778184,0.6130540386757979,0.6927498910253229,0.748739255478371,0.9298125632534117,0.8999388917537722,0.7645025477873832,0.9121261824424237,0.9482693380277277,0.93,1.548,1.608,0.216,0.501,2.299,1.107,0.793,1.059,0.069,0.0021,4.51,0.6629,0.452,0.12,29.95,174.36,130.23000000000002,112.09,0.093
0.38836308644001183,0.476600457377366,0.32290613260381384,0.6261631005964876,0.6648225656254021,0.966616740129776,0.7207044684356343,0.62734485643414,0.9358620478691099,0.601,1.625,1.512,1.823,0.789,2.537,0.041,0.022,0.631,0.146,0.0028,4.788,0.3349,0.346,0.223,11.88,183.4,15.76,5.13,-1.061
0.3795700486532166,0.34911656036439154,0.285829368937903,0.6555329420891488,0.8147530303904362,0.9325773107367604,0.9405599361430137,0.7677302865070783,0.9375798217468997,0.131,0.269,1.251,1.276,0.591,2.564,0.423,2.466,1.796,0.449,0.0457,2.568,0.849,0.249,0.424,5.56,157.57,7.18,6.4,-1.262
0.31405759236790737,0.6551315404559074,0.444960696254842,0.7252093056004946,0.8578245690422983,0.9170523946241684,0.5129134837104856,0.8678634443365782,0.931173699261219,0.912,1.144,0.946,0.11,0.473,1.247,1.1440000000000001,1.243,2.625,0.163,0.0171,2.51,0.1823,0.326,0.147,21.49,187.29,138.75,77.23,1.173
0.4826523081816364,0.49165240591992854,0.3797839450979834,0.6409952296747953,0.7017745669141456,0.9426818824497133,0.3225775451434234,0.26789828230843815,0.9324835906359076,0.39,1.941,0.413,0.954,0.715,2.907,1.388,0.015,1.31,0.284,0.0023,3.212,0.4952,0.23,0.065,5.46,96.73,25.78,5.86,1.496
0.39447767644445375,0.4867652812309211,0.17195690713846745,0.6545049797531652,0.7521971766842156,0.9676154926125495,0.9799708171211369,0.6687354779513304,0.9377368390927525,1.182,1.537,0.755,0.888,0.759,2.202,0.758,1.519,0.22,0.214,0.0479,2.341,0.7634,0.428,0.429,37.6,232.6,165.71,60.06,-1.193
0.30303962024645714,0.5272486597530206,0.5214674466159667,0.6873623486128951,0.7919162034111924,0.9661072167007557,0.7386493914710441,0.7397057814821155,0.9373122965833083,0.714,1.392,0.46,0.788,0.692,1.559,0.465,0.376,2.519,0.207,0.0073,2.774,0.3386,0.192,0.372,14.81,232.7,80.52,28.800000000000004,-1.267
0.4019786660313841,0.5919478821686982,0.6232114508774085,0.7288435173580134,0.8292153951089085,0.8880488038144772,0.08256308538981771,0.8438667895378288,0.9459233824483736,1.058,1.499,1.026,1.288,0.713,2.697,0.878,1.847,1.226,0.053,0.0081,2.537,0.0486,0.367,0.471,37.79,165.11,96.32000000000001,95.31,0.068
0.28291930906051105,0.5747423547997279,0.48401712146807685,0.7061826449925155,0.9312024107716281,0.9851802237978367,0.7349007576389522,0.830965063448297,0.9440312806516534,0.694,0.737,0.537,0.438,0.661,1.456,0.899,1.084,1.735,0.538,0.0375,3.058,0.3745,0.114,0.333,15.72,249.72,20.47,8.91,-0.086
0.359176634022293,0.5942557687759682,0.23474005735068004,0.6997962090976023,0.6605080546413769,0.9722131059489822,0.8037356311923939,0.822236425696027,0.9255495124520666,1.147,0.923,1.956,1.061,0.413,2.289,0.402,0.023,2.389,0.447,0.0369,1.288,0.691,0.173,0.237,3.07,89.11,83.06,72.74,0.399
0.23731932123814856,0.6302545039476163,0.5411444609587411,0.713499171497471,0.9403272132832508,0.9663920763405311,0.9055580218243962,0.9506023476665102,0.9280898458772587,0.755,1.128,1.458,1.419,0.681,2.055,0.802,1.154,1.055,0.27,0.0295,3.902,0.7806,0.266,0.459,7.35,142.44,40.0,25.59,1.877
0.4547386661562699,0.236515636308534,0.13091668407196677,0.5807315237597276,0.7858129953318176,0.938286941269133,0.8475058360800055,0.7489345820413238,0.9342359636660793,0.432,1.64,1.627,0.592,0.73,1.415,0.757,0.652,1.401,0.125,0.0303,4.739,0.9889,0.667,0.409,28.37,79.52,59.550000000000004,15.22,-1.204
0.2961639457987107,0.5972350569608176,0.515163261712214,0.6855382344946664,0.7656698453848452,0.9615749063273187,0.6467573080582715,0.8531091223505648,0.9472007604572745,1.016,1.779,0.228,1.4,0.634,1.239,0.09,1.149,1.646,0.282,0.0172,3.521,0.3213,0.143,0.409,20.53,74.1,24.34,13.91,0.235
0.2132905392621182,0.6699228501462156,0.61851082418854,0.7320590276722925,0.9348490066995583,0.929538970384791,0.9260455700280532,0.8671989742838967,0.9268510179511354,1.251,1.332,1.867,1.33,0.656,1.313,0.111,1.048,2.777,0.145,0.0084,2.499,0.0967,0.363,0.225,8.91,133.76,132.92,42.51,1.338
0.27337704496234866,0.5891808613438599,0.46767858712713284,0.6936639750208691,0.85021336016743,0.9295257240516196,0.8801264171901991,0.9142409566377474,0.9473415933324253,1.325,1.324,1.317,0.606,0.534,2.135,1.305,0.434,2.958,0.282,0.0306,4.764,0.5401,0.123,0.104,3.62,58.46,16.45,11.600000000000001,1.056
0.2790930689004388,0.6401194472294737,0.46542727884657575,0.7195130461954846,0.8844422019764243,0.9555313725249184,0.7469594377843694,0.7870187766556125,0.9331643806751337,1.424,1.849,1.285,0.704,0.451,2.333,0.37,1.575,2.886,0.297,0.0463,2.373,0.936,0.203,0.5,40.74,145.79,97.43,18.84,-1.514
0.46708195003166175,0.24342013828118247,0.18859132304953574,0.6165010645528706,0.7822800286379175,0.9370979734074072,0.4530044219761299,0.8912870562974083,0.9287644379577376,0.785,1.219,0.487,0.482,0.45,2.753,1.795,1.436,0.757,0.303,0.0087,2.043,0.7848,0.542,0.081,11.85,153.76,35.63,12.830000000000002,1.069
0.48406491822281805,0.614463608019437,0.0016659948002795133,0.7005725700419692,0.4544034819714555,0.8967491365763076,0.539440557335215,0.6591431678109032,0.9456842786898916,1.415,1.442,0.896,0.857,0.448,2.55,0.796,0.484,2.259,0.107,0.0438,3.038,0.1779,0.266,0.173,46.41,245.83,105.43,75.71,0.484
0.3364773146241645,0.5049576189426161,0.4921266658154869,0.6809433271813305,0.9714217049194884,0.9992575498162128,0.45813591550378685,0.9385108214601235,0.9478315455632227,0.134,0.385,1.056,0.343,0.469,2.582,1.566,2.303,0.873,0.225,0.0054,4.413,0.6413,0.456,0.299,6.15,122.78,42.43,30.64,0.471
0.38455035427789386,0.5743475939887791,0.2131935089323337,0.6875471793413442,0.6944907243480754,0.8926197115875446,0.6542463844019051,0.758872386499687,0.948950249807593,0.154,1.576,1.591,1.422,0.666,1.93,0.656,0.276,1.045,0.062,0.0355,3.22,0.4373,0.607,0.083,31.39,153.14,128.53,71.72,0.778
0.5842891713912439,0.27609004724990627,0.24937226714487704,0.6084748323830018,0.6863204579336146,0.7125006974996733,0.17572220567627128,0.20857737362179407,0.9405293624262517,0.24,0.86,1.122,1.446,0.756,2.256,1.12,0.709,1.76,0.588,0.0014,4.016,0.1913,0.109,0.147,19.11,153.36,88.76,54.55,-0.628
0.30305908705058765,0.6300787773001373,0.35176598904845413,0.704809091505409,0.7808289914388944,0.9245049053651149,0.8930783474512838,0.850483627213163,0.9447827951374766,1.399,1.122,0.919,1.079,0.705,2.444,0.886,0.643,2.25,0.165,0.0307,3.233,0.4407,0.375,0.244,9.11,140.31,135.7,82.39,0.94
0.2863040453427726,0.47911047468547563,0.5213586218572475,0.690132278904199,0.9898680783186635,0.9328173418860221,0.7841882546282807,0.9451812016006477,0.9284276273926234,1.025,0.702,0.439,1.281,0.436,2.642,0.589,2.374,1.891,0.377,0.0208,4.206,0.3525,0.284,0.461,19.36,85.37,45.66,36.41,-1.731
0.3432470183105544,0.6618533853303867,0.6880772673215179,0.7503771897524478,0.9694463233674077,0.9159753708646506,0.19059238597498207,0.9621033120226334,0.9365402253057661,1.545,1.606,0.511,0.996,0.476,2.495,0.118,0.154,1.625,0.169,0.0217,1.67,0.5784,0.191,0.495,34.18,122.72,70.59,8.54,-1.463
0.46363979997733085,0.25651145635073647,0.15703231588086575,0.6157741144775468,0.7890244534382926,0.8767682137333699,0.5440562808751417,0.8073443799766661,0.9367699949208945,1.957,0.35,0.568,0.934,0.694,1.308,0.613,0.424,2.484,0.397,0.0203,2.563,0.4563,0.455,0.453,42.12,241.39,93.09,82.36,-1.276
0.29684387855129896,0.46305075632592085,0.5404652874552985,0.6822709362079569,0.9442776041327277,0.898987132225075,0.7084385999572398,0.9398646924377166,0.9494132872649028,1.841,1.043,1.804,1.807,0.651,1.423,0.9430000000000001,0.53,2.145,0.415,0.0194,3.359,0.8422,0.274,0.492,44.8,73.86,68.5,7.92,0.723
0.48219908623077223,0.3070053138375465,0.017430312671052217,0.6107502730819346,0.644912754957307,0.9856520547473145,0.768633315815168,0.7180953048926595,0.9397183288037559,1.755,0.512,0.475,1.205,0.759,1.876,1.197,1.355,1.11,0.213,0.0305,4.203,0.6171,0.582,0.428,35.38,155.57,80.33,47.6,-0.809
0.3169646531469981,0.588531215653568,0.3740971093769111,0.692108226441849,0.8147855533061619,0.9097610864603354,0.7552485743378777,0.7935182391019722,0.9462508900352136,1.523,1.569,1.565,1.442,0.737,1.635,0.316,0.8180000000000001,1.918,0.172,0.0439,3.453,0.1189,0.19,0.221,23.37,153.82,86.01,78.12,0.092
0.35991155640820505,0.36177309739904695,0.3551285948925502,0.6531352603427512,0.876012551786838,0.9557729317859933,0.7656186180512269,0.8713373826821255,0.9370305679989249,0.657,0.922,1.067,0.35,0.426,2.088,0.849,0.173,2.948,0.341,0.0322,2.035,0.8891,0.368,0.405,3.85,55.34,49.99,43.54,-1.173
0.3200634204456016,0.4600729149983239,0.40840760621397876,0.6406713030356308,0.8113527126436344,0.9566199102719076,0.9183225692686241,0.9543961552247148,0.9481900556667886,1.103,1.731,1.233,1.391,0.69,2.637,0.12,0.143,1.584,0.197,0.0226,4.438,0.1583,0.304,0.373,3.89,137.88,5.09,4.98,0.625
0.3516379866954537,0.555629008293566,0.2516897785234642,0.69322616078598,0.6800146780540786,0.9586037880458347,0.8912255724269597,0.8630379546636486,0.945635446715924,1.298,0.111,1.994,0.288,0.587,1.259,0.564,0.569,2.912,0.512,0.0221,2.925,0.6291,0.186,0.078,48.75,148.03,142.01,111.15,-0.601
0.2686650099302965,0.6437361193910929,0.447044134828954,0.7152873562943163,0.8639393167939231,0.9418479903815427,0.9405553059104973,0.8128141916639868,0.943120255693767,1.253,0.78,0.851,1.648,0.591,1.729,1.712,0.723,1.877,0.164,0.0183,2.134,0.3409,0.478,0.241,41.22,159.7,144.57,65.54,-0.778
0.34385015940245567,0.40522834868643187,0.39545210463850533,0.6412282494471072,0.9541226641927216,0.9904241777992516,0.7041636906630049,0.936135522601115,0.9358081525852092,1.205,1.229,0.449,0.705,0.639,2.815,0.485,0.841,0.752,0.209,0.0141,1.955,0.4715,0.436,0.48,6.65,233.65,6.96,6.49,-1.805
0.3839794813659209,0.3796043174204957,0.44221555994789374,0.654460318521635,0.9854695860260976,0.8959488967712724,0.4125962427290224,0.9314712799899266,0.9422691041037528,0.247,1.138,0.786,0.334,0.758,2.749,0.217,2.696,1.467,0.354,0.0114,4.782,0.4921,0.351,0.368,39.16,223.93,49.76,32.08,-0.565
0.3184707311898962,0.4525212844917429,0.4106650487945621,0.6703441308740714,0.9505126363075537,0.9075472839682999,0.9064347568170602,0.8237021707273408,0.9304633255327963,1.753,1.366,1.209,0.878,0.673,2.289,0.849,1.832,2.142,0.494,0.0236,3.468,0.708,0.214,0.115,15.08,246.49,96.06,10.64,-1.618
0.30189928463697757,0.5950511819665592,0.35863269199299197,0.7120646516892979,0.7786834518484365,0.9966190009298399,0.9693366088726771,0.8644857436398969,0.948948184868575,1.26,1.95,0.16,1.998,0.558,2.931,1.281,2.691,2.427,0.452,0.0437,3.066,0.605,0.166,0.329,35.95,102.5,46.6,22.97,0.702
0.4998236453281124,0.1288465823277185,0.3148640237291588,0.6073807960144564,0.9659455398057913,0.9078372406557833,0.22764431504293514,0.9258010506173187,0.9334603851252851,0.641,0.313,1.378,1.062,0.647,2.128,0.451,1.749,1.052,0.326,0.0092,2.796,0.5923,0.464,0.149,3.29,157.38,12.6,11.18,-1.404
0.2846704784117589,0.5800002107139077,0.43137159475923204,0.7004075548133468,0.8931315410152489,0.9814764349206968,0.9454606761599235,0.8039141695942065,0.9250576884956578,0.938,0.657,1.694,1.948,0.469,1.002,0.529,0.934,2.263,0.306,0.0248,3.209,0.2126,0.251,0.09,25.11,123.81,41.56,8.26,-1.949
0.4025941189357304,0.357123413381387,0.3775325436032654,0.6435132298177239,0.9315845328723308,0.962456839233508,0.4034370458941313,0.9356133707022212,0.9480945253735311,1.856,0.917,0.57,1.003,0.403,2.215,0.145,0.745,1.217,0.277,0.011,4.264,0.5267,0.496,0.404,31.41,99.21,53.69,11.12,0.206
0.3362257154625351,0.4531447283011921,0.37164215008269197,0.6624411762821609,0.8986204617751932,0.9873578720113282,0.7483754528979001,0.8601515864988398,0.9430658883865457,0.348,0.559,0.108,1.465,0.754,1.752,0.634,1.321,2.879,0.249,0.0211,2.796,0.4917,0.471,0.411,2.32,186.63,54.5,15.86,-0.687
0.25013527424636306,0.5836385660044383,0.5361671929844092,0.6954305097395834,0.9389210510638965,0.9677889463802111,0.9146358978545177,0.9481252515808501,0.9326594998456148,0.332,1.753,1.327,1.679,0.765,2.789,0.002,1.8780000000000001,2.852,0.182,0.0161,2.513,0.5193,0.379,0.497,7.38,211.26,87.69,42.03,-1.5
0.37980112978788294,0.5102688039055521,0.2072662741473449,0.6593357756492917,0.6834484398412688,0.9000232989723409,0.8609612001554576,0.8072898371242486,0.945168973242266,0.663,1.032,1.463,1.747,0.728,1.307,0.08,0.695,0.936,0.1,0.0441,3.437,0.633,0.362,0.191,40.48,104.49,75.84,42.32,1.031
0.34421081439592205,0.6234721987476987,0.6361498366163167,0.7405034847660814,0.9784832071726158,0.890619255401048,0.2365813789761252,0.9304657554033462,0.9207536228724706,1.579,1.707,0.105,0.125,0.446,1.44,1.41,1.309,2.231,0.063,0.0168,4.725,0.0667,0.364,0.281,40.2,136.89,51.21,7.5,-1.982
0.2595501220525506,0.6286641444178879,0.4755869907220174,0.7106787912144321,0.8904718492816226,0.9130848227893905,0.9547579710637911,0.8664218912454683,0.9463024496286939,1.02,1.974,0.917,1.195,0.585,2.271,1.742,2.242,2.833,0.098,0.0252,2.799,0.1212,0.598,0.437,35.19,132.07,41.37,28.39,0.236
0.381665252256562,0.5122059096810208,0.17765952993568512,0.6620015332457962,0.6872569908645729,0.9590544711880067,0.8814324052150097,0.8751600086197879,0.9117446467180338,1.104,0.716,1.924,1.241,0.757,1.456,0.591,0.492,1.876,0.345,0.0391,2.369,0.7526,0.223,0.29,37.27,117.07,97.26,89.47,1.848
0.31937349089651385,0.6632542884354946,0.5125563859006526,0.7312842252586464,0.8976365729486732,0.9065972849604033,0.41190955279095454,0.8412271742096925,0.9497329925417705,0.267,1.111,1.93,1.553,0.461,1.06,0.455,0.114,1.691,0.131,0.0268,2.761,0.9218,0.339,0.361,3.85,223.56,84.08,75.9,0.54
0.43850617362325794,0.6179523167180687,0.21247607977131588,0.7091116420865423,0.6704792007844349,0.8896174568496195,0.27635793622738325,0.8034393974454799,0.933151286048611,1.552,1.06,0.648,0.267,0.59,1.925,0.966,1.228,0.772,0.086,0.0437,4.259,0.3864,0.276,0.382,4.17,224.47,103.29,54.04,1.729
0.4136969281303563,0.2721420316365244,0.40007315660586695,0.6267773372649357,0.8616897473150986,0.7653161294031235,0.5167861522441173,0.8280092506524672,0.9462049667573743,0.121,1.772,1.858,1.717,0.797,2.823,1.009,0.884,2.207,0.565,0.0097,2.312,0.6037,0.221,0.114,19.91,177.63,21.83,16.55,0.105
0.24572207007281688,0.5884971351646995,0.605981083176454,0.7187062941756852,0.9334061600310235,0.9367135611380815,0.8629882806771995,0.7941561282891552,0.9013126217300873,1.15,0.396,0.737,1.086,0.508,1.763,1.606,1.449,1.354,0.402,0.0084,1.142,0.7392,0.178,0.386,3.22,76.18,66.98,40.23,0.952
0.4300756512760657,0.5259913852111332,0.08057723342009093,0.6664624285555425,0.5804615667220301,0.8984445643947672,0.8882893700338407,0.6894223418297467,0.9435458212404169,1.619,0.394,1.854,0.734,0.636,1.058,0.546,0.6900000000000001,2.864,0.073,0.0495,2.642,0.056,0.675,0.4,9.79,90.96,79.45,9.07,-0.109
0.41116386994526066,0.5827228238375011,0.27413637865777407,0.7099416091114167,0.712638870237036,0.88659277540186,0.34048031287509406,0.8250664464085768,0.9205762531689987,0.885,0.33,0.711,0.408,0.444,1.462,0.016,1.078,1.847,0.055,0.0098,2.307,0.751,0.678,0.26,14.85,233.76,88.5,38.73,1.62
0.45935732393093415,0.18376954150756541,0.1539015755632086,0.596283997151581,0.7428956679077484,0.9961541894711321,0.9098755869614474,0.7454109835730174,0.9374181553420733,0.302,1.699,1.487,1.441,0.574,2.031,0.439,1.268,0.948,0.266,0.0377,1.11,0.5307,0.373,0.148,2.79,81.36,9.67,9.5,-1.343
0.29078954482995195,0.4862474659018182,0.5110798029886492,0.6810248750706758,0.9787287055596658,0.983075100816928,0.7482514045189002,0.9424580935999135,0.9343389544760491,0.279,0.193,1.297,1.555,0.797,2.586,1.602,2.361,2.499,0.203,0.0124,1.55,0.845,0.414,0.153,17.59,70.19,69.63,15.030000000000001,-1.657
0.26719490105362026,0.6567847574459966,0.5050450564419362,0.7324891568396192,0.8898792369845623,0.8960738240215762,0.7156430138898997,0.8272249395585037,0.9437112662311445,0.111,0.458,0.111,1.245,0.784,2.952,0.248,0.129,2.802,0.076,0.0384,3.275,0.4249,0.425,0.476,3.76,164.46,33.29,18.26,-0.34
0.43237304255566733,0.5522518096299331,0.0872924097631016,0.6805510022743345,0.5561459569383831,0.9905858927873202,0.6758142623953225,0.7726005120321378,0.9218438903474517,1.173,0.233,0.663,0.414,0.482,2.617,1.83,1.777,2.123,0.553,0.0275,4.613,0.9543,0.105,0.106,23.67,143.12,109.53,24.61,-1.846
0.29836993564080777,0.5091732607519022,0.4165606260682848,0.6986700918008,0.8461066623844642,0.9427286045225122,0.9852345021961885,0.9004219793890649,0.9453385954467544,0.244,1.219,1.906,0.277,0.519,1.908,0.824,1.35,2.84,0.551,0.0338,4.195,0.075,0.189,0.226,12.28,76.46,56.4,49.61,0.859
0.31707084659032986,0.4959574620345292,0.3859733797159821,0.6582691764565087,0.843460332594027,0.9154755940819436,0.9678566062265057,0.8560593086864781,0.9452032413567836,0.865,1.191,0.899,1.78,0.756,2.501,1.045,0.115,2.266,0.122,0.0261,4.216,0.1384,0.369,0.057,8.22,53.81,50.43,28.41,-0.261
0.3692351441811608,0.6285730227775999,0.3829703117279547,0.7246707657162682,0.7947170053365412,0.890717522058113,0.3512015830534576,0.8748566793891537,0.9258184233790946,1.659,0.459,1.245,1.267,0.433,1.505,0.895,0.801,0.451,0.074,0.0148,3.547,0.1244,0.488,0.224,44.43,185.69,87.43,32.64,1.824
0.3610910278987097,0.5881765556313447,0.2764831411511556,0.691588290584063,0.733559026717264,0.8943310980951285,0.6215926493953124,0.8388559584758722,0.9401282005236968,0.781,1.469,0.56,1.727,0.791,2.605,1.19,1.909,2.831,0.097,0.0447,3.731,0.9575,0.264,0.282,39.11,145.53,140.13,134.04,1.458
0.2795180726924194,0.5438575445362901,0.5281871644585701,0.6911089571168731,0.9735174018577564,0.9292726513806143,0.8217132865068358,0.7721971129873568,0.902164104361618,0.977,0.251,1.083,1.757,0.753,1.472,0.866,1.305,1.78,0.125,0.0051,1.861,0.3976,0.576,0.199,22.71,101.79,42.46,15.54,1.736
0.4061804693310296,0.5909949233603777,0.14615765770911748,0.6949225126201991,0.6271505495711748,0.8986089641398245,0.7914844666363199,0.6343448942484995,0.9369351210093142,0.713,0.58,0.447,0.298,0.73,2.437,1.991,1.36,0.49,0.075,0.0317,4.261,0.9214,0.614,0.209,35.43,166.92,165.03,80.07,-1.07
0.4498941273923629,0.3276775159695037,0.08393849036697032,0.6448651243568084,0.6123324171540281,0.9347365544269857,0.9601092430315232,0.795377292820235,0.9373612090466005,1.896,0.991,1.269,0.117,0.748,2.259,1.412,0.773,2.646,0.462,0.0399,2.051,0.8975,0.293,0.183,24.37,141.48,113.66,28.9,0.72
0.3279589365757357,0.5122765745203154,0.5004321086048618,0.678019457888851,0.9004817087647031,0.8960317371191163,0.7027570446282763,0.6151085269024441,0.8898423188874112,0.983,0.937,1.367,0.572,0.747,2.959,0.754,0.295,1.789,0.395,0.0084,1.413,0.4363,0.246,0.416,3.58,108.41,66.21000000000001,13.36,1.675
0.2066032869141009,0.6503643424512169,0.6582726309329702,0.7407196754219243,0.9801120353927191,0.9413252724963906,0.8396875953896299,0.9439961534677705,0.9494468782851311,0.221,0.218,1.611,1.646,0.734,1.297,0.021,0.754,0.246,0.174,0.0108,4.242,0.9781,0.309,0.404,42.81,212.87,173.32,49.64,-0.006
0.34875974441296737,0.6204214215795154,0.24880110279400114,0.706532479664584,0.6765595678001433,0.9588026948706916,0.9097256755258074,0.7547968202692584,0.9369204899190069,0.56,1.558,0.207,1.981,0.506,1.297,1.115,1.121,1.92,0.265,0.0314,1.513,0.7036,0.297,0.163,36.62,185.98,75.6,19.97,0.003
0.3369160834013241,0.6788437060087096,0.6667427533123098,0.7515440285972032,0.9762333778579908,0.9459569612936966,0.2105039063648887,0.9491573643129276,0.9471521727905914,0.765,0.769,1.111,1.307,0.439,1.208,0.375,0.185,2.483,0.367,0.0277,3.341,0.8912,0.12,0.443,13.53,119.72,50.44,30.35,0.068
