0.20073884931263317,0.7796452182180443,0.656315761181768,0.6937420284374954,0.7915715245185476,0.9745651150579892,0.9894633705726537,0.8861433391518324,0.9311818960422465,0.104,1.478,0.418,0.659,0.66,1.528,0.9500000000000001,0.999,0.993,0.115,0.0299,2.413,0.4044,0.674,0.418,9.63,9.838124439338063,55.5582020485464,103.19293744945432,0.93
0.285706131091372,0.8480946339199178,0.4654933303829729,0.7558572069841589,0.4897159883542047,0.9637255380683342,0.8980863875224786,0.918526215031533,0.9230867236431057,1.653,1.56,0.758,0.524,0.502,2.676,0.958,1.172,2.28,0.167,0.054,5.352,0.1117,0.226,0.5,10.7,10.578124439338064,121.3682020485464,243.75293744945435,2.414
0.5168308239085516,0.13669487491688181,0.4219702479380876,0.4332000885136076,0.8529605332119248,0.8369282467480678,0.4615503031273819,0.3724046964422061,0.9350416379560915,0.788,0.864,0.565,0.615,0.743,1.911,0.255,1.8780000000000001,1.636,0.498,0.0171,3.63,0.5031,0.675,0.099,40.37,9.748124439338063,155.10820204854642,90.14293744945432,0.212
0.39506742073606704,0.40969995854122876,0.37642357555994,0.525894941840354,0.6590635022768441,0.878312647752527,0.7293399970288502,0.719487723508154,0.9403396988572977,0.307,0.629,1.939,1.085,0.594,2.109,1.991,1.744,1.096,0.468,0.0339,2.616,0.1482,0.551,0.263,15.97,10.948124439338063,49.608202048546396,91.13293744945432,0.258
0.44912680365668584,0.2773266501208572,0.40634405709381427,0.46257937220608725,0.819482396519814,0.914117185576712,0.5917978583472423,0.5108045845911986,0.9343463644204703,0.101,0.44,0.921,0.766,0.532,1.709,1.014,0.872,2.501,0.349,0.0178,4.031,0.0458,0.711,0.184,19.38,11.558124439338064,224.2482020485464,51.54293744945432,0.486
0.5833263853120161,0.18694662074748303,0.04165053272134822,0.45883258596945076,0.33549164691923883,0.8657045270843879,0.603123091376202,0.52602651173505,0.9103510629333719,1.243,1.862,1.122,1.417,0.723,2.173,1.893,0.558,2.893,0.457,0.0153,2.921,0.3104,0.858,0.322,25.57,9.488124439338064,106.40820204854639,179.37293744945433,2.126
0.2113818391785901,0.6534925653038195,0.800597144630668,0.6480505359027947,0.9706595077795743,0.9294656464603279,0.7791900292306108,0.8836062022972985,0.925030604104916,1.065,1.712,1.042,0.595,0.782,2.272,1.292,0.079,2.865,0.37,0.0116,3.651,0.7562,0.547,0.323,22.38,11.488124439338064,112.79820204854639,84.59293744945433,1.969
0.14717039661511297,0.7590081183852521,0.8861455455624958,0.7296827087378084,0.9507067676239858,0.9897574737186782,0.8687879201939841,0.9358665376382849,0.9272181315177386,1.148,0.969,1.771,0.145,0.564,2.59,1.658,0.795,1.387,0.303,0.0182,1.933,0.2573,0.257,0.092,32.28,10.008124439338063,213.4682020485464,241.93293744945433,0.775
0.27736791343189726,0.5351884202708596,0.7262816939755159,0.5808986802227272,0.8858865699078844,0.8650084455680762,0.723294346191018,0.8073477346071907,0.9373842323046448,0.926,0.377,1.054,0.675,0.43,1.355,0.8,0.811,2.42,0.455,0.0196,2.67,0.0478,0.411,0.485,2.6,8.998124439338063,246.7282020485464,145.37293744945433,0.005
0.26159136217648005,0.615772085060907,0.7108001454847515,0.6140752883265548,0.7918034037166253,0.9651481050544314,0.9856152642600875,0.6565401517653526,0.9328976057394257,0.33,0.717,0.636,1.781,0.784,2.948,0.742,1.316,2.865,0.073,0.0058,5.632,0.1627,0.507,0.455,48.67,11.668124439338063,151.0882020485464,18.292937449454325,1.048
0.44854016877172015,0.4912951319553849,0.5381714749948987,0.5085646000455124,0.5551215572240226,0.8716959733475576,0.7888170157210694,0.20951337623077881,0.8900674065803269,0.73,0.998,1.354,1.129,0.401,1.163,0.253,0.253,2.169,0.471,0.0034,1.965,0.2601,0.233,0.103,12.96,10.488124439338064,168.6982020485464,86.75293744945432,1.893
0.4518873078398955,0.828584731062437,0.1406318247260977,0.7264902733658833,0.1374479714425596,0.9850147416100423,0.9690528453287218,0.8124197732073606,0.8972962589342052,1.956,1.802,1.155,1.947,0.511,1.332,1.062,0.065,0.25,0.217,0.0332,2.03,0.7046,0.492,0.127,16.75,10.078124439338064,155.2382020485464,162.04293744945434,1.791
0.3096358228955657,0.834507755360993,0.4191081483746476,0.7372198621534218,0.4534423075134344,0.9820298190358495,0.9729734033686505,0.8476576515969116,0.8993449021057859,1.056,0.761,1.828,0.842,0.444,2.701,1.521,1.242,1.124,0.201,0.0364,1.991,0.4391,0.506,0.335,33.18,8.698124439338063,113.98820204854638,148.67293744945434,1.614
0.1579703120894187,0.7830069436937293,0.8358215199212315,0.7274175366914457,0.9454895280446758,0.9762014568021559,0.9789204864524923,0.8324165146029323,0.8613318197162887,1.417,1.994,0.944,0.769,0.743,1.944,1.104,1.321,2.975,0.114,0.0089,1.03,0.1432,0.802,0.42,24.68,11.908124439338064,157.1982020485464,203.51293744945434,1.028
0.2208101931288678,0.7155725069765744,0.6458370092938084,0.6521406701250954,0.8483227319819995,0.9673897881874347,0.9764932054018369,0.8162132339000523,0.9342654533089425,0.769,0.568,0.619,0.734,0.522,2.276,0.718,2.021,1.83,0.092,0.0104,5.805,0.4049,0.832,0.317,35.88,8.788124439338064,85.63820204854639,167.05293744945433,2.114
0.20022569331391823,0.7276551656105177,0.684713894553114,0.6799992915787969,0.823670788538067,0.9691602764902744,0.9584674549060697,0.9183065698553992,0.9344005532338181,1.178,0.673,1.502,1.715,0.59,1.292,1.119,0.11900000000000001,0.396,0.146,0.0461,3.988,0.8743,0.346,0.464,32.05,10.858124439338063,135.9082020485464,129.11293744945434,0.47
0.25159943895223846,0.6915032144700493,0.5592634782042059,0.6520161917630714,0.7193879313600304,0.9802088591055449,0.9790560181554633,0.8897533938483593,0.9353567060025518,1.14,0.726,0.665,0.632,0.655,2.487,1.093,0.262,1.566,0.413,0.0346,4.046,0.2914,0.298,0.16,20.28,11.788124439338063,248.1782020485464,56.812937449454324,0.452
0.1572837486622445,0.7599704963902945,0.8101200729749932,0.7049183824673725,0.916065399427308,0.9656758707649292,0.941337094787703,0.9535790147137939,0.9421700500930777,1.616,1.201,0.28,1.381,0.543,1.04,0.6960000000000001,0.176,1.382,0.086,0.0195,2.266,0.2388,0.52,0.074,44.49,11.728124439338064,7.028202048546392,242.46293744945433,0.025
0.1723976408155061,0.8163933858821192,0.7226654419095824,0.7474092605174588,0.7880247291070124,0.9600555146995053,0.9032945602663868,0.9402679745818477,0.9376244388567266,1.48,1.404,0.363,1.037,0.569,1.121,0.924,0.326,2.254,0.073,0.0396,4.082,0.3428,0.446,0.478,23.65,11.848124439338063,234.04820204854641,175.36293744945434,1.51
0.4608406217837184,0.35369687605632005,0.30275877661623374,0.49419883678452137,0.6436941171196531,0.958062073539939,0.752693639702658,0.41258222799780986,0.9338787884684325,0.491,0.486,0.679,0.372,0.492,2.282,0.713,0.881,0.304,0.291,0.0263,5.59,0.0817,0.673,0.215,7.72,11.798124439338064,91.41820204854639,0.5329374494543245,1.103
0.1298980640175821,0.81631626726025,0.8413102099296704,0.7542515012990236,0.9223644219602234,0.9722997757107519,0.9475902122688435,0.9608986170699982,0.932152530450565,1.977,1.815,1.484,0.661,0.64,1.958,1.765,1.224,1.872,0.178,0.0321,5.703,0.1103,0.37,0.476,41.87,10.778124439338065,168.7782020485464,119.85293744945433,2.135
0.26386071800661776,0.7190290349900761,0.6297882383396625,0.6903797693894584,0.690814665621082,0.9573860498366005,0.6896131895905258,0.8026457450189457,0.8885840432283895,1.843,0.466,1.515,0.247,0.614,1.031,0.477,0.388,0.681,0.062,0.0375,2.43,0.6949,0.235,0.381,12.9,9.278124439338063,244.7082020485464,119.00293744945432,2.38
0.34186852883161334,0.8344762632506112,0.36073365069566254,0.7407577231669151,0.3746197058620908,0.9710781809574761,0.9487761953522992,0.8378356372419818,0.8957481197200314,1.848,0.3,1.138,0.256,0.429,2.714,1.31,0.244,2.351,0.145,0.035,2.112,0.2262,0.54,0.31,33.54,9.938124439338063,245.0582020485464,110.29293744945433,1.831
0.17285493388026898,0.7464745813776488,0.756124534948206,0.6954680422187974,0.8914420179630348,0.9980551798819658,0.9666347930205368,0.9282962031664344,0.9329385179425874,1.676,1.501,0.455,1.995,0.418,2.45,0.541,2.267,2.264,0.232,0.025,4.93,0.8006,0.487,0.307,8.33,11.308124439338064,28.50820204854639,161.42293744945434,2.084
0.4861594167272396,0.3345242285746539,0.4986119022380311,0.4733089886456483,0.9926467244553828,0.9768453565215787,0.6388180912980054,0.11458881057639347,0.9354955373514808,1.564,1.828,1.078,0.63,0.479,2.927,0.888,2.253,1.84,0.214,0.0021,3.682,0.2761,0.766,0.229,38.89,11.718124439338064,17.708202048546394,221.84293744945435,0.152
0.4463383675279329,0.8417813847606392,0.13526929156605616,0.7348456090877695,0.14590811469917975,0.9821551321703091,0.9723156600563134,0.8813406208311575,0.9224985903637115,0.451,1.929,1.09,0.209,0.68,2.196,1.109,0.23,0.825,0.278,0.0365,2.869,0.3171,0.311,0.091,44.83,10.298124439338064,55.3482020485464,74.58293744945432,1.695
0.3541685047277479,0.527622753356047,0.6060223225897321,0.5382476434126207,0.6452431825833048,0.9590802472707614,0.8950679052522421,0.48053306338155166,0.9406261231243146,1.493,0.323,0.936,0.714,0.635,1.92,1.772,0.915,1.4,0.322,0.0117,2.457,0.8822,0.254,0.483,16.46,9.638124439338064,230.4682020485464,149.89293744945434,0.194
0.21804492598435538,0.6737229292387014,0.6838765133813942,0.6560217887600844,0.8361592766232935,0.9307635538846779,0.9020133541307572,0.9025790572248608,0.9299483654101401,1.423,0.168,0.174,2.0,0.447,2.012,0.456,1.814,0.697,0.443,0.0195,3.762,0.1704,0.467,0.069,33.19,10.978124439338064,84.35820204854639,11.052937449454324,1.707
0.21296620805182656,0.6539789542300538,0.8178522562619037,0.6562882193504345,0.8734971640740132,0.9728131769732797,0.8243194306453119,0.8105893696232863,0.908848734721921,1.634,0.35,1.914,1.279,0.64,1.739,1.266,0.8,2.625,0.151,0.0134,1.221,0.8401,0.293,0.227,15.86,9.028124439338063,128.9282020485464,92.12293744945433,0.465
0.31971900392861713,0.7462021407694825,0.4123672338222215,0.6587978290779134,0.5451546047947535,0.9999632757856866,0.959610624803081,0.7267220958075294,0.9082343219364707,1.746,0.307,0.393,0.867,0.534,2.639,1.691,1.441,2.756,0.217,0.0189,3.05,0.4577,0.757,0.22,39.14,11.148124439338064,129.4982020485464,22.382937449454325,2.295
0.11362770440927254,0.8497441765371557,0.9097082599844768,0.7647719949813018,0.9761473740222485,0.9694534475196026,0.9329413443412775,0.9441866628257124,0.9099201188377496,1.781,1.66,1.499,1.852,0.651,2.478,0.11,0.101,1.772,0.118,0.012,3.138,0.2735,0.539,0.156,1.32,11.908124439338064,151.9882020485464,20.532937449454327,2.268
0.3823672235312574,0.8447934285117873,0.270758811671687,0.744860076237525,0.2779392814397438,0.9636389293248694,0.9081699515602472,0.894497678408841,0.9199870550665938,0.848,1.872,1.378,1.794,0.556,2.263,0.543,1.265,1.872,0.112,0.0353,4.133,0.7805,0.388,0.178,7.49,9.358124439338063,236.2482020485464,148.02293744945433,2.367
0.31711765749442455,0.6197827375651582,0.4323051866601325,0.600955023870875,0.65924146597801,0.9812378916753963,0.9899113252869315,0.7615497621589185,0.9292842568012697,0.387,0.675,1.263,1.217,0.466,1.244,0.137,0.67,1.17,0.222,0.0427,5.761,0.3173,0.284,0.186,46.51,9.998124439338063,7.598202048546392,139.33293744945433,0.443
0.16411804085243561,0.7241630492969859,0.8532085914524592,0.7009419996251045,0.9724298282058389,0.913528743280592,0.9140452771066017,0.9693409817074473,0.8911751881257887,1.314,0.2,0.462,0.536,0.678,1.531,1.128,0.359,1.398,0.472,0.0242,2.636,0.1694,0.451,0.496,27.19,9.598124439338063,241.7082020485464,220.68293744945433,2.359
0.18384468855695693,0.7694047535903572,0.7519130746553797,0.7194345081987168,0.8220629465756466,0.9581053691794787,0.8224974496779034,0.9087499571744666,0.9391543761472539,1.1,1.894,1.717,0.512,0.691,1.634,0.53,0.524,1.754,0.051,0.0482,2.904,0.0672,0.27,0.458,48.36,9.788124439338063,169.5282020485464,85.61293744945432,0.169
0.4066873026585246,0.27444087712048904,0.6348343478402323,0.5103824932012374,0.9564395904685258,0.8490149821558722,0.5552514085058535,0.5563370577161031,0.9342953655320403,0.909,0.858,1.657,1.457,0.699,1.188,0.35,1.12,2.32,0.478,0.0289,4.037,0.4761,0.538,0.466,7.43,9.178124439338063,40.5682020485464,127.08293744945432,0.297
0.37960459879035335,0.406521264856186,0.6206189634269397,0.5265465205637275,0.9573583875093182,0.9650957569385299,0.6478829240789634,0.4513379026596438,0.9333750144448965,0.698,0.393,0.109,0.273,0.497,1.484,0.676,1.239,2.03,0.256,0.0076,4.677,0.2998,0.601,0.167,37.47,11.438124439338063,205.5682020485464,28.112937449454325,0.451
0.1577251968691161,0.7951602126072052,0.7781571685002638,0.7231077607992286,0.8655096231534253,0.9741428768457477,0.9304116862276549,0.9506677027736079,0.928288438469176,1.905,0.112,0.484,0.229,0.702,2.532,0.305,1.318,0.648,0.129,0.0256,1.583,0.9395,0.507,0.202,2.93,9.788124439338063,106.52820204854639,228.33293744945433,0.399
0.1912898074389721,0.6791507089881182,0.8705740738891147,0.7007421302033973,0.9733696332719849,0.962511133293284,0.7893969063162911,0.8984076402184344,0.8366156350244444,0.658,0.23,1.148,1.318,0.618,1.271,0.505,0.678,0.33,0.074,0.0171,1.161,0.7052,0.536,0.293,44.73,9.148124439338064,12.538202048546392,15.852937449454325,1.885
0.17646174474731274,0.7278673765703864,0.7844944335752886,0.6951077740601417,0.9019965857381684,0.9504045829560275,0.9340842387894881,0.9097585694020465,0.8946476503832184,1.084,1.099,1.825,1.678,0.7,2.11,0.356,0.845,2.278,0.338,0.0241,1.465,0.4231,0.582,0.381,34.8,10.348124439338063,129.98820204854638,248.17293744945434,1.178
0.2557667809725591,0.7637000641199422,0.5282504554547418,0.6930809385890139,0.6348222113940389,0.9612195075457393,0.9223348150281155,0.9227965051024578,0.937569536344068,0.265,0.905,1.615,0.985,0.473,2.877,0.755,1.158,0.265,0.063,0.0449,3.413,0.9709,0.471,0.34,12.32,11.438124439338063,207.2482020485464,131.70293744945434,0.545
0.6191191182726713,0.1927464002999193,0.015199874235036548,0.4229965675807912,0.45243271857156087,0.9580930368959647,0.6415194318329678,0.17656573856073188,0.9374954720525057,0.334,1.002,0.838,1.165,0.591,2.21,1.78,1.033,0.397,0.28,0.0299,5.894,0.8349,0.82,0.492,43.43,9.278124439338063,19.918202048546394,114.90293744945433,1.667
0.1494486037329426,0.8194460030627113,0.7799100463629834,0.740858524969651,0.8649846088420234,0.9968882996084887,0.9800497045973969,0.9345193273263046,0.9130467230657142,0.424,1.575,1.14,1.304,0.646,2.98,0.073,1.343,0.569,0.256,0.0269,2.51,0.387,0.507,0.378,26.12,9.488124439338064,223.5182020485464,207.22293744945435,1.797
0.37225368877826476,0.43259436235065074,0.6379612409138339,0.5345716186145029,0.9356111180247595,0.9644937740927215,0.6612998284812228,0.4393386600304121,0.9331261857479393,1.208,1.547,1.697,0.429,0.765,2.997,1.048,2.789,1.222,0.243,0.0123,4.798,0.3662,0.597,0.493,17.54,10.688124439338063,18.498202048546393,163.02293744945433,0.553
0.15896967794945122,0.7506455565216021,0.8758633889026198,0.7137682751598637,0.9271129836032547,0.9620366252637305,0.8586428372773262,0.8910492891718245,0.9363691015846892,1.343,0.348,0.876,0.539,0.47,1.644,0.992,0.374,0.452,0.084,0.0178,4.141,0.4459,0.362,0.379,6.35,11.888124439338064,148.6882020485464,193.45293744945434,1.61
0.1974949301454912,0.6941884104568853,0.8208710949257564,0.6643101782791646,0.8972923588007888,0.9601904697671391,0.8394982552650454,0.823557131842489,0.931356893414202,0.682,1.287,1.768,0.347,0.653,2.779,1.033,2.286,1.619,0.06,0.0232,5.736,0.5484,0.357,0.299,5.45,11.098124439338063,83.69820204854639,127.58293744945432,0.627
0.5061784498722325,0.2905506450128612,0.33321431552589165,0.45043375246182704,0.8208377957062758,0.9948387313100794,0.7419634172982907,0.16580745885536285,0.9278710854068233,0.405,0.593,0.507,1.154,0.501,1.424,0.943,0.135,1.869,0.18,0.0295,4.975,0.2206,0.764,0.475,40.34,11.508124439338063,21.888202048546393,98.30293744945432,0.062
0.39283289100117735,0.6140065197519533,0.24741609259509567,0.5859242846106443,0.4821687637317761,0.9803643960682313,0.9822943446002526,0.7273168212271259,0.932881544646442,1.855,1.019,0.563,0.418,0.483,1.428,1.277,0.318,1.004,0.165,0.0517,3.74,0.8332,0.409,0.21,3.59,8.628124439338064,147.8482020485464,113.31293744945432,0.058
0.2935374946716439,0.5649094203586802,0.7060810552545276,0.5881316492602322,0.9528376186410953,0.9444016611899251,0.6756404036590922,0.6410623620737712,0.9319886174346156,0.908,1.17,0.886,1.051,0.69,1.84,0.381,0.542,2.747,0.297,0.0058,3.422,0.0674,0.637,0.383,13.47,11.928124439338063,30.868202048546394,218.84293744945435,1.534
0.5132731395794808,0.47515879904270786,0.06055267340303738,0.5354068178676954,0.32274110144790136,0.96716253417016,0.8981488038823153,0.49091873090381977,0.93342060056883,1.021,1.409,0.47,1.207,0.572,1.659,0.128,1.524,0.833,0.347,0.0648,5.793,0.7513,0.48,0.473,11.49,8.808124439338064,69.79820204854639,60.36293744945432,1.142
0.18746787617367716,0.6904232059072695,0.7868058270539084,0.6655794039657247,0.9674958132392577,0.9892011096599184,0.952513053847822,0.8552607357004843,0.9395901329967268,0.513,0.405,1.295,0.361,0.662,1.899,0.5720000000000001,0.397,1.416,0.18,0.0154,4.487,0.7595,0.569,0.179,30.42,9.608124439338063,74.26820204854639,174.40293744945433,1.348
0.2058182243519187,0.6950405189145595,0.7312614305719678,0.6465371349466835,0.9448695914047689,0.9935587892461825,0.9419406585536569,0.8045291472404779,0.9361890411166038,0.792,0.874,0.127,1.593,0.721,1.73,0.924,1.676,1.608,0.165,0.0214,2.261,0.4136,0.713,0.497,30.07,9.228124439338064,164.60820204854642,1.8929374494543245,0.604
0.37477165032149357,0.35297011373029785,0.6851734791183222,0.5344191170388501,0.9558135503934498,0.8402071248790568,0.5254079931581455,0.6362920761283175,0.9360147172502948,0.698,0.439,1.666,1.37,0.71,1.921,0.78,1.57,1.086,0.483,0.015,4.093,0.5543,0.503,0.275,5.26,11.628124439338064,47.8882020485464,198.26293744945434,0.621
0.15718225613411663,0.7514662644640471,0.8470078764178236,0.7021843241617747,0.9232387992712212,0.9653154378070881,0.974289751578951,0.891595052899073,0.9346367184651366,0.822,1.882,0.305,1.367,0.688,1.115,0.335,0.618,2.806,0.081,0.012,5.736,0.0224,0.521,0.349,9.04,9.958124439338064,50.148202048546395,60.272937449454325,1.829
0.24029281111342665,0.8232488493615703,0.5694300177527887,0.7313132462476776,0.6163770189092832,0.9628742449170953,0.8793691639199918,0.9248976966669388,0.9339397079531703,0.103,0.42,1.223,1.16,0.681,2.334,0.149,0.608,2.364,0.124,0.0552,4.06,0.9557,0.242,0.492,3.95,11.908124439338064,52.468202048546395,166.83293744945433,1.807
0.24656762791843406,0.757531575033791,0.5491677233820942,0.6744900860511389,0.6774177340556962,0.9646896031616602,0.9679306259502243,0.9082626153381521,0.9398581397832516,1.449,0.966,1.899,1.866,0.458,2.345,0.04,0.033,0.37,0.078,0.0339,4.191,0.9176,0.623,0.314,15.95,10.198124439338063,9.208202048546394,155.76293744945434,1.255
0.4986630864652665,0.7522578358946943,0.034226834211142254,0.6477738304012612,0.1697410143226772,0.9825113624378046,0.9887154653517327,0.5823969108615124,0.9162968834573004,0.556,1.33,0.631,0.996,0.685,2.929,1.296,1.479,2.793,0.138,0.0179,1.631,0.8901,0.882,0.083,45.91,11.138124439338064,184.4282020485464,144.27293744945433,0.864
0.3526478484842313,0.6561035175839347,0.34927978765967294,0.6192073466551632,0.5058567978856927,0.962945194477262,0.913359521243392,0.7763487847697506,0.928568853604161,0.792,0.916,0.675,1.59,0.651,2.959,1.108,2.16,1.384,0.345,0.0289,3.696,0.0468,0.598,0.247,47.95,8.888124439338064,82.46820204854639,121.28293744945432,1.729
0.16794556718525042,0.720939493943453,0.8138062894352182,0.6912559238306858,0.9491345644478767,0.955619532760973,0.927667740742233,0.9401250315101282,0.9336218872964517,1.831,0.999,0.352,1.952,0.701,2.771,1.027,0.955,1.69,0.364,0.028,3.272,0.5418,0.45,0.445,20.28,9.148124439338064,40.9582020485464,229.46293744945433,1.497
0.3001862303208782,0.585606400550849,0.6926845161628259,0.5871695400680015,0.7564739427667043,0.878471756831985,0.740183538912577,0.659374475304243,0.8366110881652038,1.849,1.204,0.946,1.608,0.454,2.341,0.245,0.454,2.355,0.406,0.0032,1.16,0.31,0.413,0.195,11.37,11.748124439338063,168.9582020485464,213.96293744945433,1.826
0.4998706069881547,0.5975468978459416,0.06903685791112746,0.5901082912536424,0.2115648664671137,0.9335095752650947,0.8659701324739838,0.6145600221277193,0.9014404378887773,1.978,0.783,1.873,0.197,0.538,2.357,1.266,2.241,0.454,0.357,0.0219,1.997,0.2525,0.775,0.144,44.39,11.848124439338063,212.5582020485464,36.60293744945432,1.593
0.4760447849897957,0.7928829959376626,0.09277593540369833,0.7099107360452399,0.10535255609831706,0.9706616809854763,0.9363889091684151,0.7822231539570385,0.8994194386572524,1.007,1.477,1.619,1.627,0.708,2.206,0.542,0.378,1.484,0.116,0.0612,1.132,0.8,0.584,0.455,18.43,8.908124439338064,227.7482020485464,230.01293744945434,0.538
0.3090509583271285,0.5416208368348309,0.5898613983662608,0.5602773772701951,0.923064687627545,0.9788353284259614,0.9082782404698585,0.5836102448711139,0.9347424405253216,0.644,1.114,1.501,1.716,0.585,2.301,1.037,2.112,0.289,0.117,0.0087,4.864,0.5255,0.819,0.105,31.2,9.578124439338064,27.09820204854639,140.86293744945434,0.929
0.18463774685996,0.8357599900199366,0.6775421780780012,0.7485865296919155,0.7459976875799165,0.971692846057208,0.9586473568549987,0.9222851224440646,0.9258507808052304,1.456,1.692,0.264,0.43,0.719,1.818,0.751,0.551,2.472,0.144,0.029,2.549,0.363,0.476,0.265,18.59,10.888124439338064,212.4682020485464,93.49293744945432,1.392
0.4320740226272469,0.5796628624620701,0.17675986468110338,0.5705934936446926,0.41688928089922117,0.9947298937802312,0.9548602969568092,0.6707793119256004,0.9349125822927695,1.509,0.701,0.279,0.248,0.735,1.774,0.14200000000000002,0.921,1.356,0.222,0.0498,4.739,0.6052,0.531,0.371,29.08,11.738124439338064,93.95820204854638,155.24293744945433,0.871
0.30284106250200404,0.730015183079901,0.4177569375187278,0.6539685665258106,0.5817040791342698,0.9666263711941924,0.981923851141413,0.8516461498296436,0.9396324057040043,1.93,0.334,0.537,0.876,0.579,2.696,1.188,2.52,1.262,0.081,0.0372,2.893,0.8321,0.741,0.361,12.56,9.498124439338063,215.6482020485464,167.87293744945433,0.351
0.17157181521850298,0.8088903705973074,0.716785103714398,0.7416901367482938,0.7942141116745841,0.9912917371686805,0.95201546993251,0.9510015891477657,0.9299248705309724,0.181,0.283,1.113,0.523,0.588,1.48,0.691,0.961,0.682,0.428,0.0391,4.704,0.8532,0.265,0.442,22.36,8.818124439338064,164.29820204854641,175.96293744945433,2.129
0.3233880270822495,0.49099557667061444,0.5287768840071114,0.5581613140627497,0.7885532966999851,0.8939576252377328,0.7721824723671087,0.7791216538223428,0.9396873745646214,1.693,0.461,0.748,0.208,0.511,1.398,1.222,0.319,1.44,0.45,0.034,2.886,0.4477,0.568,0.409,23.68,10.468124439338064,189.8082020485464,200.38293744945435,0.416
0.28876735332777465,0.6272366929372264,0.49724455964877423,0.6070049514524269,0.724403574102203,0.9698981750476792,0.9891264968035155,0.8015229174165874,0.9324636728145806,1.953,0.383,0.965,0.599,0.449,2.062,1.36,1.245,0.839,0.115,0.0318,5.495,0.6952,0.541,0.224,32.54,11.728124439338064,53.968202048546395,168.34293744945433,0.765
0.3111478766836452,0.8226645204001815,0.40384172894194315,0.7218982947091384,0.46648946813365577,0.9654693797714393,0.9797370412977593,0.8679016176457666,0.9186091350656604,1.71,0.842,0.463,0.718,0.759,2.899,1.358,0.632,1.96,0.089,0.0204,4.504,0.0018,0.757,0.133,7.5,10.398124439338064,203.1782020485464,173.77293744945433,2.446
0.23154817603744554,0.6262708315685752,0.7120034635776992,0.6177919831653751,0.9024848718306959,0.9711478874437026,0.9667171024219041,0.7913506828167889,0.9276531638787922,0.919,0.318,0.987,0.692,0.506,2.06,1.75,1.774,1.177,0.094,0.0186,5.02,0.6143,0.596,0.072,1.98,11.798124439338064,105.02820204854639,166.17293744945434,0.086
0.2422013398679651,0.6408413430673721,0.7681662225733867,0.6357418119179292,0.7986812514633286,0.961319499429021,0.8340723776762805,0.7174281950571828,0.933203120994405,0.673,1.603,0.541,0.833,0.564,1.755,1.493,0.469,0.6,0.094,0.0094,4.844,0.8359,0.251,0.171,35.85,10.218124439338064,145.0582020485464,150.83293744945433,2.079
0.46898972369058844,0.48092459287661504,0.5194491492989031,0.5078903288146572,0.5187221931336028,0.9936135804200524,0.9291192611439547,0.11867321127631814,0.939663782393679,0.319,0.527,0.696,0.679,0.619,2.597,1.295,1.376,0.854,0.186,0.0061,4.47,0.8032,0.242,0.481,12.13,11.868124439338064,237.4282020485464,195.51293744945434,1.416
0.21334174864761654,0.6650066947522016,0.7932217021202317,0.6433830483979219,0.8579292666440922,0.9701104114157195,0.9268742474332847,0.7829016240803527,0.9083069074253423,1.293,1.798,0.723,1.919,0.565,2.249,0.708,1.921,0.909,0.375,0.013,1.864,0.9514,0.272,0.302,28.18,9.158124439338064,65.08820204854639,76.26293744945433,1.456
0.5030682225181078,0.8099201875231326,0.02481844776935327,0.7004150467772843,0.05982637633576626,0.9741444587795898,0.9880920387816806,0.7622905841885457,0.9192656492624119,1.892,1.332,0.29,0.971,0.437,2.206,1.409,1.206,1.159,0.142,0.0567,1.957,0.1652,0.588,0.462,19.9,11.598124439338063,237.0182020485464,120.09293744945433,1.08
0.5007778923139846,0.26702554429445735,0.49599660698309833,0.4644208582866629,0.9578997906234715,0.9836481986380863,0.6731344808824027,0.09797011506315989,0.9253461349212155,1.473,0.888,0.345,1.783,0.401,1.667,1.252,0.211,1.283,0.2,0.0206,5.951,0.136,0.722,0.458,13.7,9.788124439338063,49.248202048546396,1.1529374494543245,0.197
0.2704093312573647,0.5459632300313434,0.6499064319292523,0.588535834594424,0.8895126057172689,0.9262663099632724,0.8669968816216482,0.7822808456391962,0.9350660633282784,0.757,0.257,1.184,1.881,0.639,2.359,1.84,2.155,2.404,0.421,0.0308,3.72,0.7274,0.445,0.336,25.1,10.598124439338063,162.3382020485464,220.72293744945435,0.229
0.15434013352294376,0.774251536413733,0.8173395637493099,0.7230602801414663,0.895329978024983,0.9760173700687461,0.8909012946450053,0.9500433724060608,0.9398748794637404,1.944,1.961,0.663,1.477,0.61,2.232,0.384,0.406,1.197,0.238,0.0426,2.664,0.1338,0.238,0.491,14.62,11.028124439338065,175.2682020485464,73.94293744945432,0.24
0.37340200902949466,0.5987210507470426,0.2938419332014449,0.5868634806261732,0.5318564791202207,0.9712430055246932,0.9811289845465075,0.7548087310293176,0.9321288408609159,1.265,0.915,0.791,0.284,0.778,2.621,0.416,2.324,1.813,0.484,0.0595,4.04,0.7478,0.267,0.305,26.41,8.908124439338064,218.66820204854642,174.53293744945435,0.059
0.15650985681490473,0.756018052577247,0.8533718347225336,0.6978477005114216,0.9567682104535493,0.9905673227567627,0.9488737389370734,0.8818993327844171,0.928445577073802,1.53,0.557,1.305,1.581,0.778,1.985,0.658,0.647,0.35,0.272,0.0144,5.382,0.5117,0.407,0.116,2.46,10.438124439338063,33.248202048546396,147.00293744945435,2.237
0.3965609961289004,0.8309258887410529,0.24931870924526622,0.7431932794333074,0.24910642445838216,0.9631854430591166,0.9054399954920561,0.8638317071113951,0.914285530641657,0.526,0.832,1.771,0.855,0.736,2.432,1.46,1.39,1.612,0.104,0.0579,2.159,0.7922,0.439,0.491,49.6,11.008124439338063,190.6582020485464,132.93293744945433,1.6
0.23190194943551568,0.7488315013020679,0.5866331245864107,0.6814084471422233,0.7195481308047728,0.9731559046968395,0.9732521681958297,0.8965639151157193,0.9369015001280625,1.447,1.214,0.65,0.822,0.606,2.099,0.702,1.039,0.303,0.154,0.0331,4.571,0.9968,0.423,0.23,11.65,11.538124439338063,199.5582020485464,169.52293744945433,1.184
0.19248110270334157,0.6927984917501938,0.7874418128097759,0.6795487403346869,0.9165124246994921,0.9243628836507065,0.8857899459082375,0.8893954725090101,0.8727970393694565,0.76,1.432,0.806,1.358,0.425,2.515,0.785,1.018,1.18,0.389,0.018,1.907,0.2217,0.621,0.39,49.99,9.658124439338064,69.5382020485464,21.462937449454326,2.237
0.3073535781653333,0.7853034654905835,0.40423994413313336,0.6977162524868485,0.5024811164997458,0.977864449551515,0.9642045162673865,0.8975486214619016,0.9405269613368892,1.526,0.428,0.655,1.087,0.5,2.518,0.393,0.6,1.445,0.268,0.0694,2.774,0.0288,0.238,0.492,17.59,11.778124439338065,217.8382020485464,245.04293744945434,0.377
0.19368663861189042,0.6729048426223632,0.7618750332558424,0.6612158660373115,0.9184955774840188,0.9524777174234481,0.9274952583783284,0.9373638709633894,0.9402913727065948,1.718,0.739,1.468,0.203,0.417,1.311,1.282,0.415,2.56,0.347,0.0247,1.896,0.4134,0.436,0.211,11.48,8.808124439338064,28.568202048546393,52.312937449454324,0.077
0.28359476798120065,0.8468793093205745,0.462429404403468,0.7540076990529209,0.4969504031689618,0.9717732895324197,0.9281223735741713,0.9218317324958901,0.9269567194041806,0.442,0.162,1.727,1.625,0.645,2.318,1.588,2.29,0.418,0.267,0.0333,4.446,0.0134,0.22,0.156,49.66,9.808124439338064,112.7282020485464,49.44293744945432,2.013
0.4531145416636091,0.8100612621426295,0.11821551163568667,0.7046785283196267,0.16255819424848839,0.9853687505049327,0.9883878614103564,0.8169516084477302,0.9193618183035063,1.566,0.543,1.072,0.186,0.642,1.068,0.8270000000000001,0.801,2.324,0.21,0.0539,1.931,0.0462,0.496,0.408,27.37,11.928124439338063,72.90820204854639,159.13293744945435,1.03
0.3079418243512898,0.5299028159972924,0.6596528585955909,0.5669637924295543,0.8480774194343557,0.9914743105401933,0.8856559965754173,0.5603172360428867,0.931233733303565,0.649,1.276,1.852,1.547,0.629,2.725,0.078,2.11,2.572,0.149,0.0119,4.233,0.6693,0.518,0.47,18.35,8.748124439338063,52.4482020485464,2.9329374494543243,0.098
0.18845975539521106,0.7884011106862623,0.6791910336011724,0.7139643065165391,0.7907806327426872,0.9742925586628293,0.9840077369135224,0.9219121439324887,0.9380270019909929,0.946,0.929,0.168,1.538,0.701,2.669,1.565,1.431,0.641,0.163,0.0328,3.608,0.6188,0.446,0.36,48.38,11.708124439338064,120.84820204854638,28.732937449454326,1.347
0.19234255499700081,0.6914200123104297,0.8298187320123911,0.6704113953324844,0.8944062681029926,0.9716328643557571,0.8466239014750339,0.8476159521832937,0.933265523372036,1.539,1.491,1.123,0.309,0.75,1.767,0.412,0.415,1.018,0.2,0.02,4.294,0.4302,0.211,0.194,26.5,9.558124439338064,173.6482020485464,81.22293744945432,0.293
0.5310238300465107,0.4006849829555318,0.06881773694330973,0.553021383025762,0.2010094764243272,0.8498414897390345,0.7221388429720277,0.716478201762847,0.8937135179269826,1.074,0.482,0.458,1.287,0.663,2.795,1.756,1.283,2.361,0.491,0.0436,1.284,0.0167,0.662,0.421,42.49,11.558124439338064,20.588202048546393,63.632937449454325,0.896
0.5053024836417757,0.6405706082411141,0.013048957230397673,0.5986539460934731,0.16841159884035994,0.9791328004064092,0.9778703182125246,0.7140890222675127,0.9360095525896238,1.529,0.731,0.964,1.136,0.534,2.871,1.703,2.793,2.657,0.146,0.0385,5.44,0.1931,0.616,0.113,1.13,9.318124439338064,164.4982020485464,175.81293744945435,1.188
0.12274609522819643,0.8099189437523143,0.8768479022464364,0.7601279552785551,0.9576076731386702,0.9638387285763316,0.9488257769810235,0.9693106138650684,0.9290662299370683,0.48,1.232,1.047,1.579,0.481,1.718,0.093,0.206,1.106,0.106,0.0273,5.941,0.558,0.435,0.498,43.8,9.288124439338063,136.9782020485464,233.37293744945433,2.324
0.16583035129802218,0.7163902278564284,0.8336439806015197,0.6916422698069888,0.923424700770385,0.9735399860893347,0.9837944240262962,0.9212828367018455,0.9385068768139391,0.82,0.148,0.567,1.843,0.423,1.183,0.222,0.054,2.502,0.125,0.0155,3.606,0.5003,0.485,0.496,28.8,11.868124439338064,246.9882020485464,159.43293744945433,1.05
0.29885004073249444,0.6229488646392427,0.681366085824467,0.5928816246837263,0.6959159905368922,0.9748258281277796,0.928233887483823,0.549563305454202,0.9375031291419418,0.789,0.442,0.953,0.396,0.789,2.802,1.016,2.295,1.808,0.144,0.0121,3.337,0.2065,0.277,0.449,43.47,11.538124439338063,11.658202048546393,118.63293744945432,1.19
0.16249464439400232,0.7980421284797207,0.7938776888748403,0.7365842512401354,0.8652625526015848,0.9906946443122584,0.8508815249562531,0.9097974503071489,0.9001939831463688,0.757,0.129,0.885,1.382,0.452,1.765,0.857,0.964,1.839,0.379,0.0277,2.955,0.1912,0.23,0.301,10.04,10.078124439338064,185.0982020485464,154.33293744945433,2.394
0.2007702581553753,0.6684154070553798,0.8028254183458712,0.6477550820244693,0.8867854888815019,0.9473346687046392,0.9341974305480243,0.8396306681021697,0.9373304786854029,0.738,0.923,1.535,0.857,0.438,1.989,1.926,1.818,2.653,0.437,0.0129,3.869,0.4039,0.282,0.232,22.13,10.438124439338063,104.37820204854638,213.90293744945433,1.471
0.4356167693953755,0.3320433765598776,0.38875328748517957,0.49326546239484304,0.7317814427798841,0.9164753604370063,0.7292862882416301,0.4663569724832364,0.9325543339756109,1.751,1.968,1.279,1.779,0.585,1.324,1.247,0.562,2.849,0.416,0.0405,5.904,0.5921,0.6,0.482,45.1,9.958124439338064,121.79820204854639,137.35293744945434,0.881
0.23078924103110673,0.6923408570930661,0.6226070688261377,0.6367992239429119,0.8330866500668838,0.9651428577832779,0.986382395811495,0.8455165489707186,0.9368386888368239,1.513,0.363,1.4,1.28,0.709,2.301,0.642,2.083,0.977,0.071,0.0103,5.278,0.3166,0.87,0.195,37.35,9.738124439338064,24.768202048546392,82.99293744945432,1.237
0.3521608516881696,0.6894026710110093,0.3191793148512573,0.6345412174866387,0.4857747526942794,0.9686781094995117,0.9747042544403939,0.829864252862641,0.9400351529002963,0.403,1.368,1.547,1.485,0.753,1.022,0.217,0.612,1.689,0.397,0.0569,2.827,0.2949,0.385,0.395,39.34,9.988124439338064,246.38820204854642,205.40293744945433,0.22
0.2259441606383979,0.7343208997147492,0.6136024227709757,0.6814702427510946,0.7461222867900015,0.9912291494715171,0.9686964178368915,0.8694369512288548,0.932925515294978,1.236,0.303,0.497,0.537,0.797,1.396,0.544,0.554,2.699,0.305,0.0329,5.76,0.3573,0.469,0.375,38.82,11.958124439338064,93.71820204854639,153.21293744945433,2.168
0.16364710866220888,0.7128843965412178,0.8480150537129052,0.6891667807765898,0.93914353994346,0.9998596236967268,0.9738413595176365,0.9385205377222368,0.9373629632097922,0.259,0.235,0.307,1.441,0.447,1.406,1.324,1.065,2.929,0.229,0.0143,1.94,0.7992,0.377,0.162,37.19,8.658124439338064,57.508202048546394,142.51293744945434,0.398
0.6088808074518429,0.20287768129071848,0.048735705219690284,0.4457439748449963,0.41593350060541134,0.919335903163396,0.6686107003315178,0.1897860087903357,0.9331175746812009,1.822,0.738,0.177,0.191,0.674,1.118,0.767,0.032,1.427,0.389,0.0311,5.907,0.4162,0.63,0.123,17.54,9.798124439338064,64.80820204854639,84.96293744945433,1.011
0.3426648615106349,0.6577869303438869,0.3541675455774971,0.6063077178529579,0.5843037450965076,0.9853237936729113,0.9803392461084929,0.7305552765432624,0.9356188719684441,1.894,0.945,1.689,1.474,0.591,1.687,1.116,1.413,2.395,0.166,0.0548,2.75,0.6239,0.617,0.486,31.49,8.648124439338064,168.4482020485464,133.82293744945434,0.005
0.2980348542360657,0.6888192830162903,0.5030066665084818,0.6272231747577486,0.7082112365298867,0.9952272378052918,0.9620921493299679,0.6311194288137093,0.9284005696016107,0.23,1.791,1.087,1.195,0.712,2.609,0.285,0.882,2.377,0.168,0.015,2.787,0.0103,0.859,0.308,1.61,11.018124439338063,233.35820204854642,166.27293744945433,1.323
0.17390456251853298,0.7074865781725372,0.8266524386699391,0.6813969932226143,0.932969741691376,0.9947104875357975,0.9489581840144458,0.8842647748736114,0.9344250334576626,0.547,1.533,0.448,1.863,0.561,2.673,0.87,0.979,0.87,0.273,0.0326,5.151,0.196,0.289,0.499,7.89,8.898124439338064,112.9282020485464,84.75293744945432,0.983
0.18452269554963874,0.711784003490882,0.817876322024804,0.6679857134470327,0.8955963197683938,0.9808507284874257,0.9501670662685504,0.8317868694714085,0.9377728469787752,0.853,1.744,1.266,1.878,0.774,2.106,0.518,0.197,1.857,0.323,0.013,3.712,0.5926,0.327,0.202,31.53,10.628124439338063,51.15820204854639,247.91293744945435,1.427
0.16288630692719516,0.8094120794220775,0.7506819866798233,0.740331595678281,0.8275126213837484,0.9839558828533069,0.9603337836278742,0.9454573381292897,0.8914317529211531,1.385,1.307,0.988,0.479,0.748,2.666,0.359,1.607,1.945,0.347,0.0249,2.529,0.7664,0.431,0.26,28.2,8.948124439338063,195.4882020485464,122.91293744945432,2.403
0.3272173391675361,0.6933558485599686,0.3882778629133622,0.6446353484599965,0.5341420216728546,0.9603244788651534,0.9488729234719768,0.8097628644691485,0.9318171311909806,1.798,1.742,0.414,1.522,0.656,1.466,0.976,0.992,1.909,0.335,0.0477,1.675,0.4009,0.532,0.425,16.69,11.798124439338064,240.5682020485464,46.93293744945432,0.238
0.5074386665366375,0.5384217965139019,0.02433729423842712,0.5704376461021856,0.224168428771225,0.9526963792651268,0.9550797177194394,0.6838516638969108,0.9341503871893493,0.211,1.651,0.856,0.557,0.504,1.397,0.258,0.769,1.748,0.483,0.0567,5.07,0.4254,0.328,0.228,1.72,9.538124439338063,72.2582020485464,210.47293744945435,0.768
0.27321143995675407,0.5790349762797516,0.6942372154624445,0.5971859775056856,0.9569126918890665,0.975958115215841,0.7916526999198319,0.6641718544768886,0.925362945238063,1.957,1.919,0.127,1.161,0.567,2.811,0.207,1.184,1.742,0.246,0.0089,4.401,0.8723,0.736,0.214,8.03,9.668124439338063,97.3182020485464,52.732937449454326,2.237
0.35874265321199306,0.43593468446488437,0.592085678517519,0.5266617057244374,0.9798855211485636,0.9324979336666198,0.6673419233552373,0.5509386240358158,0.9393470641920705,0.74,0.904,1.254,1.73,0.421,2.096,1.551,0.603,2.573,0.287,0.0069,2.626,0.5545,0.778,0.474,3.56,10.018124439338063,136.5082020485464,121.45293744945432,0.691
0.2512884535924457,0.8357890663338513,0.5269826878130197,0.7409037240060947,0.5839956534515038,0.9963908497411987,0.9823890775579341,0.9163462749042355,0.9166640890818462,0.741,1.523,1.798,1.836,0.465,1.131,0.113,0.901,1.952,0.297,0.038,3.202,0.4336,0.42,0.385,43.69,9.508124439338063,55.6682020485464,89.68293744945433,2.046
0.19390139197413891,0.6910258277789348,0.739800428456252,0.6664884371277244,0.8846282051694785,0.9611515031836154,0.9602174789249638,0.9213728872200986,0.9383684238330592,0.455,0.235,1.209,0.981,0.674,2.47,0.457,0.771,1.535,0.421,0.03,2.9,0.8065,0.311,0.235,11.43,9.698124439338063,151.88820204854642,103.58293744945432,0.161
0.1997579947634359,0.6703900025489142,0.7780947222955401,0.6537041523042957,0.9125914418393842,0.9782818076666425,0.9609618980374693,0.832358138465288,0.9393301401882329,0.17,1.587,0.737,1.925,0.543,1.31,0.769,1.014,2.413,0.129,0.0102,4.319,0.8902,0.539,0.458,29.96,11.778124439338065,156.0982020485464,133.84293744945433,1.305
0.12500801054040234,0.80681436271212,0.8905275166230413,0.7498298638427264,0.9787928337041213,0.9928230283275119,0.980760896114393,0.9562644211840681,0.8983052965942246,1.916,0.271,0.299,0.201,0.69,1.337,1.208,0.912,0.212,0.199,0.0152,1.79,0.1581,0.537,0.227,30.17,8.748124439338063,228.9682020485464,239.09293744945435,1.419
0.2787518459015055,0.6045552124878315,0.7464390572788712,0.6185428865456707,0.7834263518082876,0.957907418501001,0.7457890132041285,0.6299767814072252,0.927714917963055,0.805,1.608,1.738,1.303,0.425,2.679,0.157,0.422,0.895,0.062,0.008,5.996,0.0426,0.241,0.1,42.83,11.238124439338064,172.04820204854641,185.65293744945433,2.274
0.4468142600531548,0.46960543612349015,0.5374081175757005,0.50312455243873,0.5648169627025152,0.869339128678341,0.7323656914957841,0.24533114544736,0.9143304717846482,0.943,1.16,1.669,0.659,0.502,2.828,0.926,2.241,2.836,0.444,0.0041,1.401,0.5939,0.265,0.335,49.36,10.998124439338063,229.0882020485464,94.24293744945432,0.542
0.14650547263574654,0.7724151426631992,0.8793273787775528,0.722207806639384,0.9602412307119339,0.9824601953499275,0.9000671470941597,0.9009568078081722,0.9193709536701209,1.302,0.523,1.799,0.884,0.753,1.292,0.54,0.136,2.409,0.459,0.0191,3.607,0.7676,0.253,0.216,45.98,10.698124439338063,161.9782020485464,136.28293744945435,2.163
0.22090697649838562,0.8478827946739628,0.5916616223862087,0.7575851488185529,0.6429260787223975,0.9669542650229506,0.9513838156729235,0.9336567715864711,0.9200278794086008,1.127,1.754,0.296,0.37,0.6,1.623,1.581,0.432,1.318,0.143,0.0352,4.314,0.5045,0.394,0.356,23.37,10.088124439338063,90.2282020485464,93.77293744945432,2.379
0.32975616472106173,0.8049750182558453,0.36266883459204424,0.7165459985018325,0.42875082902602224,0.9632521084530412,0.9291461043756353,0.9056575654510877,0.938809280531363,1.482,0.339,1.434,1.87,0.509,2.365,1.12,1.6620000000000001,2.141,0.154,0.0553,3.874,0.1743,0.2,0.374,43.3,9.148124439338064,200.8182020485464,229.29293744945434,1.066
0.40472953753968544,0.32532510063981745,0.5809891112147862,0.5037204169928909,0.9574396624604773,0.8920777366492556,0.5053137247046923,0.5858700173376179,0.9389961604812598,0.943,0.286,0.7,0.33,0.407,1.678,1.634,0.678,1.833,0.385,0.0069,3.766,0.2192,0.715,0.208,13.29,10.138124439338064,198.7882020485464,11.032937449454325,1.269
0.21032858715394862,0.8498628848176542,0.6133296659655398,0.7573959060864036,0.6684679615101968,0.9751228660350336,0.9542941380360273,0.9390382535103988,0.9184197025028297,0.352,1.764,1.383,1.898,0.769,2.055,1.833,1.2590000000000001,1.737,0.197,0.0282,3.755,0.9979,0.371,0.172,25.01,10.868124439338064,38.4582020485464,130.63293744945435,2.341
0.19431819189085986,0.705414913880561,0.7282468711945913,0.6706855450251323,0.8685008396643916,0.9613120487006017,0.9502901955159498,0.9159341079025443,0.9316523172137816,1.965,1.708,1.994,0.794,0.517,1.716,1.575,0.069,0.297,0.065,0.0265,5.283,0.1839,0.535,0.255,32.88,9.518124439338063,73.8682020485464,94.14293744945432,0.576
0.5453896411630451,0.060461633436978524,0.38509923244808497,0.4262225775381059,0.8446096860523196,0.8269291742443519,0.3816179240134012,0.40994090696756036,0.9301625227508941,0.514,1.298,1.31,1.245,0.781,2.689,1.574,1.872,1.498,0.488,0.0055,2.971,0.9099,0.804,0.283,28.96,9.188124439338063,66.07820204854639,6.252937449454325,1.533
0.28710346551372345,0.7207240043178664,0.47329271882505297,0.6526053243826856,0.620638445747862,0.9730022255259573,0.9573452986179247,0.8204985984789677,0.9318512549158122,0.968,0.405,1.269,1.198,0.432,1.677,1.432,0.64,1.946,0.315,0.0244,2.407,0.3854,0.557,0.071,36.27,11.548124439338064,144.9682020485464,172.65293744945433,0.893
0.47775275671191453,0.5650519886889411,0.057100283109703054,0.5556744084451279,0.3379564657703402,0.9983743262638423,0.9861438651922119,0.6725683200096659,0.932111040386992,0.561,1.411,1.301,1.243,0.468,2.569,0.162,1.206,2.374,0.413,0.0576,4.163,0.4871,0.223,0.146,22.42,9.598124439338063,91.4282020485464,97.96293744945433,0.077
0.18849554275408978,0.8483018933224477,0.6635906207557449,0.7610502492227027,0.7211226143320875,0.9811454685468716,0.942280328622314,0.9421123643669884,0.9215566492348489,1.569,1.434,1.231,1.12,0.564,2.197,1.467,0.343,0.891,0.294,0.0379,4.717,0.5167,0.291,0.406,33.44,11.088124439338063,58.1282020485464,121.15293744945433,2.422
0.1754261403128222,0.7039934988042731,0.8289589933955794,0.6725337293635365,0.9308830030160403,0.9695291576969987,0.9306745095759635,0.9171054281444825,0.9314256069869287,0.795,0.238,1.66,0.762,0.575,1.764,1.121,0.304,2.718,0.286,0.0116,1.928,0.8484,0.429,0.109,34.98,10.738124439338064,17.71820204854639,85.53293744945432,0.668
0.2705962730115758,0.7200254202889571,0.4999286235351076,0.6491733543116837,0.6763869872777608,0.9735265025663924,0.9903097992242085,0.8414232843844365,0.9402040237370964,0.791,1.456,1.269,1.955,0.696,2.741,0.855,0.953,0.397,0.125,0.0386,3.092,0.5992,0.628,0.408,47.91,10.558124439338064,35.73820204854639,243.30293744945433,0.649
0.14862090689629867,0.7779239499292876,0.8642371728598158,0.7266377179436928,0.9126939832033305,0.9611750752740802,0.9464566139718652,0.8719958266546632,0.9235313181476592,0.889,1.357,0.719,0.319,0.784,2.942,1.217,0.728,1.229,0.063,0.0097,4.206,0.2585,0.55,0.434,45.65,11.638124439338064,23.498202048546393,110.72293744945432,2.121
0.40558864083454327,0.48358956904218886,0.5773606895302705,0.529226949297505,0.6629115437802748,0.9662968155885543,0.9820205844932101,0.2734212371454512,0.9220148129532224,0.582,0.705,0.62,1.181,0.791,1.207,1.038,0.247,2.701,0.068,0.0051,5.952,0.2656,0.461,0.466,40.19,11.468124439338064,95.7582020485464,233.68293744945433,0.028
0.14547109084268411,0.8325090375794288,0.7863885880743666,0.7564102697664936,0.8543423124426787,0.9647127666742521,0.9158311012863791,0.9563999163776362,0.9305092084363225,1.727,1.556,1.369,1.139,0.465,1.16,0.245,0.704,0.581,0.106,0.0223,3.504,0.7835,0.446,0.133,7.38,10.638124439338064,119.80820204854639,123.16293744945432,1.7
0.2399395147143277,0.7093634686628274,0.8241294772841705,0.6612913251280237,0.8672307471349661,0.9596238035755781,0.6963730854330816,0.6608429800799271,0.9369963011032693,1.779,0.222,0.439,1.929,0.737,1.987,1.432,1.087,1.868,0.086,0.0242,4.566,0.7011,0.222,0.497,2.03,11.578124439338064,162.1882020485464,147.28293744945435,1.686
0.5775257675703289,0.09190404058305934,0.28115997128430137,0.40594647877574785,0.7910277381083932,0.9360723703679064,0.5404312713418487,0.15666330828791641,0.9380087653739325,0.277,1.644,1.914,0.245,0.758,2.026,1.316,0.215,1.324,0.294,0.0095,5.264,0.7495,0.852,0.323,10.02,10.918124439338063,13.468202048546392,39.26293744945432,1.689
0.2524794683921002,0.6143594172148412,0.6322834544977827,0.6154089588471955,0.8528914187444985,0.9857501312129129,0.9717300984022904,0.7742893765414957,0.9326635054619381,0.935,1.372,0.253,0.99,0.621,1.585,1.33,0.859,0.646,0.183,0.0343,5.698,0.7143,0.482,0.392,22.45,9.028124439338063,101.12820204854638,89.04293744945433,0.875
0.5888522333957429,0.17811364978019562,0.06129651270875147,0.4756694120244409,0.30949499661081825,0.8232325086512222,0.5499702208397926,0.5314059759517229,0.889362846312454,0.974,0.216,1.769,1.269,0.622,1.715,0.373,1.3940000000000001,1.341,0.475,0.019,1.185,0.548,0.837,0.226,18.67,9.868124439338064,150.0682020485464,245.53293744945435,0.826
0.19596638335620756,0.7279222106287017,0.7586631759689082,0.6836710043729992,0.8468707755301826,0.9587011340185717,0.8237984051535814,0.8822474112464519,0.930559825993452,1.453,0.634,0.685,0.156,0.767,1.641,1.46,1.119,2.998,0.051,0.0273,5.25,0.0192,0.212,0.061,11.3,8.928124439338063,195.0182020485464,82.13293744945432,0.424
0.3537828673939064,0.4642170671168975,0.618756317950526,0.5381329334156599,0.9812959438086039,0.9586003541012167,0.6735869369899254,0.5069231867329371,0.9380867482587458,0.195,0.192,1.019,1.316,0.617,1.081,0.893,0.708,2.838,0.263,0.0062,3.421,0.9181,0.712,0.138,38.33,8.978124439338064,53.788202048546395,231.61293744945434,0.996
0.33342883616456087,0.7723169730788387,0.35199547423573374,0.6880926667047333,0.452148898526733,0.9641607594380743,0.9771793248261968,0.8803446585759689,0.9359747310049167,0.337,1.739,1.887,1.435,0.491,1.752,1.738,1.04,2.825,0.089,0.0459,5.989,0.7281,0.579,0.457,28.19,11.268124439338063,225.82820204854642,225.04293744945434,1.876
0.24268766886312199,0.6185573721092142,0.7490078033806568,0.6115910794616719,0.8626373093050885,0.903462782257161,0.8203190330589709,0.7818053983574024,0.938850110509987,1.595,0.439,1.901,1.863,0.696,1.55,0.482,0.47000000000000003,2.535,0.446,0.0126,3.489,0.1308,0.37,0.354,27.05,9.898124439338064,215.66820204854642,201.50293744945435,1.045
0.3907843533156335,0.7603222259819464,0.2925279703853845,0.7073792591060211,0.282663031496622,0.9796429357081464,0.8613225774624407,0.8490975795597298,0.8546708017659995,1.568,1.411,0.121,0.578,0.641,1.045,0.665,0.421,2.607,0.28,0.0317,1.355,0.1841,0.275,0.09,40.22,11.698124439338063,72.23820204854638,146.15293744945433,1.878
0.5609023255351532,0.28162731247428463,0.5098370508376764,0.4555838479226183,0.7721090570086242,0.8348066273448789,0.28388784224491326,0.06879841874814563,0.9292382229483824,0.444,1.969,1.024,1.957,0.615,1.343,0.939,0.817,2.585,0.472,0.0059,5.997,0.0056,0.417,0.134,19.27,9.258124439338063,34.678202048546396,123.58293744945432,0.456
0.17338167506282523,0.7150105251753774,0.8342827356960878,0.6771779605110063,0.9380394789837861,0.9591656118621176,0.9285060878082445,0.889321571761601,0.9312489056471979,1.586,0.684,1.232,1.473,0.725,1.71,0.484,0.369,2.983,0.371,0.0131,4.095,0.1146,0.382,0.216,36.15,11.838124439338063,71.49820204854639,137.58293744945433,1.743
0.29566841245668807,0.5559786750718667,0.5895221001427,0.5849135242347808,0.8471244168962121,0.9966345803313564,0.9657759318701713,0.6372633588870593,0.9273141845491263,0.918,1.036,1.897,1.122,0.455,1.049,0.398,0.566,2.286,0.241,0.0434,5.843,0.7452,0.415,0.446,42.93,8.748124439338063,31.088202048546393,203.21293744945433,0.369
0.22426273564109347,0.630838860477441,0.7315179736853349,0.634496735739287,0.9002463182527652,0.9979059818754371,0.9660088524188617,0.7894150816825091,0.9297260550825928,1.712,0.948,0.211,0.322,0.579,2.265,0.516,1.285,2.666,0.299,0.0374,5.554,0.8922,0.293,0.443,7.88,11.388124439338064,93.80820204854639,227.29293744945434,0.537
0.19982882863697507,0.7648255466860289,0.6658301472986712,0.6908131720968946,0.8048185601483426,0.9995250318294074,0.9796250216467767,0.8795923265256433,0.9377881851338822,1.634,1.147,0.637,0.985,0.418,1.168,0.95,0.066,0.802,0.244,0.028,3.276,0.9855,0.529,0.314,29.88,9.778124439338063,215.1282020485464,198.19293744945435,1.367
0.2710942743256254,0.7902783477940349,0.4900367807166932,0.7053283370693639,0.5750511821579884,0.9617634337557077,0.9469177342772402,0.910446920190939,0.9353564744466056,0.206,1.509,0.284,0.766,0.445,1.036,0.10300000000000001,0.559,2.25,0.059,0.0386,2.098,0.1441,0.67,0.356,30.36,10.278124439338063,25.43820204854639,160.76293744945434,0.494
0.2747404288071117,0.5976988233524478,0.7156026694661317,0.5887778985050038,0.8209120017832164,0.9272879208610612,0.8632699360368442,0.6373163930980112,0.9334217452965177,1.826,1.323,1.67,0.348,0.43,2.64,1.662,2.244,2.495,0.411,0.019,5.597,0.3382,0.318,0.493,2.01,9.198124439338063,184.60820204854642,211.87293744945433,1.106
0.17860496669378884,0.6862825404143513,0.8192123616257447,0.6716747663135395,0.9592874065644956,0.9556660240217857,0.9284361150089813,0.937558552804867,0.9395495355243567,0.915,0.277,1.538,0.439,0.713,2.015,0.969,1.377,1.767,0.351,0.0203,2.903,0.2132,0.419,0.264,17.87,9.568124439338064,142.4982020485464,63.632937449454325,0.55
0.35758412930324096,0.531001629081374,0.40665156141163894,0.5534827296235221,0.7094810928665458,0.9913894303484965,0.9230592916766308,0.6044066059097947,0.9318649969870586,0.593,0.41,1.123,1.903,0.703,2.794,0.255,1.82,1.153,0.171,0.0223,5.044,0.3917,0.696,0.083,34.09,10.648124439338064,218.44820204854642,109.72293744945432,0.54
0.4223562394754842,0.698543022785697,0.16759358867992413,0.6324854996458824,0.314157249675313,0.9694386279151319,0.9880633666408655,0.8198397528791954,0.9342716194686712,1.191,1.606,1.282,0.93,0.621,2.462,0.1,0.39,1.632,0.143,0.0493,5.128,0.4627,0.356,0.23,14.33,10.328124439338064,63.15820204854639,224.61293744945434,1.09
0.22843813568807828,0.7378590773260667,0.6102943068337401,0.6783361827230066,0.7356632642548223,0.9743048775571359,0.9440430221019366,0.883836241245954,0.9209019512485076,0.176,0.727,1.958,1.031,0.487,1.602,0.275,0.705,0.789,0.324,0.0232,3.953,0.3297,0.529,0.195,42.43,11.268124439338063,37.30820204854639,134.50293744945435,2.2
0.25833865349804014,0.6102142511049998,0.7411141555653145,0.6079849498448666,0.8818681168299605,0.9080980421209834,0.712247278020774,0.7736858450449483,0.9302903760715475,0.376,1.429,0.427,0.707,0.724,2.529,1.089,1.417,2.032,0.406,0.0111,4.084,0.6475,0.431,0.401,38.79,9.658124439338064,33.4582020485464,102.49293744945432,1.874
0.11635917364254186,0.8394948295082614,0.8802986203150308,0.7658664658016742,0.9790110756928389,0.9608769548033244,0.9410627961811646,0.9609346623492733,0.9197754761425491,1.425,1.629,0.858,1.111,0.742,2.712,1.392,2.1310000000000002,0.616,0.056,0.0021,4.485,0.0624,0.823,0.377,5.0,11.588124439338063,173.7082020485464,199.66293744945435,2.342
0.43897315447740864,0.5190484055497443,0.19737581601608645,0.5495881390779356,0.4815012822476129,0.9990787855623174,0.9717969374988483,0.566690569417724,0.9238794566327729,0.888,1.259,1.879,0.307,0.788,1.22,0.209,0.146,2.909,0.288,0.0539,5.908,0.0709,0.322,0.192,15.24,11.488124439338064,166.0382020485464,249.24293744945433,0.083
0.3486058159968587,0.829190561662676,0.33259058520689355,0.7334755064403765,0.36198931938903034,0.9976779078512844,0.9824232015010826,0.8930683286972072,0.911935955866295,0.165,1.658,1.467,1.011,0.618,2.68,0.039,1.72,2.632,0.337,0.0378,3.593,0.7069,0.384,0.302,21.66,9.478124439338064,76.52820204854639,244.47293744945435,2.448
0.4182416653435908,0.42609556723950437,0.5702975694101148,0.5090887875168253,0.8972248764459209,0.9019212618143648,0.5020608153584005,0.38959304695110175,0.9393189909550276,0.964,0.949,1.401,1.967,0.623,2.658,1.376,1.148,0.502,0.35,0.0035,2.691,0.2704,0.587,0.457,31.58,11.398124439338064,239.5682020485464,89.92293744945432,0.049
0.5107149284009983,0.7962774819052185,0.0012467558897859554,0.6996668777267971,0.035158420323819106,0.9979341455688389,0.9893438034811366,0.8558885525425335,0.9250212832860234,1.095,1.621,0.339,1.109,0.63,1.625,0.776,1.167,1.244,0.361,0.0448,1.951,0.2357,0.308,0.111,22.69,8.788124439338064,61.608202048546396,182.30293744945433,0.839
0.23612841661843265,0.6154301210529275,0.6886180862736994,0.6270234040677776,0.8872934002232488,0.9665750662061208,0.9154791244875429,0.8076407430091439,0.9357898917958503,0.82,0.357,1.544,0.741,0.777,1.874,1.581,0.625,1.692,0.334,0.0248,4.974,0.2695,0.459,0.215,18.55,11.138124439338064,89.74820204854639,215.34293744945435,1.043
0.20131332315070694,0.708653736934336,0.7899058872149254,0.6553815106716939,0.8795219299466264,0.9246490777274095,0.8595562386152533,0.8445756835612213,0.888831420337506,1.478,0.75,1.222,0.294,0.635,2.262,0.622,1.332,2.731,0.376,0.0109,2.406,0.0699,0.437,0.469,9.74,11.768124439338063,138.6282020485464,247.46293744945433,2.278
0.2879008334089234,0.6763244227712591,0.5372768064297129,0.6204820420184306,0.7677044721999551,0.9860575541577515,0.9141204235846524,0.6360774496407258,0.9211832689688689,1.574,1.563,1.791,0.583,0.462,2.424,1.445,0.384,0.47,0.205,0.0189,1.656,0.6826,0.816,0.41,11.17,10.348124439338063,145.0982020485464,81.15293744945433,0.679
0.3117109713378293,0.8067364030143303,0.4126335810777032,0.7055123799935711,0.46417168576959844,0.9651539521082506,0.9096695497112162,0.9138283955431878,0.9342323344204209,1.004,1.611,1.022,0.332,0.671,2.567,1.738,0.166,0.418,0.125,0.0409,2.679,0.1653,0.239,0.149,5.47,10.808124439338064,9.808202048546391,46.76293744945432,0.986
0.2458124801369832,0.8155407771806705,0.5719539330922281,0.7465304650520772,0.603961170937174,0.9579378523574555,0.8309804691634328,0.8992061242833947,0.9325331775776204,1.251,0.638,1.182,1.172,0.592,1.658,0.967,0.113,2.527,0.059,0.0425,4.062,0.4278,0.263,0.363,29.41,10.868124439338064,230.0182020485464,29.022937449454325,1.716
0.20664670128424048,0.6689524640641644,0.7995414082588074,0.6582127796604331,0.8657643117474556,0.9918526928059516,0.9310174424259882,0.8164543080233566,0.8640035358327961,0.812,1.503,0.472,0.789,0.633,1.466,0.793,1.37,1.183,0.205,0.0083,1.427,0.2745,0.339,0.084,15.41,11.628124439338064,72.55820204854639,80.54293744945433,1.763
0.24632608540114745,0.671966502317692,0.7324619333182134,0.6429307541107765,0.7477911954454439,0.9773952339339937,0.9789984122549182,0.6774064847914074,0.8994844070761976,0.4,0.88,1.918,0.222,0.737,1.258,0.905,1.012,0.315,0.128,0.0049,1.681,0.932,0.41,0.29,45.43,9.908124439338064,161.7882020485464,66.58293744945432,1.459
0.4264911916008702,0.2265462678688811,0.4979057204940349,0.4903921467854129,0.7986854393192714,0.8748763635026492,0.5928023005480241,0.6552665720424429,0.9344728510909829,1.883,1.248,1.126,1.833,0.767,1.148,0.635,1.018,2.097,0.454,0.02,4.985,0.2388,0.685,0.25,6.86,11.228124439338064,78.9782020485464,232.45293744945434,1.823
0.2061112728506774,0.8078457791512745,0.6388014290276083,0.7392633993367597,0.6985092966898885,0.9813904473918873,0.9617689355000624,0.9340937159782055,0.913771147612584,1.117,0.987,1.479,0.594,0.412,1.046,0.733,0.085,2.259,0.419,0.0388,2.093,0.6026,0.334,0.394,32.9,10.458124439338064,55.1682020485464,118.52293744945432,1.507
0.4790357793202588,0.589886551939115,0.14003317343717325,0.5811095767629086,0.3469458707816183,0.9597689360689271,0.8732973122716354,0.45920608016412634,0.8735595626398761,1.358,0.827,1.728,1.687,0.529,2.774,0.276,0.76,1.639,0.266,0.0124,1.047,0.8625,0.898,0.227,46.41,11.308124439338064,90.30820204854639,102.31293744945432,0.873
0.16550649847903698,0.750513466992875,0.7860008227398775,0.7011604312563069,0.9089682739995675,0.9577700726815291,0.9429510476204288,0.9521919176764458,0.9213577413823381,1.494,0.493,0.238,0.476,0.433,1.102,0.512,1.065,0.883,0.385,0.0171,3.644,0.0916,0.466,0.095,31.2,11.958124439338064,142.7182020485464,237.25293744945435,1.996
0.2634957092885033,0.6437550934250962,0.7360272627393718,0.6290459160462478,0.7550109495869597,0.9605360031912408,0.8715246041394265,0.6291827138607534,0.9248168255485213,1.882,0.654,1.221,1.402,0.597,1.368,0.6920000000000001,0.009000000000000001,0.71,0.077,0.0069,5.717,0.2986,0.306,0.151,46.28,10.508124439338063,176.0182020485464,63.552937449454326,2.488
0.30613168142742037,0.47841262612240965,0.7197435589499199,0.5703897235507276,0.9206001134003878,0.8645725604039594,0.6709724316372385,0.7213580698564868,0.9365539547737314,0.415,0.522,0.74,0.713,0.751,2.554,0.83,0.951,0.81,0.468,0.0192,3.477,0.256,0.409,0.387,21.13,10.188124439338063,12.278202048546394,0.4029374494543245,0.275
0.3906092667653561,0.7849541571273102,0.27842624599524446,0.7125857018770743,0.277055394463967,0.9967777790160921,0.9516740403650542,0.8273065413224434,0.8724590102494751,0.531,0.275,1.89,1.137,0.634,2.787,0.63,0.751,0.596,0.3,0.0432,1.694,0.034,0.436,0.39,24.23,9.378124439338064,242.16820204854642,144.70293744945434,1.989
0.13915767196899065,0.7878242664896092,0.8723826153171098,0.726802134541708,0.9484439043249294,0.9920345126266416,0.9786620551613704,0.9257034374165494,0.8986082755068822,1.39,1.195,1.512,1.18,0.438,1.155,1.088,0.9,1.821,0.168,0.0079,1.844,0.9956,0.549,0.188,6.13,8.868124439338063,171.9882020485464,118.81293744945432,1.651
0.2855104967113598,0.5605133759369102,0.6935799920875916,0.5897263625167987,0.9676742063151373,0.9689282739409847,0.7457215879647823,0.6464775900036273,0.9284614511512047,1.925,0.184,0.718,0.266,0.54,2.492,0.212,2.139,2.223,0.277,0.0072,5.158,0.149,0.72,0.412,28.56,9.208124439338064,200.2182020485464,55.982937449454326,2.167
0.362195303631166,0.48690005740509146,0.44160641202288775,0.5433068303953035,0.7473791626151086,0.9759106951267488,0.9101296043562123,0.5659353261775986,0.9296189566196587,1.314,1.209,0.565,0.448,0.557,2.257,0.866,1.9100000000000001,0.644,0.312,0.0299,5.032,0.1021,0.449,0.061,45.05,10.598124439338063,21.62820204854639,187.50293744945435,0.158
0.36913149844244675,0.39159162184396534,0.5829641512767676,0.5203038334998694,0.9125813374217522,0.9391038745572459,0.7482686535834768,0.513011848993391,0.9367548531282948,0.665,1.901,0.588,1.274,0.581,2.656,1.139,2.107,2.399,0.304,0.0272,3.568,0.4917,0.692,0.446,1.32,9.818124439338064,105.5382020485464,235.90293744945433,0.358
0.19622211467126616,0.7055662043987874,0.7916607347232565,0.6583775546980402,0.9403816633725838,0.9617708072318482,0.8474042653917148,0.8336933280976782,0.9274510019060598,1.417,0.333,1.64,0.677,0.735,1.937,1.735,0.875,0.873,0.282,0.0084,2.776,0.1418,0.564,0.347,30.75,9.248124439338063,205.16820204854642,179.77293744945433,1.414
0.39328023585388155,0.823239341469077,0.2546984179010081,0.7391907391215521,0.25457359794606327,0.9985192127624379,0.9308437099164422,0.8808438735260224,0.9107194673042025,0.374,1.175,1.546,1.513,0.775,1.951,0.417,0.07100000000000001,2.027,0.395,0.0404,1.959,0.2799,0.262,0.185,20.69,9.718124439338064,227.9082020485464,143.05293744945433,1.393
0.4268698014039858,0.8170591610606304,0.16642230570493022,0.711423897069793,0.21003676678946626,0.9707134757716783,0.9724484401263636,0.875438272347127,0.9294804575187814,0.244,1.998,1.134,1.201,0.519,2.403,1.047,1.957,0.951,0.174,0.0557,2.162,0.0903,0.31,0.347,39.65,8.688124439338063,40.148202048546395,228.45293744945434,0.854
0.13378696418052263,0.7944618998341396,0.8596477508294114,0.732281520849547,0.9822094649358737,0.9680956211961597,0.9886300028226584,0.9424143736408347,0.9307613402228145,0.512,0.179,0.872,0.756,0.494,1.822,1.125,1.224,0.633,0.088,0.0092,2.368,0.3376,0.714,0.186,19.99,9.728124439338064,137.13820204854642,236.69293744945435,0.928
0.488846861385406,0.2797358591822888,0.2715375313204198,0.46596408559614055,0.6514801142781765,0.9389812269397904,0.6804274133968375,0.4122968122128968,0.9334673317653399,0.492,1.892,1.647,0.504,0.71,1.178,0.662,1.023,2.449,0.33,0.0301,5.21,0.0695,0.712,0.367,28.28,11.408124439338064,138.6582020485464,23.552937449454326,0.847
0.24080380019090472,0.6786550490899145,0.595843846665962,0.6368527995607802,0.7907327204153871,0.9650457423991144,0.9804313735732508,0.8763682355089104,0.9312340215626133,0.476,0.483,1.472,1.691,0.698,2.927,0.712,0.354,0.428,0.066,0.0203,5.315,0.0289,0.817,0.262,15.07,9.408124439338064,249.63820204854642,86.71293744945433,0.513
0.44974366430651325,0.6330894750810669,0.17673668079196758,0.5846384747589687,0.4155635328926047,0.9867322439413708,0.9003506891075275,0.47737602847635263,0.9081519310914598,0.315,1.321,1.445,0.986,0.52,1.821,1.679,1.354,2.966,0.2,0.0126,1.285,0.2589,0.895,0.187,45.45,11.518124439338063,63.6282020485464,24.022937449454325,0.584
0.31091188308730555,0.6280826757848663,0.4519773796680069,0.6171199468918922,0.6271396211943404,0.9418875554680417,0.9150358344677993,0.813740966405521,0.9386166673152535,1.018,0.618,0.935,1.529,0.557,1.289,0.21,0.04,1.417,0.433,0.0271,4.937,0.745,0.491,0.139,32.09,10.928124439338063,212.44820204854642,60.53293744945432,1.626
0.3038149372693112,0.5040637459358501,0.6071121127866428,0.5617380002905529,0.8972073153766186,0.9666016088877071,0.8276294782671858,0.6832277680579252,0.9344038398441966,0.373,1.077,0.753,1.292,0.754,1.018,0.129,0.98,1.202,0.285,0.024,4.76,0.6339,0.621,0.341,49.11,8.958124439338064,205.2082020485464,247.36293744945434,0.72
0.47940874635649616,0.8309913123360144,0.09623823399342313,0.7419519602592985,0.06008765528408988,0.9619531981920694,0.8920962976853815,0.8550081659668985,0.9042122353170609,0.161,1.373,1.623,0.636,0.719,1.208,1.065,1.203,2.168,0.104,0.0352,2.743,0.4679,0.355,0.12,34.35,10.738124439338064,211.91820204854642,54.72293744945432,2.199
0.40301206880234075,0.8206119782057144,0.21581505589377603,0.7161022546923743,0.25575195651010174,0.9741861860611153,0.9662573027769009,0.8955060521488872,0.9293123482931759,1.65,1.38,0.304,1.991,0.639,2.802,0.64,1.783,2.77,0.198,0.039,2.552,0.5015,0.307,0.105,13.13,11.558124439338064,35.41820204854639,47.202937449454325,1.219
0.4406936834852153,0.5175825505766117,0.5704074051077073,0.5420122812754902,0.6973085629696285,0.9745474429912315,0.9531592834304411,0.09023502343981071,0.932754675262231,1.057,1.651,1.853,1.719,0.771,1.007,0.721,0.388,2.61,0.098,0.0015,4.794,0.871,0.484,0.101,36.22,11.038124439338063,27.458202048546394,107.92293744945432,0.491
0.19808286546447337,0.6995358002509933,0.7223071108386034,0.6716324161179694,0.8670156316304036,0.9437285575649985,0.9182902831189647,0.9218524498619189,0.9289902001899941,0.248,0.976,1.596,0.816,0.59,2.163,0.046,0.015,1.99,0.406,0.0339,3.918,0.9951,0.481,0.494,25.15,10.508124439338063,101.38820204854639,37.172937449454324,1.992
0.19018256822046578,0.680187040463863,0.8652793831354445,0.6945377345024455,0.9573946402766438,0.9848707499365436,0.787042288423179,0.880648945178704,0.8817700012293931,1.038,0.217,0.717,1.938,0.739,2.168,1.944,0.791,1.219,0.286,0.0194,1.07,0.4948,0.239,0.163,35.03,9.908124439338064,184.8482020485464,229.78293744945435,0.736
0.15384948343711535,0.7590977188550524,0.8137865249036776,0.7198391973037543,0.9051457872605732,0.965951712149024,0.9469397036534091,0.9628851869295649,0.9382881395710323,1.608,0.339,1.837,0.224,0.553,2.026,0.662,0.662,1.69,0.468,0.0216,2.32,0.6255,0.289,0.052,49.16,10.088124439338063,184.66820204854642,7.192937449454325,0.594
0.15542708270680583,0.7445369231760985,0.8362511439035829,0.7067451829735988,0.9613342136247393,0.9623697978296206,0.9368881980529974,0.9552808514371242,0.9206703828132823,0.692,1.769,1.395,0.315,0.755,1.287,0.958,0.265,1.794,0.297,0.0255,2.194,0.6306,0.545,0.44,2.91,9.778124439338063,219.8982020485464,128.09293744945433,1.373
0.24716756019024366,0.7375669190177054,0.5551110005669155,0.6759535872592148,0.6820389327880241,0.9673331083919061,0.9773041700673315,0.8983246754668373,0.9374567135704417,0.227,0.548,1.078,0.256,0.608,2.091,0.584,1.298,0.911,0.383,0.0269,2.677,0.1032,0.404,0.065,39.71,9.968124439338064,122.8182020485464,89.80293744945432,0.789
0.1538229229800744,0.7453740461945121,0.8868619832418849,0.7217328965852298,0.9423213545180987,0.964189724936869,0.8587689593094161,0.9273145505746734,0.9337717455652059,1.669,1.709,0.585,1.841,0.727,2.802,0.112,1.773,1.795,0.105,0.0179,1.781,0.8993,0.36,0.21,45.41,11.828124439338064,88.33820204854639,7.092937449454325,0.407
0.2331962048796204,0.6230549590191612,0.6968617126252873,0.6180732033440972,0.9219868525842815,0.9674495531545344,0.8825548813121259,0.8255652010719075,0.938122226725062,1.8,0.629,1.688,1.521,0.716,2.922,1.771,1.463,2.951,0.264,0.0292,2.856,0.9021,0.622,0.474,6.13,10.678124439338063,137.0382020485464,216.11293744945434,0.71
0.41411372046883727,0.5021801693760807,0.27578513495499135,0.5198256388029775,0.6428311385165764,0.9905310830144055,0.8384767642909643,0.5396521288835603,0.9419221035058816,0.189,1.678,0.563,1.149,0.55,2.896,1.693,2.752,1.711,0.19,0.0204,2.286,0.0238,0.794,0.151,21.49,9.118124439338064,49.5982020485464,30.142937449454326,0.024
0.48509690489043933,0.7740884562879945,0.04365657659353106,0.6776089322997356,0.11317006953638531,0.9641568245292361,0.9834544690330845,0.8567308131415551,0.9334010947971072,1.807,1.661,1.826,0.335,0.658,1.764,0.782,0.012,1.519,0.082,0.0295,4.666,0.2555,0.757,0.14,46.45,8.678124439338063,27.288202048546392,195.09293744945435,1.844
0.40323495873654663,0.5022627921168035,0.559735545306665,0.5194756066467765,0.6180407526806015,0.9760284269039878,0.8750879282234075,0.3203369530080934,0.9344541477932434,1.859,1.638,1.805,0.278,0.531,1.781,1.623,0.705,2.885,0.259,0.0103,3.92,0.2851,0.283,0.469,10.55,9.048124439338064,96.55820204854639,15.332937449454326,0.257
0.2246042426711259,0.8388036958068964,0.6008102574374545,0.7536467392157762,0.637710848884965,0.9604321793356573,0.8922464188025715,0.9154105234716137,0.9227688974099308,0.852,1.476,0.425,1.669,0.744,1.916,1.527,0.415,2.434,0.081,0.0424,4.07,0.2745,0.392,0.444,12.47,9.908124439338064,129.3182020485464,99.32293744945433,2.088
0.48599507526854596,0.7700135567239953,0.035492230767775856,0.6741717142465883,0.12036344308729752,0.9845836420583932,0.9882414432879192,0.8501433506618143,0.9399731949132294,0.971,1.415,1.827,0.939,0.592,1.958,1.302,0.699,2.746,0.354,0.0549,4.289,0.3412,0.236,0.269,41.5,8.381876260709797,107.63850167898055,233.60243079416315,1.276
0.1637527187867898,0.7385449031470954,0.8424038434064505,0.6954032440341258,0.9891282605791274,0.9656284498501834,0.8897904240937173,0.9141894023873015,0.9120459447760298,1.851,0.475,1.498,0.796,0.494,1.747,1.064,0.812,2.801,0.286,0.0139,2.902,0.7181,0.593,0.378,37.99,7.411876260709797,13.998501678980553,40.87243079416316,2.126
0.19910070922203593,0.8057671833475097,0.6462593312535301,0.7247709292520446,0.7415972711600178,0.9782474773376738,0.9806361966021677,0.9197814053766297,0.9331888646444617,0.397,0.345,1.897,1.414,0.68,2.563,1.914,2.372,1.163,0.182,0.0292,5.609,0.5119,0.447,0.274,21.68,8.051876260709797,207.69850167898056,248.30243079416317,2.184
0.14708579983879413,0.8092411026563686,0.8008678297150114,0.7491228909509796,0.8716659330734554,0.9897926765734332,0.9616726286620875,0.9321977881259469,0.8929859420606291,0.397,0.331,0.383,0.621,0.443,2.532,1.559,1.962,1.493,0.215,0.0273,1.685,0.3443,0.445,0.356,15.86,8.631876260709797,121.44850167898055,202.86243079416317,1.499
0.2061821028266134,0.6602153337194102,0.7821903663311642,0.6404908926856344,0.8829819298143736,0.9980277645893332,0.9498204763387613,0.8333500483551224,0.9370737529555031,1.838,1.906,0.206,1.736,0.469,2.938,0.655,0.486,1.668,0.225,0.0164,3.656,0.8737,0.373,0.371,7.95,7.411876260709797,77.43850167898054,163.03243079416316,0.807
0.19455333706995784,0.6912445289325462,0.8187456686745572,0.6650301709909923,0.8756113191023123,0.964435600106386,0.8885923682285513,0.830022256958265,0.933828376065975,1.989,1.003,1.922,1.477,0.454,1.896,0.058,0.911,2.119,0.096,0.0122,5.058,0.9791,0.342,0.062,9.68,7.9418762607097975,119.29850167898054,172.42243079416318,1.012
0.19096885435646993,0.7736259180626409,0.6847137893261903,0.7194760380268799,0.7709608492967721,0.9687262588130303,0.9551334034451602,0.9456711279713824,0.9366999482334316,1.601,0.332,1.588,0.248,0.441,2.002,0.371,0.173,1.525,0.489,0.0309,2.254,0.5476,0.273,0.157,16.13,7.851876260709798,185.64850167898055,183.57243079416315,0.573
0.3336431208104564,0.5284399146012676,0.6413497068671963,0.5604927258418686,0.8797837022336905,0.9820137532822018,0.7620611763824384,0.47964048208282817,0.9351009200482967,1.313,1.327,1.086,1.711,0.754,2.522,1.369,1.523,2.193,0.208,0.0037,4.176,0.5056,0.58,0.172,16.61,8.131876260709797,198.00850167898054,124.62243079416317,0.607
0.1470526578071019,0.764064478453092,0.8470836011778887,0.7128458071233648,0.9737412842598473,0.9901477771687125,0.9519194103692329,0.9462024154136259,0.925859337415392,0.998,1.309,1.845,0.643,0.629,1.449,0.111,1.046,1.793,0.261,0.0181,5.127,0.3215,0.497,0.267,7.16,8.001876260709798,180.26850167898056,205.14243079416318,2.219
0.2945555692535891,0.5312704863185969,0.5905417465382647,0.5670696956671023,0.8912997571196337,0.983524860870505,0.9407310480384912,0.6854104282686678,0.931114442933027,0.257,0.488,0.27,0.921,0.478,1.99,0.122,1.851,0.609,0.145,0.0199,4.725,0.3069,0.639,0.179,45.72,8.151876260709797,240.69850167898056,212.20243079416318,0.207
0.49413311120422027,0.5527819700666643,0.03585808433693194,0.5537152353006352,0.3117901449314676,0.9743885555875302,0.982670988338744,0.619270838949705,0.9289167934694443,1.894,1.89,1.621,1.55,0.516,1.195,0.325,1.064,1.65,0.134,0.0489,5.422,0.4172,0.508,0.14,20.35,8.561876260709797,136.63850167898056,188.82243079416315,0.307
0.21656022804353967,0.603903342263765,0.794665285113759,0.6440317094825934,0.9577967315542607,0.8947221490894939,0.831033062254617,0.9369731472930265,0.9365053094502545,1.474,1.662,0.366,0.183,0.729,2.364,0.736,0.086,2.884,0.447,0.0217,2.512,0.9425,0.445,0.282,7.11,8.061876260709797,38.628501678980555,4.6924307941631564,0.87
0.1938277139303518,0.696478921563009,0.842998321681529,0.6674367980198516,0.9394358549213117,0.9571838910847099,0.8779870671860479,0.7899595065131584,0.9068592108243964,1.425,0.558,0.937,1.856,0.785,1.318,0.6890000000000001,0.983,1.753,0.487,0.02,2.569,0.747,0.241,0.373,4.59,8.371876260709797,240.02850167898055,106.32243079416317,2.013
0.13418763874708856,0.7956733125041038,0.8547090514246571,0.7342317509300003,0.9672746918371472,0.9619969629897465,0.9611174176445064,0.9562841096871814,0.9320231578210593,1.132,0.617,0.485,1.565,0.471,2.469,1.005,0.872,1.252,0.062,0.0098,2.212,0.3093,0.795,0.436,37.74,8.621876260709797,140.57850167898056,136.93243079416317,0.752
0.15211302060439755,0.8040178942351922,0.8099116130554768,0.7590657967799564,0.8703049189080939,0.9590336589417626,0.8643224854463437,0.9165560256183686,0.9070228124134811,0.143,1.438,0.538,1.157,0.526,1.608,0.535,1.018,2.234,0.055,0.0171,2.573,0.9073,0.625,0.18,39.78,8.431876260709798,145.32850167898056,21.792430794163156,2.089
0.16613197031406546,0.7161692344423523,0.8440122048990599,0.6980892607980792,0.9647175262026886,0.9107061583683742,0.9114523565354437,0.9728227817306181,0.9165797813839771,1.416,1.749,1.47,1.12,0.638,1.34,0.483,1.276,1.705,0.477,0.0237,2.683,0.2034,0.451,0.42,29.13,8.291876260709797,185.45850167898055,172.02243079416317,1.804
0.23302232817658186,0.6109413561466477,0.8137670067594505,0.6399387188548409,0.9668436355605243,0.9850688258404706,0.8020738932321196,0.7798782596331805,0.8275147764722844,1.888,0.123,1.243,1.916,0.702,2.987,1.061,1.909,0.507,0.426,0.0175,1.256,0.9515,0.239,0.112,32.25,7.601876260709798,7.858501678980552,79.27243079416317,2.304
0.42295891646200723,0.5044530523381647,0.22965791698220073,0.5474490117433946,0.5026591018931783,0.960792152360795,0.9216843289463014,0.642745556979178,0.9313810864001795,0.226,1.114,1.151,0.995,0.634,1.868,1.21,1.572,0.897,0.366,0.0598,5.342,0.6864,0.42,0.412,9.05,7.711876260709797,207.77850167898055,163.32243079416315,0.517
0.29001328547778515,0.6269245007377064,0.6930674350951673,0.6095900656934437,0.7600223996124675,0.9626980301190625,0.9752140559955653,0.5277507188528168,0.9334087883737126,1.531,1.807,1.947,1.892,0.715,1.485,0.925,0.248,2.612,0.058,0.0041,5.545,0.0092,0.555,0.473,42.52,8.621876260709797,30.288501678980552,113.32243079416317,0.82
0.23608591998711426,0.6536062070032534,0.678909287947183,0.6183469975446116,0.9247881877066614,0.9976076482682246,0.9116546556869065,0.7553908573443602,0.9379959608973492,0.64,0.744,1.667,0.929,0.51,1.211,0.274,0.707,0.322,0.188,0.0218,2.612,0.5127,0.731,0.48,15.5,8.101876260709798,66.66850167898055,131.28243079416316,0.731
0.25780984429718734,0.6092410233278872,0.6975170545046006,0.6068551317265902,0.953471234755507,0.9616013561750683,0.7785396284032465,0.7270380018742777,0.9239500265229268,0.177,0.879,1.727,0.125,0.61,1.893,1.609,1.483,0.456,0.274,0.0082,3.273,0.2765,0.729,0.291,35.01,7.331876260709797,116.94850167898055,17.512430794163155,1.793
0.25996228784099734,0.7569461837352084,0.5521955953720092,0.6607277244924914,0.7453070911713401,0.9801013449529151,0.9784421391768725,0.694040808308938,0.9188008199595039,0.355,0.409,1.159,0.798,0.488,1.591,0.257,0.524,1.696,0.126,0.0101,2.061,0.2618,0.873,0.366,23.76,8.031876260709797,53.278501678980554,117.45243079416316,1.289
0.39537765853253914,0.6446949975910694,0.22167353787515232,0.6016826219805882,0.44681297305460344,0.9698002798105764,0.9911905273421282,0.779680891037865,0.9340344297534795,1.357,0.572,1.389,1.516,0.476,2.856,1.633,2.304,0.374,0.127,0.0627,4.138,0.5941,0.394,0.352,30.79,8.571876260709796,185.75850167898054,6.292430794163157,0.188
0.29310381492948057,0.7087839400329587,0.44762989265388486,0.6467094871309996,0.6109732712436613,0.9625746095358957,0.9800802929382136,0.8771898566056404,0.9342468748577286,0.442,0.406,1.4,1.899,0.483,2.151,1.141,0.568,1.501,0.067,0.0468,5.033,0.5056,0.663,0.479,29.0,7.491876260709797,64.11850167898055,241.96243079416317,0.958
0.3097022346492512,0.5756786013108788,0.662124098722786,0.575331809099414,0.6827728667562742,0.9944836234036013,0.9347719595410555,0.5744546175843119,0.9177510332736855,1.669,1.546,0.305,1.996,0.609,1.817,0.161,0.504,2.58,0.245,0.0071,1.497,0.5944,0.268,0.19,34.66,7.811876260709797,120.92850167898055,201.05243079416317,0.568
0.4232156260997912,0.6475495464618126,0.15940407043885352,0.6029533377515581,0.3816619550972552,0.9683781973932227,0.9877370858618609,0.7627799461242492,0.9317561049953075,1.886,1.386,1.867,0.178,0.466,1.289,1.253,0.827,2.579,0.12,0.0555,4.783,0.802,0.394,0.221,43.29,7.821876260709797,248.95850167898055,60.462430794163154,0.313
0.12791004152042768,0.8036065388316983,0.8731779244695314,0.739508617074577,0.9684197633452243,0.9981648999990469,0.9727083156271569,0.9714290844279795,0.9237371219240692,1.14,0.33,1.541,1.902,0.638,1.84,0.052000000000000005,1.691,0.8,0.235,0.0212,3.011,0.6397,0.46,0.334,31.16,8.461876260709797,17.52850167898055,175.31243079416316,1.802
0.26788223856141824,0.6979970858847938,0.5238277067403776,0.642819342575956,0.7028964869493692,0.985505677766581,0.973256994787506,0.8110908896206384,0.939329647296343,0.26,0.295,1.711,0.537,0.404,2.093,1.264,0.925,1.832,0.187,0.0397,4.88,0.055,0.564,0.492,49.56,8.611876260709797,47.808501678980555,70.94243079416316,1.531
0.43475073290679206,0.28785073965107144,0.4741535332429496,0.46738497419991276,0.9215518906001603,0.9073217973671343,0.5441350690240133,0.5326160286137727,0.9390755413208703,0.538,1.775,0.491,1.486,0.416,2.925,1.616,1.132,0.945,0.337,0.0132,2.631,0.6262,0.751,0.25,12.98,8.611876260709797,228.76850167898056,49.29243079416316,0.075
0.3821494537490385,0.7825319818033456,0.2923170884500128,0.7185849834408535,0.2926211958444701,0.9915133228243616,0.9173074249039863,0.8569236442686767,0.884943125286147,0.437,0.476,1.285,1.086,0.492,1.904,0.954,0.335,2.48,0.45,0.0422,1.767,0.76,0.278,0.313,48.73,8.051876260709797,185.42850167898055,201.53243079416316,1.87
0.15975910986682,0.7650230103774162,0.7912011041832966,0.714488620204101,0.8878852377604859,0.9724687650641741,0.936948315811535,0.9577303563567033,0.9309641652303879,1.457,1.106,1.798,0.38,0.612,1.841,1.689,0.016,2.722,0.355,0.0223,2.376,0.6815,0.39,0.062,1.44,7.551876260709797,237.85850167898056,94.66243079416317,0.973
0.1769114264836153,0.7079915058744756,0.8321365194416748,0.6800816162250577,0.9157266604524038,0.97041636538545,0.900204686165251,0.8898398764989613,0.9328077618224675,0.698,0.532,1.941,1.121,0.614,2.442,0.904,0.364,1.045,0.157,0.0315,5.293,0.1481,0.269,0.471,10.43,7.661876260709797,115.24850167898055,116.80243079416317,0.681
0.18852520400037887,0.730354898432442,0.743752913457197,0.6899996469780505,0.8652731223359407,0.9462006827180274,0.9197341261926111,0.8997162355974646,0.8890152744456727,0.65,0.138,1.598,1.827,0.513,2.579,0.394,0.977,0.459,0.358,0.0152,2.373,0.8742,0.597,0.079,24.26,8.391876260709797,78.57850167898054,108.74243079416317,2.353
0.41062210726154713,0.26926271960571346,0.5666726151602544,0.5101842341902478,0.877992787440067,0.8300890153287501,0.506700433739242,0.6954115388656887,0.9143206876101058,0.789,1.669,0.872,1.783,0.781,2.324,1.957,1.274,2.241,0.448,0.0108,1.469,0.4258,0.767,0.162,9.4,7.581876260709797,193.27850167898055,242.26243079416318,0.642
0.2981838383097452,0.7597807391207856,0.4861767949763556,0.7190671166889275,0.5101469143520061,0.9678089272020189,0.8160897099912462,0.8602441800673193,0.8722543443926419,0.792,1.681,1.729,1.937,0.534,2.906,1.359,2.6630000000000003,0.822,0.172,0.0379,1.309,0.2692,0.303,0.292,41.81,8.071876260709796,237.10850167898056,80.42243079416316,1.384
0.3281567943109767,0.7651666949148559,0.362270353471395,0.6800768640417907,0.4730560936979942,0.9749183061409017,0.977994515682779,0.8781197512524465,0.9394983559797989,1.498,0.196,0.536,1.342,0.65,1.841,1.409,0.78,2.465,0.195,0.0434,4.529,0.8352,0.336,0.265,13.45,8.491876260709796,144.60850167898056,219.32243079416315,1.358
0.2963939295585837,0.5451534593842249,0.6438426348015915,0.5682100218571418,0.9720578349023844,0.9806506496741123,0.8829334977428337,0.5951774161759682,0.9377279353117293,0.774,1.151,0.288,1.848,0.547,1.683,1.363,0.711,1.48,0.122,0.0087,5.547,0.4459,0.8,0.419,23.0,7.491876260709797,33.08850167898055,86.54243079416317,1.325
0.2410681259212864,0.7479976611108308,0.5695073439420641,0.6812649258625505,0.6858675953883042,0.9620389253452125,0.9366822046173665,0.9195669999758601,0.9376240755603298,1.314,0.7,0.61,0.548,0.647,2.526,1.606,1.866,2.234,0.09,0.0417,3.561,0.272,0.259,0.234,13.02,8.231876260709797,92.51850167898054,151.09243079416316,0.381
0.15238410201497468,0.7705432835562759,0.867647462039094,0.7276758441458514,0.9320016708321417,0.9977218323307576,0.8475239717979323,0.9095790092528806,0.9266144842202472,1.359,1.86,1.365,1.342,0.686,2.295,1.699,0.273,1.356,0.383,0.0365,1.94,0.9128,0.219,0.483,12.52,7.421876260709797,147.87850167898054,191.93243079416317,0.844
0.4540376799525501,0.4973891426818591,0.5373377177352225,0.5138575646202362,0.6866856747969698,0.919202922133401,0.6226457291705221,0.16599466043682698,0.9405188817378525,1.849,1.123,1.707,1.903,0.652,1.947,0.147,0.1,1.125,0.328,0.0025,2.606,0.5181,0.415,0.195,22.33,8.431876260709798,144.34850167898054,228.15243079416317,0.196
0.14717973832463496,0.7622445704774733,0.8782583044737392,0.715679884148008,0.9704694939765341,0.9796667848658247,0.940270689565247,0.9270617043543001,0.8954279478497298,1.751,1.956,1.164,0.321,0.612,2.517,0.479,1.81,0.821,0.377,0.0144,2.786,0.8054,0.337,0.18,40.46,8.431876260709798,169.67850167898055,207.80243079416317,2.483
0.2545979090125716,0.62289859782218,0.6963128640133597,0.6081730735913671,0.9653840199316148,0.9843579962301744,0.8437694056640411,0.6825276814274964,0.9370598076177946,1.514,1.517,1.855,0.621,0.56,2.573,0.924,1.207,1.156,0.227,0.0077,3.592,0.2419,0.745,0.101,24.97,8.231876260709797,197.64850167898055,74.09243079416316,1.334
0.278825709367441,0.5478285646146459,0.6094654155835473,0.5931609600597412,0.8302797176409373,0.9195188585225933,0.8272272840729777,0.8248261239071593,0.9396887241137846,1.73,0.265,0.266,0.893,0.492,2.048,1.277,0.864,2.081,0.431,0.0239,4.101,0.1789,0.513,0.201,18.61,8.111876260709797,181.24850167898055,110.24243079416317,1.148
0.3540829417255889,0.40404882078244964,0.6599754176975682,0.5408178307318782,0.9770829651364109,0.921027397963984,0.6207248239844179,0.5913592505463539,0.9385486843192283,1.442,0.285,1.533,0.642,0.423,1.696,0.037,0.7,1.294,0.366,0.0108,4.995,0.0401,0.643,0.091,49.06,7.571876260709797,17.608501678980552,28.832430794163155,1.35
0.1346585431439174,0.779879770792025,0.8998641106456315,0.7473252608606797,0.9663703044431743,0.9649179176232682,0.9187720819276753,0.934973124760587,0.9022729700351345,0.662,1.608,0.221,0.885,0.567,2.471,0.651,0.495,2.286,0.106,0.0122,2.902,0.4498,0.422,0.209,41.54,8.291876260709797,241.08850167898055,12.392430794163158,2.327
0.23993965771625397,0.6152696724559896,0.7518017924201678,0.6138335241849139,0.8783490826612158,0.9586855431080495,0.8858088477541414,0.7391573037906322,0.9348875504693266,0.45,0.895,0.66,0.595,0.774,1.012,0.865,0.302,1.934,0.327,0.0106,4.928,0.9268,0.368,0.063,11.26,8.041876260709797,123.01850167898054,225.48243079416318,1.162
0.22219475530164587,0.6072060990267594,0.7822279947731998,0.6246807781420278,0.9141319484683927,0.9115208569394728,0.8701179433278601,0.8713479008112559,0.9386382141027519,0.265,1.763,1.595,0.225,0.434,2.071,1.226,0.402,2.94,0.45,0.0137,3.002,0.5351,0.342,0.153,21.9,8.631876260709797,173.13850167898056,165.98243079416318,0.287
0.22089841717146952,0.6531212540674515,0.7862034663363819,0.6335261632573466,0.8661443375345619,0.9376330659564587,0.9215351034813807,0.7584557017845991,0.9389702560583231,0.584,0.999,1.983,1.009,0.693,1.781,0.79,1.617,1.758,0.499,0.0117,4.856,0.4472,0.242,0.088,16.82,8.571876260709796,136.90850167898054,94.02243079416317,1.531
0.467538269774047,0.7630805064643303,0.13258517948526582,0.7083880754714227,0.10980405004419169,0.9669749844172113,0.8745152790046986,0.8337861272056926,0.8649204303053548,0.961,1.363,0.18,1.369,0.623,1.59,1.415,1.358,1.695,0.148,0.0605,1.11,0.4967,0.299,0.436,40.76,8.651876260709797,44.168501678980554,137.88243079416316,1.173
0.2019222893665118,0.6650931155455235,0.8246020161716223,0.6591398595426711,0.9070097302990007,0.9835833206317492,0.8802674962387926,0.8166884096075683,0.898943238940791,0.373,0.736,0.889,1.627,0.593,1.21,1.0,0.278,0.63,0.375,0.0181,1.739,0.9354,0.243,0.423,32.6,8.551876260709797,126.62850167898054,114.56243079416316,1.541
0.2332930698221802,0.6150416306866332,0.7073998625629433,0.6133598908074496,0.9478644627760433,0.995318668351569,0.9259479195282903,0.8000299531475596,0.9375890115488792,0.169,1.08,1.086,0.472,0.497,1.935,1.311,0.187,1.428,0.207,0.0204,2.802,0.831,0.573,0.278,33.76,8.061876260709797,111.98850167898055,149.77243079416317,0.094
0.13413895080027652,0.8243985021549229,0.8798989932674,0.749790085725914,0.9837769737348161,0.9781188785465548,0.9945507374787608,0.8566683481163514,0.8784874534924652,1.235,0.504,1.696,1.17,0.489,1.84,0.136,0.87,0.245,0.128,0.0028,1.946,0.1312,0.732,0.06,16.07,7.371876260709797,195.75850167898054,46.59243079416316,2.146
0.14202231058283193,0.7872283576157264,0.8426199100408309,0.7218196552970373,0.9760006102606226,0.9855483523903246,0.9722864341033717,0.917843533288318,0.9249295174850778,1.048,1.537,1.38,1.608,0.742,1.289,0.643,1.103,0.26,0.175,0.014,5.301,0.4143,0.618,0.237,33.69,7.421876260709797,222.91850167898056,235.94243079416316,2.407
0.4221747376898696,0.6001559567622843,0.20118321967108255,0.577418999880491,0.4280126081819553,0.9919550059156863,0.9359909517188104,0.6619481785045264,0.9393091981315345,0.382,0.243,1.108,0.316,0.428,2.741,0.711,0.719,2.009,0.196,0.0492,4.9,0.3605,0.625,0.495,31.18,7.711876260709797,42.098501678980554,94.26243079416317,1.38
0.1467743661512784,0.7509464189272408,0.8846867290928921,0.716829476860328,0.9528939569079156,0.9997981594502281,0.9302511343967284,0.9402991989493489,0.9213665168596364,1.222,0.178,1.709,1.353,0.621,2.967,0.952,0.605,2.75,0.277,0.0205,1.743,0.5496,0.328,0.344,25.08,7.711876260709797,109.60850167898055,78.68243079416317,0.784
0.19945538028763826,0.7197280532316426,0.7929517772360756,0.6714586493863006,0.9771927364501171,0.9727264679912042,0.8971489067661381,0.7507965786808666,0.8777129170682278,1.647,1.551,0.342,0.502,0.459,1.892,0.226,1.487,2.873,0.233,0.003,1.683,0.5898,0.736,0.397,43.4,7.6918762607097975,8.418501678980551,145.81243079416316,1.876
0.45379987677087297,0.7174126025435432,0.0967296718327244,0.6349541847286089,0.24668498513304504,0.9910452975387817,0.9917031825486707,0.7831225898734216,0.9383971710139228,1.712,1.337,1.16,0.412,0.478,2.599,1.609,1.981,0.729,0.238,0.0613,3.001,0.915,0.464,0.426,27.16,7.371876260709797,89.01850167898054,103.81243079416316,0.858
0.150875945153875,0.7440282788148429,0.8590113405356198,0.7065773391815553,0.9603105760918347,0.9914828504163771,0.9574316960163662,0.9462114902707796,0.9347376977678185,1.809,0.169,0.691,1.988,0.481,2.421,0.91,2.159,1.224,0.321,0.0181,5.664,0.4885,0.332,0.22,15.19,7.611876260709797,171.31850167898054,207.27243079416317,1.844
0.3710030231325507,0.5591480089149657,0.6148817932263027,0.5639598746227732,0.6085586068728293,0.9633949578882472,0.9475859101472348,0.36188664368385437,0.9379817967752448,1.586,0.261,1.888,0.465,0.499,1.546,0.4,0.023,2.37,0.074,0.0056,5.37,0.7857,0.34,0.422,25.62,7.781876260709797,167.79850167898056,102.94243079416316,1.469
0.14039553555094755,0.7722956690985403,0.8604710164379739,0.7196862235656574,0.9721013666342274,0.9948484438297948,0.9657153069723757,0.9624367904860133,0.933648427016083,0.488,0.867,1.431,1.44,0.468,2.796,1.175,1.201,2.492,0.241,0.0168,3.102,0.3121,0.464,0.195,7.86,8.611876260709797,173.79850167898056,99.68243079416317,1.312
0.14149180490307897,0.8108374287304141,0.8236839143352949,0.7337629126493489,0.9344497073683592,0.991429951119183,0.9877650983407603,0.8983295225539386,0.9131060743273156,1.011,0.263,0.602,0.308,0.631,2.184,0.632,1.304,0.205,0.187,0.0173,2.013,0.0431,0.629,0.275,35.16,7.461876260709797,132.81850167898057,196.95243079416318,1.355
0.16565454323438716,0.8171775708638019,0.7966725929579426,0.7493374879558359,0.8517700313882425,0.9599591305614698,0.7977219785279065,0.8937248058675314,0.9215943759609329,1.847,0.445,0.497,1.793,0.506,1.614,0.375,0.974,1.04,0.112,0.0297,4.822,0.1604,0.211,0.306,6.91,7.571876260709797,131.45850167898055,213.02243079416317,2.384
0.14275998254207925,0.7628788173819318,0.8756625073341746,0.7176386227339099,0.9657945781823207,0.9786941049723983,0.9564139423989416,0.9496604413176625,0.9253587339810502,0.15,0.625,1.679,1.759,0.735,2.975,1.721,2.225,1.671,0.367,0.0139,4.423,0.0809,0.316,0.053,40.2,7.681876260709797,222.24850167898055,187.55243079416317,2.043
0.22810098602248927,0.6426619457552842,0.7799859839369817,0.6287582472879658,0.847648499878682,0.9577103486223952,0.9213904123233724,0.7412305492564102,0.935324678218889,0.675,0.859,0.228,0.92,0.664,2.649,0.581,2.104,1.186,0.498,0.0178,4.97,0.1002,0.2,0.44,29.13,8.571876260709796,99.28850167898055,205.98243079416318,1.682
0.1432276982128276,0.777967282356396,0.8500268082556284,0.7169197521431862,0.9806652300651066,0.9923281350075945,0.9574958393578437,0.9346323205648776,0.9246591240934856,1.563,0.514,1.155,1.359,0.761,2.936,1.154,1.105,0.283,0.231,0.0207,2.968,0.9402,0.581,0.451,16.67,8.021876260709798,180.42850167898055,135.80243079416317,1.773
0.1345759367526266,0.7842810774062109,0.8918775734924085,0.7460332425874256,0.9581450800490448,0.9655152891916322,0.8897101131097971,0.9476776872602326,0.9342830135438779,0.884,0.899,1.93,0.536,0.463,1.473,0.883,0.599,2.379,0.135,0.0197,5.427,0.6871,0.323,0.277,42.66,7.971876260709797,222.04850167898056,198.22243079416316,2.041
0.2148794283950379,0.7001117287984862,0.7661952982353565,0.6515315055372205,0.913455941747494,0.9998206419031167,0.8746417306419239,0.726548441194554,0.9266713720525022,1.264,0.813,0.79,0.6,0.461,2.187,0.863,1.869,1.28,0.188,0.005,4.711,0.9082,0.566,0.157,12.04,7.411876260709797,23.548501678980553,239.06243079416316,2.299
0.31839685124050227,0.7462318021418756,0.38719588461225585,0.664282167817442,0.5108415472753958,0.9677952498585984,0.942791380966116,0.8964219401250992,0.9362472296253045,1.247,0.349,0.904,1.677,0.435,2.525,0.341,0.709,0.23,0.157,0.0459,3.58,0.7955,0.214,0.149,3.21,8.531876260709797,115.17850167898055,45.532430794163155,0.506
0.3312564778777435,0.7913119866668138,0.3546655068729929,0.6994247348770963,0.4434461740475064,0.9768171984641577,0.9707509188972278,0.8885124981805151,0.9373943063381481,0.445,0.539,0.235,0.529,0.708,2.782,1.569,1.418,0.419,0.253,0.0615,1.915,0.2054,0.239,0.411,49.23,8.091876260709798,176.47850167898054,142.33243079416317,0.228
0.3301414303224977,0.7247430114774984,0.36026404482686003,0.6586358739649091,0.4981572061751639,0.9612061102031788,0.9506666263938867,0.8986295255042515,0.9342122119442322,0.504,1.792,1.3,1.878,0.415,2.319,0.283,1.693,1.7,0.057,0.0485,4.463,0.1425,0.493,0.238,16.43,8.271876260709798,187.83850167898055,243.41243079416316,0.39
0.4119682790645794,0.8287449061600718,0.2087961427699221,0.7276729080533177,0.22224914239813953,0.9616099512078505,0.9148116218873107,0.9046353128906337,0.9256539704233949,1.091,1.156,1.612,1.665,0.562,2.915,0.75,1.707,0.304,0.102,0.0504,4.632,0.7725,0.256,0.337,15.35,8.311876260709797,11.398501678980551,74.60243079416317,2.255
0.24654701000338564,0.5528701397501475,0.8302857730704137,0.6368506192459917,0.9669512148390195,0.8408838234402989,0.7310413553183059,0.9407096717500532,0.8469848170118331,0.332,0.341,0.901,1.765,0.711,1.145,0.392,0.999,1.298,0.482,0.0129,1.044,0.3315,0.521,0.304,39.7,7.811876260709797,130.76850167898056,139.89243079416318,1.346
0.33199776810978243,0.4286690221438252,0.6464048880530081,0.5775359185224684,0.8165726698484362,0.8572567660541098,0.6974031770570865,0.7213815034731106,0.8307624908492482,0.994,1.61,0.976,0.217,0.514,2.43,0.695,0.54,0.687,0.444,0.0111,1.109,0.7361,0.76,0.225,41.06,7.511876260709797,62.71850167898055,55.242430794163155,1.908
0.1477452209522961,0.7704677592077663,0.8921158257531021,0.7347117903706619,0.9528669836795536,0.9587639281927376,0.8510981924837008,0.8998770727935261,0.9382825790396849,1.169,0.291,0.409,1.913,0.787,2.808,1.359,1.259,1.365,0.05,0.0199,3.386,0.0551,0.517,0.378,27.05,7.601876260709798,133.84850167898057,231.85243079416315,1.097
0.2692470180951905,0.601153554732341,0.604005156120878,0.6020507677826059,0.8507389846514557,0.9846945677425238,0.9701238746298215,0.7210313533594603,0.9331534317541422,1.872,0.306,1.72,1.305,0.527,1.464,1.271,0.895,1.112,0.171,0.0289,4.722,0.4076,0.556,0.293,43.89,8.411876260709796,91.78850167898055,218.16243079416316,0.337
0.23393460917591657,0.7881788666807901,0.5705961018506651,0.7067090055822118,0.666739658304261,0.9914305626985429,0.949159713599404,0.9265849059541141,0.9415423064826235,0.742,0.121,1.496,1.47,0.77,1.236,0.697,0.175,0.318,0.269,0.0355,2.33,0.2834,0.314,0.131,7.15,7.531876260709797,233.42850167898055,35.702430794163156,0.311
0.177121451736617,0.7305308600033743,0.8031913521786154,0.7023057780376094,0.9065681782712768,0.9716710496974282,0.9604453867412821,0.8766758713555369,0.8428328425149145,1.269,1.942,1.343,1.135,0.663,2.355,0.387,1.608,1.482,0.289,0.0178,1.409,0.3612,0.627,0.311,45.51,7.811876260709797,197.25850167898054,30.572430794163157,2.177
0.172248834781036,0.7231912548336195,0.8435317051142117,0.688458649625968,0.9175662280959679,0.9754643733271667,0.9075740123712489,0.8616138386350364,0.9359433813221844,1.562,1.636,0.231,0.772,0.707,1.135,0.005,0.12,2.741,0.203,0.0177,4.587,0.8785,0.254,0.126,19.06,8.191876260709797,91.74850167898055,37.86243079416316,1.055
0.22398228300105225,0.6950059991159037,0.6436693579815213,0.6601635558025336,0.7923269884608517,0.9380592890242758,0.9390123106488716,0.895293757095003,0.9350754128857707,1.991,0.194,0.432,0.97,0.413,2.535,0.205,0.219,0.822,0.415,0.0262,1.978,0.5849,0.477,0.174,32.94,7.461876260709797,225.79850167898056,184.38243079416316,0.411
0.4720916769405685,0.27766530576006254,0.3798167006596981,0.46623754247919513,0.7773159422494189,0.9234021375026447,0.65076889515651,0.35977011848181306,0.9340058543803683,0.904,1.879,1.017,1.549,0.426,2.761,0.84,0.519,0.986,0.373,0.0319,4.901,0.3781,0.669,0.456,38.13,8.501876260709796,71.93850167898054,243.00243079416316,0.644
0.1534103581377598,0.8510260684682118,0.7500348936013903,0.7601618731948682,0.8235001135545144,0.9730009107522141,0.9646309235854342,0.9300461270499466,0.9102552872491405,1.6,0.857,1.622,0.501,0.531,1.308,0.727,0.852,2.104,0.138,0.0296,3.437,0.8718,0.571,0.439,8.15,7.601876260709798,168.43850167898054,244.71243079416317,2.499
0.3748504879963879,0.4920684534617187,0.6411571214369725,0.5440894384571087,0.8517195005999688,0.8481709963221524,0.48421806382583854,0.5384953139939233,0.9263164504841689,0.667,0.267,0.605,0.64,0.625,2.631,1.86,1.024,2.534,0.443,0.0059,3.104,0.8552,0.53,0.465,2.94,7.781876260709797,80.17850167898055,123.12243079416317,1.633
0.4218753354552495,0.7270216888484782,0.18636023137889168,0.6456586829071679,0.30299458153424574,0.999822529172843,0.9640319323749822,0.7376194319159828,0.9238952063236587,0.844,0.951,0.262,0.492,0.464,1.957,0.046,1.207,0.765,0.21,0.0323,2.665,0.1196,0.672,0.272,21.07,7.491876260709797,32.63850167898055,53.02243079416316,1.57
0.1817020725614989,0.690617083974223,0.8429889042086813,0.6695354380787439,0.9324013546698071,0.9329623039596971,0.9251340972097544,0.8844932127761012,0.9191439864148154,1.623,0.91,0.229,1.008,0.474,1.524,0.905,0.719,0.626,0.456,0.0141,1.986,0.0714,0.293,0.142,5.84,7.591876260709797,174.10850167898056,39.26243079416316,1.128
0.2995689132730298,0.5090582341330856,0.6274988947223674,0.5710863366018147,0.8993356838039803,0.9666854167037775,0.8762057870320035,0.6496158007324124,0.9303782464651226,0.683,0.922,1.273,1.134,0.46,2.233,1.457,1.707,2.559,0.313,0.0221,5.118,0.3975,0.475,0.11,20.3,8.501876260709796,62.82850167898055,22.972430794163156,0.446
0.2782345592799399,0.6454892031558623,0.5241175492165171,0.6201039053006802,0.7282330959445332,0.9903089649076978,0.9856869057953748,0.7906624228008868,0.9301827183520718,1.854,1.605,1.946,1.802,0.435,2.794,0.09,2.394,1.617,0.368,0.0391,5.231,0.9582,0.206,0.154,38.41,8.191876260709797,27.168501678980554,65.67243079416316,0.419
0.3717118095992658,0.4400620357818621,0.6417491991113675,0.5381788324393444,0.9237873537400425,0.8275529549061824,0.45980903423351893,0.6577004628101284,0.9246156463207249,1.057,0.207,0.736,1.442,0.558,1.322,0.12,0.902,2.34,0.465,0.0025,1.611,0.1671,0.624,0.089,28.45,7.351876260709797,138.99850167898055,171.90243079416317,0.443
0.547068822645207,0.3117497992499212,0.08643685464717321,0.46341259848345917,0.48993746459873133,0.9759129177712181,0.7218408136701884,0.3249352412198333,0.9349351415839446,0.882,0.408,1.116,0.66,0.614,1.826,1.051,1.221,0.36,0.248,0.0167,5.7,0.4122,0.883,0.484,22.62,8.571876260709796,151.19850167898056,91.67243079416316,1.858
0.19167684047730082,0.6892756793129513,0.8279137364986329,0.6822898179240695,0.9605538048908902,0.9489013091849031,0.8871908037039277,0.8371511079686239,0.847015395743693,0.683,0.793,0.798,1.931,0.8,1.084,0.705,0.9570000000000001,2.212,0.295,0.0112,1.655,0.651,0.705,0.393,15.9,8.411876260709796,69.00850167898055,115.28243079416316,2.462
0.3764437668760459,0.5124753771209141,0.3845908453585173,0.5598412173282931,0.6448550543211304,0.9765377850520786,0.9005879781692193,0.5727306325532995,0.9335878998123123,1.593,0.172,1.11,0.81,0.678,1.275,0.254,0.033,1.793,0.298,0.0299,5.934,0.3925,0.535,0.128,20.62,7.601876260709798,113.71850167898054,149.88243079416316,0.999
0.16628739847872565,0.7899839681877784,0.7577888638795566,0.7367882747874703,0.8274446242987561,0.989616225091168,0.9230251436978834,0.939143189049792,0.9017821280631676,1.947,0.354,1.645,1.439,0.721,2.647,0.867,0.731,2.263,0.354,0.035,1.726,0.8786,0.357,0.404,35.68,7.501876260709797,205.42850167898055,19.402430794163156,1.445
0.2272731964855575,0.5942960640675422,0.7958819889226509,0.633400736743603,0.9843368484548577,0.9067799080714398,0.7790838725737037,0.8966213256774728,0.9356293909342254,0.388,0.43,1.904,0.628,0.547,2.666,1.575,1.112,2.284,0.379,0.0165,2.956,0.1636,0.561,0.347,2.0,7.861876260709797,197.05850167898055,35.782430794163155,1.115
0.33271110734356035,0.6528551790141178,0.375581864263982,0.6071304602793941,0.5993346329117623,0.9673124183340203,0.9863801570996928,0.7660819466523312,0.9343108288767042,1.128,1.855,0.588,0.669,0.733,2.76,0.876,0.836,0.219,0.078,0.0191,5.274,0.9055,0.877,0.236,10.74,8.461876260709797,126.32850167898054,177.62243079416317,1.171
0.34730594237802265,0.7054497910358926,0.35045252208921973,0.6732251542948289,0.4339206973029366,0.9496700086437706,0.9476770154280683,0.8777559867730257,0.9058851181494927,1.667,1.507,1.278,0.474,0.704,1.756,1.668,0.389,2.101,0.386,0.0443,2.758,0.9382,0.534,0.451,41.87,8.311876260709797,6.358501678980552,67.81243079416316,2.273
0.23973787463361723,0.6442640375568621,0.7200983225928606,0.6654787772484667,0.8329867350057671,0.9658984312494134,0.7629492202686861,0.8560369842203855,0.807589641520981,0.695,0.746,0.472,1.885,0.683,1.225,0.058,1.065,0.899,0.129,0.0235,1.042,0.0803,0.38,0.219,47.05,8.161876260709796,108.26850167898054,12.842430794163159,2.013
0.3032766527281015,0.7645763771318458,0.4362802764306305,0.6743692663029965,0.5608476208581414,0.9955564121340839,0.9819077803966128,0.7616974572475822,0.9188565888403271,1.436,0.734,0.195,1.962,0.561,2.806,0.406,2.424,2.984,0.191,0.0363,1.815,0.7554,0.676,0.426,19.53,7.4818762607097975,238.67850167898055,214.11243079416317,0.984
0.27713488093174443,0.6165967097609384,0.5751372867254891,0.6426183873302529,0.6906990304221146,0.8888492726919477,0.8672864541652502,0.8533704821038459,0.890149019433366,0.432,0.9,1.187,0.924,0.546,1.557,1.213,0.966,2.216,0.459,0.0365,1.588,0.9069,0.574,0.486,28.06,7.881876260709797,215.41850167898056,2.6724307941631564,1.516
0.16257730699748724,0.7922147969587298,0.7528678153051648,0.722392729779908,0.8628369016027777,0.9699904952762956,0.970797980642604,0.92381518107582,0.9386398198690834,1.087,1.465,1.364,1.817,0.49,1.691,1.579,1.455,1.731,0.115,0.0292,1.958,0.8043,0.573,0.371,36.91,7.671876260709797,143.94850167898056,209.00243079416316,0.336
0.36383887886585786,0.37663046607325046,0.6027514723277855,0.5298928803657839,0.8999338118742086,0.9051661478687874,0.6190252610605209,0.6515026550956453,0.9223191589458448,1.191,0.647,1.945,1.093,0.611,2.566,1.977,1.234,0.597,0.4,0.0104,4.366,0.8677,0.724,0.123,15.69,8.061876260709797,53.18850167898055,41.632430794163156,2.317
0.1829987398491989,0.6779905561754782,0.8586203618475302,0.6999565295385068,0.9724357231826466,0.9846838295029179,0.8973266621314202,0.9246814057948067,0.8076595134897526,1.359,1.275,1.631,0.398,0.511,2.911,1.335,0.658,1.045,0.173,0.014,1.001,0.393,0.492,0.121,12.13,8.181876260709798,248.28850167898054,157.04243079416315,1.917
