0.17164451431310243,0.6987251810780784,0.8249863282017684,0.6857437896951107,0.9571378384924045,0.9659556747156635,0.9744588371006688,0.9144062994808903,0.9324231307447147,1.341,0.287,1.264,1.893,0.614,1.581,1.464,0.838,1.246,0.089,0.0163,5.893,0.7571,0.555,0.28,41.53,12.83505300579214,233.7005112700784,69.94347185908465,1.078
0.1502031659929503,0.7456117593581496,0.8669883639442528,0.7071256391654455,0.9405889291167291,0.9988672380826075,0.9673639377107712,0.9474758887471953,0.9296280472104623,1.351,1.38,1.815,1.621,0.428,1.485,0.581,0.381,1.725,0.238,0.0184,2.076,0.7926,0.398,0.432,26.18,12.35505300579214,142.5305112700784,211.86347185908465,0.879
0.21913982490033188,0.733903665497869,0.7014759987552588,0.6668521482102683,0.880532856739956,0.9868581669170302,0.9203445661272747,0.7154659323958897,0.8926825117525452,0.485,1.68,1.337,1.85,0.632,3.0,0.909,0.499,2.943,0.233,0.0067,2.766,0.4123,0.788,0.194,36.41,9.655053005792139,148.82051127007838,1.6834718590846478,2.437
0.41655109136965646,0.8143454982044354,0.22285286152441686,0.730937574601963,0.20837346759695963,0.9604540128286718,0.8914371659801167,0.839043471558977,0.8933731213663141,1.941,1.03,0.454,0.357,0.764,1.302,0.453,0.113,2.137,0.062,0.026,2.119,0.6087,0.82,0.259,26.93,10.29505300579214,169.4705112700784,55.01347185908465,2.003
0.47982367167041323,0.45488870546080895,0.15022167680649745,0.5402542372148023,0.33339257956504886,0.9147613552739708,0.761734642043884,0.689330596688895,0.9206689198976135,0.576,0.448,0.499,1.74,0.419,2.591,1.271,1.86,2.183,0.436,0.0314,4.652,0.6787,0.657,0.353,40.79,10.065053005792139,38.460511270078385,71.48347185908466,2.473
0.3206839032603427,0.5801609580142043,0.5376825799959433,0.6178361104515284,0.6336854939859008,0.9470842707124569,0.9003299895777518,0.6840944274554919,0.8001574706722681,1.689,0.971,0.429,1.21,0.677,1.551,1.335,0.857,2.74,0.292,0.0201,1.108,0.4602,0.762,0.382,7.46,11.55505300579214,104.04051127007838,143.13347185908466,2.367
0.4792687308571139,0.7278280348944528,0.04007111070320746,0.6425579458965094,0.18279398892622412,0.9907662907522796,0.995416237817736,0.7930227404659697,0.940748543310287,0.374,1.499,1.599,0.307,0.466,2.799,0.666,0.355,2.571,0.37,0.0558,1.999,0.9178,0.317,0.212,25.78,12.865053005792138,159.7805112700784,232.64347185908466,0.133
0.1941392344475783,0.670880766471686,0.7820844446371434,0.6573922350078787,0.9189665462282416,0.9771927165755272,0.9650068869274581,0.8747888092901837,0.9340860713808621,1.427,1.353,0.443,1.688,0.65,1.602,0.083,1.099,1.947,0.165,0.0262,3.89,0.4351,0.358,0.3,14.15,9.37505300579214,94.04051127007838,145.94347185908467,0.067
0.2415117386238039,0.6008407929799304,0.7366709029985885,0.6141487814555406,0.9698388201835472,0.9397498613527376,0.7835455459204026,0.8177379693425711,0.9332156011419881,1.24,1.897,0.211,0.173,0.514,2.392,1.524,1.25,1.239,0.324,0.0167,2.333,0.5538,0.631,0.396,27.54,12.01505300579214,174.04051127007838,179.31347185908464,0.801
0.17097683014769186,0.8030312505886232,0.7234016877543544,0.7282682660630575,0.8144649411742727,0.9684885334388779,0.9506334397723403,0.9445827784069175,0.9383655496291567,1.708,1.289,0.992,0.672,0.429,1.475,0.662,1.418,1.196,0.144,0.0393,3.73,0.665,0.363,0.429,34.57,8.69505300579214,20.790511270078383,17.903471859084647,1.36
0.25339454413559825,0.5980014789156699,0.7434696770846658,0.6060997509499397,0.9021297302362099,0.9192695364692237,0.7532283157287623,0.775719148437043,0.9382895935083242,0.783,1.859,0.976,1.896,0.645,2.998,0.892,1.274,2.825,0.389,0.0087,3.479,0.3797,0.449,0.145,28.91,11.94505300579214,72.82051127007838,141.12347185908465,1.123
0.36996022813892926,0.534611518125996,0.344986489471409,0.5682333231935885,0.5840471050253402,0.9192924067315965,0.8918287461293739,0.739762842966947,0.937087064232623,1.368,0.893,1.225,0.646,0.532,1.331,0.73,0.495,1.8,0.494,0.0492,3.612,0.2035,0.434,0.39,43.42,9.97505300579214,32.02051127007838,123.74347185908465,0.483
0.17238691919922264,0.7707248409445788,0.7450178692929068,0.71877295363002,0.8363077909026784,0.9717513974442027,0.9482491743019854,0.9256636939268726,0.9274107107649261,0.15,1.266,1.552,0.69,0.543,1.292,0.758,0.865,2.471,0.473,0.0339,5.4,0.3077,0.259,0.358,7.81,11.175053005792138,9.32051127007838,23.993471859084647,2.224
0.5650126421033603,0.19636640320653054,0.1202387245069575,0.4523683153594851,0.4600435385173647,0.8921294802265252,0.6298947790663011,0.37529397961260647,0.9384983877063934,0.433,1.932,1.825,1.36,0.696,1.614,0.989,0.844,1.406,0.437,0.0404,5.283,0.8298,0.642,0.394,24.04,9.865053005792138,25.72051127007838,116.82347185908465,1.361
0.21960147703422508,0.7379447995833015,0.6323491737055392,0.6825049165830382,0.7495997875434274,0.9603313456131441,0.9150744449596484,0.9263167504878899,0.9348859163176592,0.927,0.395,1.005,0.689,0.767,2.264,1.804,0.544,0.645,0.055,0.0322,3.423,0.2489,0.452,0.109,22.52,11.47505300579214,181.5605112700784,176.41347185908467,0.061
0.5080028047738385,0.5518033066247392,0.017808810847054102,0.5639907593136528,0.2216823263781672,0.9361900786504249,0.8718799120731888,0.7193764739512134,0.9380604822310918,0.109,1.833,0.833,0.261,0.662,1.385,0.256,1.373,2.064,0.381,0.05,2.407,0.6151,0.553,0.351,37.45,9.655053005792139,35.88051127007838,96.71347185908465,0.649
0.19011535335911295,0.7890693104855484,0.6781974475703865,0.7126592939426124,0.782576443320312,0.9856925220190349,0.9779239103763026,0.9244757094158178,0.930225494273839,1.228,0.635,0.659,1.636,0.475,1.399,0.217,0.466,0.958,0.34,0.0229,3.929,0.7402,0.442,0.129,44.17,12.21505300579214,249.57051127007838,213.22347185908467,1.859
0.25136891233713854,0.5947536648341121,0.7184073750747213,0.6018104869718348,0.9498327762583348,0.9768337319637773,0.8089999634828021,0.754628426896303,0.9393773581611379,1.205,1.202,0.311,1.47,0.615,1.206,0.449,0.356,2.093,0.228,0.0061,2.802,0.4084,0.611,0.144,16.56,10.575053005792139,231.1205112700784,114.85347185908465,0.443
0.4888954257558412,0.8276402367164918,0.061659408256851456,0.7342488027530091,0.05145571556662221,0.9594920866804802,0.9025820520437616,0.8772191633196882,0.9265649631511512,1.39,0.87,1.633,0.694,0.545,2.917,0.615,2.85,0.519,0.079,0.0468,3.281,0.7671,0.31,0.24,47.78,8.21505300579214,148.2705112700784,198.30347185908465,1.73
0.18668780621205944,0.7219993712607058,0.8108893033307566,0.6729360778143312,0.9581956042337202,0.9419222511107829,0.8489606065570118,0.855507945186165,0.9000540304006401,1.482,1.209,1.783,1.829,0.582,1.936,0.309,1.524,2.996,0.34,0.0079,2.619,0.8082,0.609,0.408,39.06,12.88505300579214,193.5905112700784,115.51347185908466,2.274
0.545156282537338,0.2572701800455762,0.1466000962014724,0.44494580806489437,0.5689030296137132,0.9197737551492032,0.6019844358725182,0.3406174213839662,0.9363115444315279,1.936,0.292,0.12,0.826,0.5,2.961,0.161,0.612,1.914,0.351,0.01,3.27,0.5715,0.851,0.088,27.92,11.12505300579214,194.9005112700784,71.18347185908465,1.362
0.2178262952005855,0.6567624624942177,0.8585366218877983,0.6882486910686982,0.9613271593601881,0.9592423438813608,0.6817822499574077,0.838055746004613,0.8819816414855632,1.316,0.864,0.718,1.989,0.427,2.264,0.233,0.359,2.142,0.091,0.0219,1.443,0.0257,0.264,0.321,44.17,10.96505300579214,180.5905112700784,38.42347185908465,1.377
0.1399629276115791,0.7845376291915039,0.8994594587217419,0.7450521520439091,0.954139587223275,0.9594625496925163,0.8899347252481095,0.887641625089513,0.9181409837816872,1.08,0.884,1.139,1.326,0.722,2.782,0.909,0.355,0.222,0.059,0.0093,3.859,0.7525,0.52,0.131,36.08,10.38505300579214,43.90051127007838,114.39347185908466,2.364
0.25591068851962223,0.7538974213213693,0.5360513367816189,0.6730780592899622,0.676946950696514,0.9933346748578499,0.9706297166616666,0.8233179213518703,0.9311336246463061,1.111,0.879,1.242,0.973,0.632,2.446,0.546,0.146,2.988,0.257,0.0312,2.971,0.5096,0.594,0.352,38.5,9.865053005792138,139.0605112700784,82.41347185908465,1.385
0.141597134925892,0.8288004550644492,0.7939285371174809,0.7415060365696955,0.8994367211226313,0.9631509318040417,0.9742196409272681,0.9431018867175267,0.9198047462209927,0.553,0.184,1.826,0.331,0.673,1.634,1.339,0.295,1.497,0.067,0.0104,3.107,0.3415,0.83,0.358,24.45,12.12505300579214,25.61051127007838,64.83347185908465,1.899
0.45255311881829696,0.7014125275974428,0.10357987326839901,0.6294950754975577,0.25773876295954545,0.9756904070606832,0.9911852835547377,0.7694298537245927,0.9395501071104433,1.205,0.736,1.557,0.805,0.69,1.894,1.437,1.05,1.068,0.164,0.0663,4.485,0.896,0.486,0.488,25.74,12.04505300579214,103.19051127007837,126.30347185908465,1.26
0.2379155756941769,0.6220148894833375,0.7561696899600213,0.6146107257329702,0.862570577368044,0.9709444285791488,0.9255824177511642,0.7328617062624766,0.926871375561434,0.956,1.582,0.437,1.369,0.403,1.398,0.656,0.962,1.869,0.118,0.0211,5.535,0.4887,0.353,0.321,2.66,11.54505300579214,73.73051127007838,70.48347185908466,0.142
0.49864651613004835,0.39709844464219135,0.15643353628863288,0.494251425677829,0.5158075578332935,0.960016042734058,0.8599502295147226,0.36930561868834966,0.9301421365361556,0.664,1.99,0.661,0.78,0.526,1.093,0.257,1.022,1.542,0.356,0.0357,5.077,0.5373,0.495,0.053,45.88,8.12505300579214,57.79051127007838,18.833471859084646,0.279
0.25832758302917125,0.6477652017495438,0.7004013202338162,0.6091870553478587,0.7734245891868314,0.9733101694053861,0.905536896428716,0.6810805725034137,0.9320294292190046,1.29,1.235,0.775,0.442,0.783,1.716,0.787,0.915,0.572,0.249,0.0078,1.813,0.8485,0.433,0.467,40.5,10.55505300579214,237.5505112700784,183.52347185908465,0.511
0.3340285031418921,0.5361239420984518,0.6629821058825041,0.5686509762387021,0.9119407796679087,0.9046489089653755,0.5921852011989834,0.5660791395377023,0.9204399043001855,0.959,0.765,0.708,0.494,0.421,2.442,0.815,1.5,2.659,0.397,0.0026,3.993,0.5081,0.61,0.364,22.91,7.585053005792139,134.6305112700784,62.153471859084654,2.267
0.5484080331312721,0.1787671631663018,0.43342843764449934,0.4306686321797567,0.9526815039081951,0.9499892124140157,0.548560911410205,0.06559955363282866,0.9306855812256729,0.254,1.613,0.943,0.849,0.778,2.529,1.343,1.994,0.454,0.269,0.0118,5.376,0.406,0.763,0.296,27.47,10.925053005792138,142.7105112700784,0.7134718590846478,0.359
0.338257433295555,0.6646692674311642,0.6298037095502007,0.586893766224279,0.652277035050742,0.9612511990644662,0.9062349735251974,0.4044697361663915,0.9033818333506699,1.794,1.356,0.544,0.964,0.769,1.008,0.919,0.6930000000000001,2.847,0.284,0.0053,2.408,0.6868,0.343,0.243,2.48,10.53505300579214,57.40051127007838,57.96347185908465,1.97
0.2312286750748365,0.7298582813666756,0.6010003845120404,0.6705408372238568,0.7463481317169216,0.9855669795377769,0.9666106927175073,0.8691649623229767,0.9349401438355454,0.791,0.822,0.388,0.414,0.629,2.095,0.873,1.803,1.272,0.307,0.0277,4.186,0.6202,0.495,0.264,40.33,9.145053005792139,159.1505112700784,72.91347185908465,1.68
0.30649210583742426,0.8143483404805417,0.4195892561356984,0.7303612160070784,0.46852287802851766,0.959160297315278,0.8962825541521329,0.906246311351961,0.9386145928264414,1.919,0.9,1.362,1.149,0.473,1.987,0.192,1.7570000000000001,1.063,0.052,0.0299,3.431,0.9699,0.72,0.191,33.31,10.925053005792138,240.51051127007838,98.70347185908466,1.364
0.21273011321884366,0.697280024291598,0.7599786659359007,0.6595604227698908,0.8659085214360835,0.9687452364864229,0.9785437469307345,0.7283870769280061,0.9392320588125359,1.107,0.998,1.927,1.784,0.717,1.01,1.006,0.256,1.705,0.075,0.003,2.666,0.9092,0.643,0.492,7.69,8.165053005792139,207.5305112700784,7.163471859084648,0.273
0.245443216287596,0.7311950427260685,0.6084393233586396,0.6994229892101574,0.6634173638824252,0.9992023604896213,0.8789810380956015,0.8798534161886861,0.8462232998664359,0.847,1.936,1.588,1.249,0.691,1.245,0.169,1.195,2.25,0.318,0.0274,1.179,0.1521,0.337,0.142,10.22,12.85505300579214,87.53051127007838,137.30347185908465,1.669
0.3059621357426601,0.7250939284307956,0.49044481943405893,0.6781808473767772,0.5369021742898167,0.9865300836092311,0.9556642466020708,0.7623277381397291,0.80759305383865,1.806,1.982,1.791,0.613,0.672,2.371,1.65,1.12,1.034,0.175,0.0277,1.158,0.539,0.691,0.381,26.27,7.855053005792139,92.62051127007838,210.64347185908466,2.325
0.25040217390004066,0.7878753131367666,0.5393498007499031,0.7201767145816691,0.6088238886690194,0.9783670652058399,0.9740245792843649,0.9246299052366705,0.920808320936991,1.111,1.101,0.209,1.702,0.588,2.677,0.525,1.115,0.502,0.391,0.0294,1.874,0.0345,0.34,0.069,32.28,12.96505300579214,19.55051127007838,159.70347185908466,0.927
0.35935060062842067,0.49951202824910224,0.6356372079931478,0.5423229496465782,0.8195732276291536,0.8785001311874073,0.5518261956653965,0.5659576462377038,0.9385383466819769,0.314,0.937,1.246,0.153,0.764,2.356,1.188,1.458,1.142,0.429,0.0081,3.716,0.4631,0.442,0.419,42.9,11.005053005792139,108.27051127007837,96.30347185908465,1.023
0.4476929804623216,0.6766474887321128,0.12017458055500219,0.6068952087886845,0.32914411133871413,0.9938474105726531,0.9709158755737316,0.6599275460000843,0.9394161081438859,1.964,1.058,1.561,1.736,0.595,2.49,1.306,2.346,0.619,0.172,0.0364,1.885,0.9542,0.704,0.169,12.47,8.835053005792139,149.4905112700784,62.31347185908465,0.082
0.17230376283009916,0.7385618518324919,0.7662496023466747,0.6897435431077676,0.9151198124843568,0.971237117410715,0.986695311057808,0.9202675687459322,0.9392196929050668,1.687,1.969,0.268,0.869,0.459,1.059,0.515,0.635,2.559,0.119,0.0163,4.667,0.504,0.579,0.064,16.11,12.005053005792139,193.60051127007839,53.003471859084655,1.357
0.41586580918325755,0.8159975203964921,0.19952933140286333,0.7300298086970015,0.21301432691185096,0.9871961184491218,0.9661607198369042,0.904378314677252,0.9208680254909195,1.331,1.082,0.717,1.033,0.598,1.61,0.36,0.8300000000000001,2.761,0.499,0.0439,2.659,0.4399,0.246,0.233,24.47,10.21505300579214,24.66051127007838,98.30347185908465,1.643
0.23659127425215057,0.7048335364196006,0.6058421429161749,0.6425395949468466,0.8060483608336103,0.982128161450136,0.9715767307668121,0.813000269880921,0.9381257123934233,0.958,1.962,0.467,1.937,0.406,1.407,0.489,0.405,1.914,0.153,0.0279,2.955,0.0802,0.678,0.421,31.8,12.58505300579214,66.59051127007838,25.78347185908465,0.821
0.3143763224912847,0.5776931775580996,0.469078095632514,0.5854037621471226,0.7285825433037914,0.9768044232501599,0.987624631595194,0.7198151519020248,0.9245914695927201,0.994,1.685,0.761,0.993,0.595,1.818,1.37,0.591,1.09,0.166,0.047,5.408,0.7568,0.409,0.35,47.82,12.615053005792138,219.6805112700784,121.89347185908466,0.072
0.3742378563211483,0.5950283601241395,0.613745109321963,0.5659799809479757,0.6803857898890908,0.9697715374135546,0.8066031998281262,0.3121934570275092,0.9270865438429002,1.753,1.56,1.739,1.866,0.545,2.427,1.534,1.775,1.557,0.291,0.0051,5.505,0.4317,0.361,0.494,44.82,8.185053005792138,110.49051127007839,148.68347185908465,2.332
0.2319989221196025,0.5641957888110251,0.8020701893504334,0.635704574585665,0.975023981808608,0.9135088335081241,0.9119688603484011,0.9001331203599713,0.7927611934448273,0.169,1.635,1.443,0.867,0.767,2.975,1.412,2.482,1.29,0.461,0.023,1.093,0.4521,0.369,0.478,14.88,10.935053005792138,154.48051127007838,146.84347185908464,2.431
0.18682116756493575,0.6957323782787855,0.8072385688257375,0.6619968557220723,0.9132417006310138,0.9808857607261466,0.9410588824867702,0.8600672546515162,0.9345192892699071,1.537,1.95,1.091,1.813,0.748,1.324,0.603,0.6920000000000001,0.36,0.183,0.0218,4.062,0.7388,0.34,0.236,6.52,11.97505300579214,65.76051127007838,122.56347185908466,0.451
0.40879697048936753,0.6001924939326767,0.5878444215047307,0.5635019438125788,0.5868355071078031,0.9898617532876949,0.9590811932474951,0.20167712936913007,0.9171178423862452,1.646,1.46,1.788,1.778,0.521,1.846,1.038,1.238,1.242,0.17,0.0035,3.194,0.5084,0.323,0.382,32.88,12.775053005792138,12.15051127007838,238.81347185908464,2.043
0.4127197361226583,0.6998334340358434,0.21982301699416762,0.6586152833482908,0.2972860305917254,0.9400631412711434,0.9519257901682922,0.7996788112163131,0.9131554859497754,0.542,0.469,1.494,0.53,0.596,1.779,1.216,0.158,1.479,0.409,0.054,1.351,0.1123,0.485,0.429,28.49,9.575053005792139,212.3405112700784,230.63347185908466,0.48
0.18820772511045522,0.8131433910135262,0.7015457257549373,0.7523460512104265,0.747653086768727,0.9745325188509061,0.8754172080659242,0.9123109407417641,0.8974497319907601,0.767,1.975,0.194,1.414,0.501,1.458,1.17,0.723,2.363,0.227,0.0392,1.913,0.7689,0.287,0.427,33.1,8.22505300579214,201.0305112700784,36.41347185908465,1.674
0.3120168162865541,0.7302873409908455,0.4673356323168494,0.6920465406220007,0.5032807681936682,0.9740078667799055,0.8261519000533748,0.8463887840105293,0.8378296721826015,1.717,0.908,0.888,1.652,0.493,2.273,1.326,0.179,0.989,0.208,0.0478,1.409,0.9495,0.338,0.498,12.19,9.36505300579214,146.9605112700784,118.77347185908465,2.344
0.20244584794544107,0.6620018949002004,0.7776262685330153,0.6445689707901101,0.8726081654089599,0.990775566919478,0.9626145660295644,0.8712994381078741,0.9402063231658476,0.162,1.674,0.619,0.632,0.414,2.344,0.406,0.721,2.276,0.167,0.0099,2.622,0.078,0.435,0.157,8.03,12.455053005792138,215.3905112700784,106.14347185908466,0.155
0.21858970141789263,0.7470085235324695,0.6397734222883571,0.674361038266996,0.7898167900523836,0.9845061643474197,0.9570477196825754,0.8241615314073343,0.9274607239800259,1.04,1.421,1.949,1.492,0.572,2.286,0.963,0.882,0.491,0.251,0.0279,2.061,0.3042,0.642,0.388,31.61,11.12505300579214,238.3305112700784,167.01347185908466,0.843
0.3596421564021311,0.6263588031289402,0.6652941489736119,0.5995519353565015,0.7796646208370241,0.9799363001362243,0.9551003650903643,0.24783249726748302,0.9223901980395928,0.646,1.636,1.254,0.71,0.78,1.583,1.31,0.051,1.019,0.139,0.001,4.633,0.0667,0.419,0.32,26.18,12.685053005792138,47.16051127007839,223.47347185908467,2.298
0.37421096031330087,0.46836887176006436,0.4802266062895444,0.5238798646397402,0.8571873261239009,0.9909515587992022,0.8759568258738356,0.451660669872874,0.9348520314128292,1.332,1.736,1.17,1.659,0.565,2.415,1.954,0.396,0.332,0.15,0.0169,4.348,0.9912,0.794,0.255,15.08,8.53505300579214,81.38051127007837,92.23347185908466,0.523
0.3472225496546283,0.6567821222635826,0.32781596525729817,0.60948478195251,0.5516779451552779,0.9695956126596307,0.9920668650859495,0.8097620258222789,0.9351505193298002,0.894,0.345,1.394,1.351,0.529,1.423,1.207,0.307,2.695,0.144,0.0527,3.369,0.9556,0.322,0.252,39.27,9.36505300579214,75.07051127007838,41.84347185908465,0.102
0.3082267689174487,0.5178048777565428,0.6664653701636669,0.5671677147672086,0.9628961363833753,0.9319994632434898,0.6644592127602804,0.6739457987531513,0.9365261903111677,0.223,1.481,0.7,1.204,0.491,1.936,1.465,1.05,2.738,0.33,0.0082,3.298,0.6812,0.671,0.39,47.94,10.675053005792138,125.49051127007839,43.27347185908465,1.347
0.38301433578413213,0.44339059141374504,0.4628700150977375,0.5100836234450399,0.8588170497368546,0.9884843660671487,0.803715679234251,0.4781081978118239,0.9344613254244677,0.264,0.306,1.297,1.816,0.513,2.408,1.099,0.605,2.159,0.203,0.0198,3.954,0.836,0.759,0.36,28.65,8.685053005792138,131.83051127007838,14.463471859084647,0.488
0.20801504650421934,0.6692367266961228,0.7752629588179775,0.643637943488903,0.8565799993235905,0.992804860806442,0.9511378216692404,0.8194975018337277,0.9394413534420678,0.859,1.052,1.365,0.517,0.425,1.264,0.862,0.46,2.307,0.259,0.0084,4.022,0.0258,0.363,0.081,40.79,8.55505300579214,138.8305112700784,172.24347185908465,1.25
0.15156204028364148,0.8300037332406036,0.7587308709390771,0.7516308825246955,0.8408830552965719,0.971519070031489,0.9664509183653424,0.9528968335112603,0.9258510961733644,0.763,0.401,0.656,0.854,0.564,2.564,0.657,0.761,2.174,0.153,0.0298,5.903,0.3523,0.429,0.378,8.59,10.575053005792139,142.35051127007839,44.28347185908465,2.499
0.5098556469721186,0.0678804717136734,0.48290848812216103,0.44461685524481964,0.8548471586200818,0.8494330590109476,0.42771044247025536,0.4912103498884618,0.9305783531584179,0.606,0.384,1.561,0.892,0.414,1.626,1.52,0.502,1.872,0.475,0.0165,5.135,0.9518,0.736,0.4,29.62,8.35505300579214,7.21051127007838,239.29347185908466,2.26
0.25336806534022893,0.7998847111611682,0.5266871571408661,0.714564100125431,0.6078608071886966,0.9633109809355608,0.941816038064001,0.9233658298350049,0.9396610973558801,1.404,1.961,1.514,1.946,0.623,2.078,1.133,1.266,2.411,0.118,0.0317,4.671,0.4109,0.308,0.097,44.37,8.895053005792139,24.31051127007838,95.78347185908466,1.487
0.24172322677321323,0.7797624333765324,0.5546810810575901,0.7036075377603522,0.6584147123236384,0.9890418487892351,0.9854718419377025,0.8937696254683343,0.9330494196009596,1.671,1.005,0.738,0.865,0.688,2.557,1.452,2.263,1.977,0.248,0.0353,5.362,0.5407,0.421,0.339,18.69,12.825053005792139,62.710511270078385,83.41347185908465,2.123
0.22176286767205944,0.8354892350975869,0.5982923892914118,0.7407520066528123,0.6660848662816949,0.9748494154295921,0.9623339788935676,0.8716321988204192,0.9119151117129496,1.587,0.892,1.561,1.829,0.798,2.021,0.282,1.627,2.349,0.143,0.0232,1.99,0.7008,0.625,0.136,41.44,9.80505300579214,246.5905112700784,44.03347185908465,1.466
0.4742478551716059,0.6434532033267879,0.06851534079279165,0.5989861471421073,0.254260246050952,0.9975917099804668,0.9700390203169739,0.7121446673274989,0.9383972970856778,1.707,0.779,0.631,0.994,0.496,1.849,1.481,0.756,2.281,0.249,0.0451,4.613,0.5965,0.506,0.264,24.48,8.325053005792139,177.10051127007839,12.263471859084648,1.188
0.4934028606400545,0.45606389363440125,0.09823033015229288,0.518303776847237,0.3873658336826803,0.9453987457176117,0.8134776702365962,0.5642782344858748,0.9405119231641876,0.912,1.453,0.482,0.228,0.444,1.915,0.662,0.443,1.387,0.29,0.0408,2.498,0.5516,0.766,0.439,2.49,10.685053005792138,205.9805112700784,151.74347185908465,0.509
0.17828439045096695,0.7367763927678491,0.7478550627356078,0.694060914323611,0.866233583116166,0.9953334612459449,0.9627981699872501,0.9339628845393787,0.9355017640057646,0.227,0.343,1.165,0.96,0.784,1.164,0.156,0.801,2.903,0.362,0.0317,4.612,0.3496,0.271,0.283,24.29,12.525053005792138,185.6105112700784,217.48347185908466,0.817
0.22058623170608554,0.6210010988779356,0.7783081804269218,0.6368529717252902,0.900237456280708,0.9788942140391504,0.9230660024100781,0.7940152370474229,0.9234721684610424,1.848,1.548,0.484,1.308,0.499,2.58,1.404,0.817,1.95,0.25,0.0206,5.669,0.3645,0.207,0.131,39.8,9.935053005792138,93.59051127007838,181.47347185908467,0.019
0.400485032953479,0.5255738136173695,0.5768152026753948,0.5273898142149172,0.6041006867045479,0.9561872216927932,0.8952519768490522,0.3059054412647767,0.9353092308960075,1.778,0.421,0.107,1.207,0.669,1.008,0.796,0.5680000000000001,1.313,0.368,0.008,4.585,0.7596,0.21,0.346,14.69,12.97505300579214,79.25051127007838,87.84347185908466,1.794
0.41408766484769327,0.40536303983331246,0.4456886207105849,0.4931243377569734,0.8929608740840637,0.9913590761613047,0.7707886896765994,0.37897779704038925,0.9349372959277519,0.992,0.158,1.264,0.137,0.491,2.588,1.959,1.227,0.521,0.2,0.0122,4.098,0.4809,0.825,0.451,43.21,8.095053005792138,110.51051127007838,177.34347185908464,0.59
0.3696894664242844,0.4150810619499984,0.5023906433361851,0.5180892886538284,0.8387628373277676,0.9370211328107939,0.7225285745747303,0.599776090017881,0.9348393320050178,1.525,1.002,1.946,1.893,0.668,1.615,1.114,0.61,0.891,0.337,0.0182,3.981,0.3946,0.697,0.166,33.38,9.38505300579214,124.01051127007838,82.22347185908465,0.808
0.4249445644753411,0.42292977463531756,0.2945833194024403,0.5152678204091345,0.6085936933724296,0.9243344796008235,0.8139752773185395,0.5744744689003638,0.9334139961628023,0.473,0.758,1.496,0.171,0.645,1.312,0.056,0.713,2.976,0.414,0.0332,4.776,0.762,0.537,0.162,40.22,9.925053005792138,224.3405112700784,82.85347185908465,0.463
0.2380203676246627,0.7930629823477611,0.5608563291641648,0.7055641408924251,0.66486500181581,0.9861584792385053,0.9821725541204915,0.8830913860044969,0.933860007278491,0.412,0.152,1.281,1.2,0.515,2.563,1.629,0.8260000000000001,1.983,0.195,0.0431,3.546,0.5033,0.504,0.474,4.92,11.97505300579214,116.72051127007838,219.87347185908465,1.569
0.31631005158389824,0.7688200607745883,0.39386869969062843,0.7001419619804037,0.4742321169372449,0.9693132323402527,0.9833726524671255,0.9131686802268327,0.9331229633215755,0.151,0.483,0.708,1.064,0.595,2.988,0.199,0.822,2.703,0.484,0.0508,2.977,0.6426,0.282,0.399,16.19,10.245053005792139,29.61051127007838,168.05347185908465,1.325
0.2755807191143363,0.5967147090724634,0.5731677436634617,0.6344170395130033,0.7204369214307453,0.8945287119776875,0.8490419400539585,0.8953626542087583,0.9221209748314793,0.262,0.48,1.943,1.871,0.469,1.321,1.189,0.291,1.938,0.457,0.0289,2.156,0.6209,0.515,0.253,16.31,7.935053005792139,18.510511270078382,24.043471859084647,1.296
0.4339399518115079,0.6351902324242789,0.1400087605072301,0.591505512128409,0.3666194579770893,0.9676502073674312,0.9872737430341472,0.7544830425354406,0.9349288469033092,1.391,0.869,0.403,0.538,0.68,2.726,1.751,2.187,1.54,0.079,0.0283,4.415,0.6371,0.873,0.238,14.49,9.95505300579214,163.0905112700784,208.79347185908466,0.708
0.2594693896729796,0.6358662965561419,0.5995523484353913,0.6334019065499373,0.7569417782972956,0.9190628067771114,0.8555712338933362,0.8627997866851758,0.9229456018596565,0.775,1.34,1.231,1.683,0.454,1.419,1.311,1.029,2.097,0.422,0.0291,3.3,0.5928,0.572,0.393,14.79,12.01505300579214,196.9205112700784,153.63347185908466,1.851
0.19075049161173055,0.6708112295898347,0.8119579606643941,0.662451451353286,0.8814043304975001,0.9749127566949142,0.955156073064348,0.8864481720949166,0.9381726227243025,0.598,1.897,1.094,0.805,0.463,2.246,0.278,0.707,1.802,0.152,0.012,3.44,0.9953,0.351,0.162,30.98,11.665053005792139,146.2405112700784,132.93347185908465,0.647
0.28899551940010826,0.6763996514965143,0.46946844594040715,0.6332382457923735,0.6443141034458457,0.9631152036558707,0.9608574846396947,0.8847347606127521,0.9309998189554889,1.056,1.798,0.524,0.66,0.496,1.182,0.164,0.096,1.051,0.063,0.0314,4.916,0.1479,0.667,0.125,8.42,12.05505300579214,228.2505112700784,130.64347185908466,0.218
0.37040742401818905,0.37758554585502824,0.6696796933815143,0.5363473617248755,0.9842107697908081,0.9054950483019114,0.5873152818239086,0.5498944306444443,0.9364070318140353,1.282,0.529,0.426,1.265,0.692,2.58,0.468,1.404,1.288,0.363,0.0172,4.581,0.5552,0.614,0.474,3.95,10.72505300579214,138.35051127007839,126.01347185908466,0.984
0.23668171370063826,0.627420019469161,0.7656467821422773,0.6203549681514247,0.8979291908050749,0.8840201296405585,0.7690155927487954,0.8324823366422691,0.9293423632300959,1.137,1.417,0.672,1.841,0.773,2.604,1.359,1.404,1.026,0.48,0.0099,3.58,0.7035,0.417,0.243,49.08,8.20505300579214,181.2505112700784,13.103471859084648,1.714
0.2739322393744953,0.5664484927833757,0.7237781905322532,0.5890586265302122,0.8302154690588222,0.8711185083934081,0.8525487502324474,0.7219797735257274,0.8493400482123631,1.777,1.134,1.155,0.136,0.675,1.917,1.425,1.84,0.5,0.49,0.0135,1.228,0.5175,0.319,0.46,3.1,10.415053005792139,125.81051127007838,34.753471859084655,1.71
0.357846152624232,0.6339162578144857,0.32413932509391064,0.6101847967653153,0.5161656240207131,0.9640771424280279,0.9714643187675578,0.7963642920958792,0.9367373805368145,1.535,0.581,1.924,0.653,0.799,1.868,0.075,0.027,1.296,0.445,0.0626,3.686,0.0541,0.346,0.433,24.17,12.79505300579214,114.37051127007838,246.58347185908465,0.328
0.21592271981089153,0.7274336947060258,0.7072179956849027,0.7124203746299682,0.7685406211329442,0.9679141109133949,0.7911647080776778,0.8780114825434229,0.8689698210472704,0.727,1.606,0.76,1.416,0.5,2.668,1.119,2.25,2.001,0.164,0.0437,1.034,0.4356,0.279,0.469,18.58,7.625053005792139,176.5205112700784,246.96347185908465,0.874
0.13872687419398322,0.790401614410222,0.8448394193679307,0.7281541919202776,0.9558185998861054,0.9790163734314612,0.96201356806939,0.9609470540357827,0.9181811617331819,0.808,0.447,1.757,1.372,0.763,1.295,1.126,0.821,1.908,0.294,0.0161,2.932,0.2677,0.517,0.146,31.33,10.35505300579214,175.7505112700784,128.59347185908464,1.866
0.2213366090521101,0.6155839100443008,0.7602386497940186,0.6302013928575361,0.9254270488697204,0.9864540819087615,0.9371941846186493,0.8103053592435655,0.9349333662702575,1.652,1.717,1.279,0.757,0.407,1.449,1.116,0.591,2.125,0.16,0.0112,4.826,0.4384,0.515,0.287,22.29,12.845053005792138,102.87051127007838,53.12347185908465,0.798
0.13165816030164912,0.8162626887662571,0.8370985960795165,0.7495807150249452,0.9211470267681029,0.9678365629817901,0.959994782752532,0.9632835486479141,0.926080510751301,0.581,0.472,0.434,0.405,0.776,2.689,0.461,1.776,1.566,0.105,0.0191,2.278,0.8656,0.543,0.173,48.94,9.525053005792138,34.90051127007838,36.83347185908465,1.257
0.16089458046276658,0.7820774588584534,0.7693409282985475,0.7056967623734276,0.8980680274671714,0.9721361779340204,0.9840150377921121,0.937490467211923,0.933225671891508,1.598,1.718,0.269,0.831,0.762,2.9,1.716,2.378,2.868,0.108,0.0175,2.45,0.8931,0.634,0.094,16.64,11.21505300579214,26.52051127007838,11.353471859084648,0.944
0.4535435755872219,0.7279511339183102,0.15635816009163872,0.6898352666336318,0.15336321680839282,0.9445952225116054,0.9658729108725843,0.8361396229768618,0.8743358250933791,1.489,0.368,0.413,1.834,0.651,1.631,0.9460000000000001,0.405,0.605,0.485,0.0415,2.071,0.1448,0.409,0.343,10.82,11.185053005792138,222.60051127007839,138.49347185908465,2.372
0.3819778259953732,0.5241950976999203,0.35210275028589144,0.5487743368367276,0.6247353391030439,0.988736007379384,0.8372522732661594,0.618391207179487,0.9334553569597297,1.387,1.433,0.153,0.334,0.496,1.488,1.095,1.382,0.323,0.221,0.0229,4.565,0.7581,0.772,0.34,20.01,11.85505300579214,17.540511270078383,133.43347185908465,1.936
0.3689312490777968,0.7466544507989754,0.28138411817717146,0.6652027754601624,0.3972548530131519,0.9953035199212971,0.9862707001546646,0.830856901935892,0.9361364934960229,0.677,1.558,0.353,1.558,0.724,2.397,0.673,1.038,1.786,0.25,0.0327,3.751,0.1906,0.476,0.139,38.64,11.165053005792139,54.39051127007838,2.4534718590846483,1.483
0.18686808522282128,0.6776735766514088,0.8491141333409272,0.681461847902505,0.9793344930585465,0.9345293446969448,0.8660504725884293,0.9052087129723796,0.8600403842609854,1.377,1.344,0.693,0.882,0.675,2.922,0.114,0.999,1.204,0.331,0.0162,1.156,0.5187,0.63,0.465,38.4,9.80505300579214,66.13051127007839,88.27347185908465,1.393
0.19162099344166778,0.6879778744676667,0.8384033510146955,0.6702114934046648,0.8930704441774462,0.9918501704015089,0.8506892099070313,0.8445063462170485,0.9404621119173253,1.415,0.301,1.326,0.644,0.686,1.422,0.051,0.156,1.681,0.334,0.0212,2.647,0.1997,0.201,0.326,36.36,10.655053005792139,183.54051127007838,110.04347185908465,0.065
0.28264840692059934,0.549558070327091,0.7050716421263379,0.5778986012901084,0.8325621576134483,0.8923326416289042,0.7926613296601354,0.7095835492773146,0.9358752293623809,1.905,1.649,1.963,0.286,0.478,2.325,0.135,1.4040000000000001,0.724,0.476,0.0089,4.264,0.7334,0.338,0.05,25.22,7.665053005792139,169.4105112700784,161.47347185908467,0.717
0.2768572493531685,0.6487682397151096,0.5222709804234063,0.6211534253566848,0.7173112945723705,0.9557086159070227,0.9283816043051414,0.8336767215145509,0.9415299990718595,0.63,1.076,0.325,1.995,0.547,2.528,1.466,1.391,0.843,0.355,0.0301,2.323,0.3962,0.488,0.193,29.84,9.60505300579214,72.18051127007838,47.473471859084654,0.32
0.4687815913915805,0.5617799021827351,0.5494309058279636,0.5400217014458006,0.5729922625124282,0.9962313434708943,0.9020378237069054,0.02325946857838812,0.9261651764135551,1.947,0.598,0.296,0.48,0.7,1.958,1.524,0.216,0.259,0.195,0.0022,3.223,0.3284,0.322,0.249,8.7,9.78505300579214,88.46051127007838,200.07347185908466,1.611
0.2356717689936157,0.7210689522234357,0.6094648171319272,0.6791996597321133,0.714235411934018,0.9401136210644355,0.9297055979203634,0.8875832126571566,0.909061946346075,0.623,0.379,1.038,0.985,0.632,1.719,1.672,0.4,0.637,0.391,0.0198,2.689,0.2866,0.543,0.052,17.36,12.915053005792139,217.4805112700784,91.36347185908465,2.008
0.2322816769999336,0.6578839731142019,0.6484720798142645,0.6228748267715637,0.8461007845179167,0.96724126725025,0.9829584862486429,0.8613852322172533,0.9326427522932531,0.79,0.628,0.909,0.679,0.617,1.542,0.87,1.469,2.834,0.074,0.022,5.714,0.6108,0.722,0.234,13.95,9.255053005792139,8.50051127007838,183.78347185908464,0.853
0.276112686191966,0.653058758849866,0.6935264946211366,0.6171989240792219,0.7576395173175072,0.9862521289967804,0.9507130692899792,0.5724102372950343,0.9301071424184101,0.352,0.586,1.932,1.946,0.507,2.809,1.558,1.4060000000000001,1.661,0.151,0.0028,3.669,0.8483,0.44,0.143,19.24,12.58505300579214,217.4005112700784,158.92347185908466,1.753
0.2166838306214262,0.6423658333308819,0.7709859346819731,0.6460110509460413,0.9524444327832147,0.9204425306020814,0.7982386664368344,0.8852220931946913,0.9134857366374589,0.511,1.487,1.86,0.91,0.48,1.589,0.24,0.377,0.825,0.386,0.0117,2.891,0.7017,0.632,0.162,22.75,11.955053005792138,96.01051127007838,184.75347185908464,2.056
0.22848526779547487,0.6238566740177085,0.7695619013801928,0.6269565977958649,0.946692391369283,0.9531664072187287,0.7988589489329474,0.8136408857035065,0.9393805853250752,0.861,1.525,1.113,1.072,0.716,2.913,1.731,0.086,0.915,0.31,0.0153,4.145,0.3632,0.51,0.485,22.08,9.505053005792139,153.57051127007838,7.923471859084648,1.312
0.24446347596937246,0.608704263702468,0.7599891653705969,0.6141191460920392,0.9025236790563652,0.8992927331875848,0.7571708136023567,0.8118292630667687,0.9332189058993035,0.708,1.355,1.243,0.698,0.614,2.391,1.617,2.165,1.436,0.461,0.0107,4.436,0.8983,0.411,0.283,35.86,11.895053005792139,67.35051127007839,164.24347185908465,1.92
0.49505364688709624,0.780052999720132,0.03095453379629276,0.6817403031525339,0.09469661276406172,0.9727279701302193,0.9852501692974478,0.7901573594540527,0.9143238926008794,0.565,1.698,0.157,0.193,0.67,2.59,1.86,2.374,2.402,0.111,0.0549,1.342,0.2952,0.662,0.403,49.35,10.26505300579214,12.99051127007838,90.61347185908465,0.419
0.2227882464471514,0.7651478745420675,0.608387794884347,0.6967727534946424,0.7141371335082309,0.9717537448589458,0.9386509911997013,0.9222583183609903,0.9344903085347297,0.439,1.289,0.633,1.791,0.691,1.933,0.272,0.9380000000000001,2.421,0.21,0.0451,5.323,0.2777,0.23,0.369,9.72,12.58505300579214,185.5605112700784,19.683471859084648,1.067
0.5943577408376511,0.0746709959905314,0.10850441491164531,0.410566212294478,0.5958462225888976,0.8280930510883178,0.44426391213472416,0.4332924095753843,0.9309616665426514,0.696,1.263,1.033,1.371,0.454,1.275,0.605,0.172,0.747,0.486,0.0082,2.258,0.6669,0.863,0.281,42.88,8.515053005792138,120.30051127007837,118.26347185908466,0.889
0.19986084179835398,0.7600099830343207,0.6641863102301644,0.6978528553339811,0.7849899264907223,0.9695107224993487,0.9591398046412416,0.9268383725584115,0.9390508234896289,0.714,0.985,1.923,0.645,0.45,1.968,1.287,0.844,2.757,0.14,0.046,2.595,0.6354,0.375,0.446,28.84,12.53505300579214,177.9205112700784,161.53347185908464,0.129
0.1234573036692111,0.8241792554768306,0.876497053650072,0.7500538857257079,0.9821287361179056,0.9841626870805865,0.9856396861455794,0.9437328102717804,0.9032929329138645,1.645,0.408,0.383,1.744,0.425,1.332,0.776,0.264,2.616,0.152,0.0192,2.73,0.7377,0.635,0.482,7.76,8.53505300579214,24.88051127007838,220.80347185908465,2.25
0.134882347860807,0.7771271936801093,0.8849910693173921,0.7405635226560535,0.965932533636881,0.9930055459853444,0.9479603540902016,0.9618116388438108,0.9001833476834882,1.757,0.545,1.698,0.299,0.643,1.302,0.312,1.1380000000000001,1.806,0.209,0.0181,1.354,0.1677,0.473,0.202,20.4,11.575053005792139,231.8805112700784,3.213471859084648,0.905
0.2710004612676462,0.7858608038552924,0.4922718361236309,0.7077017353515158,0.5750323526851966,0.9605526537175211,0.9292573282038729,0.9134771853214892,0.9383240455511667,0.296,0.867,0.391,1.952,0.518,2.436,0.934,2.295,1.673,0.059,0.0385,2.147,0.6625,0.564,0.287,31.46,9.575053005792139,111.32051127007838,153.43347185908465,0.441
0.21745567607819594,0.6913171108679714,0.7643996565283757,0.6400005602467981,0.8780685377268882,0.9367400659560524,0.7912713641002923,0.8347281042370478,0.9097116827125311,0.209,1.022,0.301,0.383,0.474,2.278,1.869,1.384,1.205,0.335,0.006,2.834,0.0997,0.488,0.286,42.72,7.915053005792139,150.6705112700784,62.95347185908465,2.106
0.23372147539044982,0.8258680317029368,0.5925565100414438,0.7455035779512649,0.6288175335074457,0.9583158063138645,0.857677685960775,0.8918847246043664,0.9333163703809486,1.525,0.69,1.439,1.975,0.7,1.104,0.45,0.434,2.648,0.069,0.0407,5.07,0.0702,0.251,0.343,32.09,7.725053005792139,80.31051127007838,148.77347185908465,1.957
0.22759779393524837,0.6036360550390634,0.7566439540260211,0.6319134990075851,0.9558715329743284,0.9335205860515136,0.8217427208937385,0.8569825392833712,0.9367912463464165,0.193,1.264,0.128,0.87,0.682,1.674,0.027,0.383,0.487,0.35,0.0204,3.532,0.9467,0.542,0.299,5.99,7.585053005792139,49.320511270078384,55.62347185908465,1.524
0.5192612638846275,0.7722288800651606,0.00796131810835743,0.7032072573603088,0.0008042788528936917,0.9720195877142154,0.970297003181148,0.8483433745012924,0.9005277569812942,1.295,0.31,1.575,1.123,0.413,1.143,0.983,0.5660000000000001,0.503,0.394,0.0542,2.486,0.8961,0.421,0.428,2.99,12.10505300579214,113.65051127007838,201.47347185908467,2.171
0.30169561649266347,0.7726696391885668,0.4567632598849999,0.7126858385492996,0.48966318713146273,0.9882335752088611,0.9629538501424834,0.8617506953182267,0.8667337808215555,0.362,0.891,1.808,1.675,0.636,1.68,0.187,1.192,0.891,0.306,0.0331,1.399,0.57,0.463,0.271,31.67,12.345053005792138,83.75051127007838,73.25347185908466,1.68
0.1883810346800517,0.707738505219478,0.7733019184152823,0.6765520770516759,0.8834652953392876,0.9611679206399754,0.8993094668800267,0.8875150715969978,0.9322339090968234,1.776,0.6,0.366,1.772,0.71,2.109,0.072,1.286,1.192,0.086,0.0293,5.09,0.8855,0.276,0.242,44.96,7.525053005792139,51.31051127007838,190.63347185908466,0.603
0.4711929171630912,0.7240570311306016,0.11296547463915618,0.6767477703117114,0.1302154423621681,0.9374519859407608,0.966593411385342,0.8116870108548093,0.8918328450193616,1.135,0.208,1.569,0.83,0.427,2.874,0.809,1.385,0.534,0.469,0.0538,1.806,0.8339,0.468,0.477,33.78,10.495053005792139,211.9805112700784,136.57347185908466,1.775
0.15863199202023684,0.7267289370353682,0.858177083902929,0.6998300106071981,0.9382439642809252,0.9855541352935543,0.9755716466312901,0.9416043171580977,0.9083989953954362,0.251,1.72,0.853,1.659,0.727,1.1,0.043000000000000003,0.588,1.265,0.14,0.0127,1.101,0.8267,0.521,0.323,28.34,10.47505300579214,33.710511270078385,81.00347185908466,0.173
0.3330756102851857,0.5194202299241364,0.5258386208796415,0.5430776715446931,0.8797199157648192,0.9977737053279438,0.8535597338193652,0.5720096174024232,0.9378857501726293,1.411,1.403,0.563,0.256,0.422,2.288,0.214,2.019,1.369,0.202,0.0161,3.829,0.9658,0.773,0.368,49.26,10.935053005792138,110.06051127007838,111.87347185908466,0.847
0.24436163787446039,0.6170592940783632,0.6452325939190868,0.6113446924818687,0.8823520223136982,0.9662310090532145,0.987259652521967,0.8157570851130841,0.9288995341560404,1.736,0.434,1.338,0.883,0.526,1.963,0.867,0.839,0.801,0.078,0.018,5.688,0.994,0.73,0.175,29.64,11.655053005792139,131.2805112700784,5.743471859084647,0.583
0.17920765375825917,0.6978611874319136,0.8120673093870165,0.6754304232059261,0.9692313642664138,0.9771191994765598,0.9493629275545372,0.8709093914082224,0.9346367184651366,0.237,1.339,0.242,1.911,0.764,1.849,0.674,1.352,1.967,0.127,0.0071,5.794,0.239,0.602,0.107,34.97,8.05505300579214,165.8405112700784,33.55347185908465,1.864
0.29896416760243155,0.684290628287146,0.5037516807451992,0.6149189342578074,0.7597841402580416,0.9907619714385238,0.9348621527124561,0.6096321097922599,0.9200291938250761,0.204,0.701,1.651,0.161,0.533,2.531,0.83,1.862,1.29,0.149,0.0061,2.622,0.7997,0.874,0.109,18.56,12.165053005792139,13.60051127007838,41.74347185908465,1.709
0.3568340849501281,0.4310739371558865,0.5078078802814628,0.5350761292997449,0.7958590422299132,0.869357031042993,0.6839114033823221,0.7272691555299264,0.9406271964613373,0.882,1.764,1.04,1.354,0.622,2.437,1.548,1.246,2.808,0.455,0.0306,2.122,0.9213,0.648,0.432,28.29,11.255053005792139,161.8105112700784,64.59347185908466,0.359
0.28275350617063927,0.4854442432504775,0.7414958231600668,0.595656748764356,0.9644050127106997,0.8766959974463339,0.6880906502004913,0.8369213630771617,0.9355182470159316,0.788,0.218,1.527,1.068,0.419,2.045,0.102,1.699,2.916,0.473,0.0234,4.194,0.7224,0.525,0.438,11.04,11.095053005792138,27.38051127007838,135.83347185908465,1.673
0.2703650232956884,0.6396871095530275,0.6776956869241522,0.6601066354902431,0.7744955181039098,0.9576030900635045,0.6536622420578728,0.7952744686704204,0.8549728887270698,0.704,0.812,0.593,0.468,0.687,2.582,1.673,0.388,2.21,0.07,0.0384,1.379,0.9418,0.215,0.442,36.87,9.94505300579214,108.72051127007838,198.05347185908465,1.959
0.20701663129364456,0.6547740441435499,0.8211468084225819,0.6562449849774812,0.9206015259819373,0.9151410862962972,0.8360436617496344,0.9017067163973057,0.8468277224673066,0.883,0.862,0.884,1.522,0.628,1.659,0.5690000000000001,0.681,0.909,0.36,0.0092,1.158,0.8325,0.494,0.332,15.47,12.595053005792138,83.78051127007838,204.84347185908464,1.678
0.23828087473259538,0.6046570612249567,0.778105260861627,0.631437324294452,0.8457891953624922,0.9809402522048064,0.8361245057110783,0.7761603541979759,0.8916172025981002,0.936,0.548,0.788,1.131,0.404,2.203,0.011,1.197,1.288,0.194,0.0134,1.175,0.2619,0.272,0.349,27.66,8.765053005792138,227.76051127007838,22.023471859084648,0.717
0.23703851428323194,0.6694457272307357,0.6143220018292243,0.6425101504108603,0.7886013479671555,0.9586646531133259,0.9572556751848253,0.8913285250072706,0.9395777178023705,1.154,0.112,1.766,1.85,0.469,1.711,1.474,1.701,0.402,0.398,0.0466,2.767,0.0597,0.38,0.458,19.33,9.815053005792139,33.80051127007838,196.38347185908466,0.301
0.2911566013541594,0.7803287660389886,0.43968589875973807,0.6901712036545793,0.5577690385776573,0.9652523173390549,0.9818610167166745,0.8621742643466184,0.937746283969813,0.891,0.838,1.588,1.455,0.511,2.686,1.346,0.95,2.807,0.088,0.0269,3.034,0.0263,0.706,0.201,42.88,9.95505300579214,155.8105112700784,248.38347185908466,0.848
0.15937180736020876,0.7515093835718287,0.8484223128814254,0.6967869633538539,0.9095605996280798,0.9730196325177339,0.9279482032003361,0.9073315098022606,0.937973225892921,1.103,1.795,1.602,0.958,0.6,2.21,1.33,0.308,1.061,0.122,0.0198,3.154,0.2832,0.433,0.482,3.26,8.62505300579214,197.9105112700784,182.31347185908464,0.916
0.27131927256795074,0.7634723535967681,0.501939070347668,0.6735988356435332,0.6040921225484979,0.9653193558540711,0.9181107758055226,0.9022807702485042,0.9354650740061505,0.278,0.261,1.601,1.355,0.725,1.692,0.796,0.871,2.16,0.115,0.0346,5.235,0.8972,0.307,0.076,2.24,8.22505300579214,105.27051127007837,18.383471859084647,1.306
0.17347705787420453,0.6966937597524839,0.8330554096886325,0.6836008206515589,0.9654123714226813,0.9443079692261778,0.9022802165161767,0.9615441404404992,0.926143456559765,0.325,0.995,0.185,1.173,0.453,2.639,1.484,0.275,2.389,0.336,0.0191,1.793,0.095,0.469,0.253,19.6,8.525053005792138,19.790511270078383,146.47347185908467,0.682
0.27605342915202075,0.5454318370401375,0.683940421712827,0.5907634270001219,0.933330829670161,0.9533685525277261,0.7681957680190611,0.733762178497066,0.9336036766113212,1.169,0.136,0.567,0.911,0.603,2.777,1.328,1.622,1.022,0.326,0.0154,5.379,0.6934,0.659,0.311,31.17,8.30505300579214,181.5805112700784,171.81347185908464,2.115
0.14944310809496952,0.8233527273673198,0.7794142785778136,0.7608580915902617,0.8401825166288335,0.9765725922052255,0.9314387427644404,0.9377907542066256,0.9166113857176011,0.206,1.418,0.576,1.531,0.581,2.31,1.473,1.588,2.425,0.196,0.021,2.119,0.8336,0.37,0.07,46.69,12.915053005792139,180.4305112700784,211.59347185908464,1.484
0.13117065458839203,0.7988978403891261,0.8769831381977982,0.7321883744703997,0.9839404369713071,0.9921046951228077,0.9653053470105302,0.9575003758210208,0.9162297848912802,0.909,1.517,1.071,1.56,0.488,1.073,0.231,0.385,2.66,0.252,0.0131,3.456,0.6669,0.513,0.239,23.04,9.015053005792138,178.7705112700784,8.983471859084649,2.258
0.4957451933782287,0.6600017504750495,0.015668104114774595,0.6065203432663283,0.18557334466743858,0.9992017415727966,0.9797673781472135,0.756778889454943,0.9374319480393559,1.202,0.744,1.236,0.94,0.748,1.296,0.47400000000000003,0.963,2.568,0.285,0.042,3.958,0.358,0.433,0.081,31.27,11.54505300579214,94.52051127007837,4.223471859084648,0.88
0.4548781572466611,0.823656812492929,0.1179001222639382,0.7232286085127821,0.13528122896879125,0.9972943995779653,0.9771698343405002,0.8772731376884062,0.92135768410844,0.365,1.625,1.166,0.648,0.647,2.969,1.646,2.454,2.246,0.345,0.0469,3.73,0.8668,0.326,0.32,9.61,11.755053005792139,121.78051127007838,151.34347185908464,2.181
0.20570217154887227,0.6618252628504585,0.7934081438630993,0.6549233184496647,0.9861128333530351,0.9907867051743036,0.8503640567185274,0.8147075420997645,0.9266184332011228,1.217,1.46,0.115,0.125,0.677,2.196,1.335,0.851,2.944,0.228,0.0099,5.877,0.3292,0.622,0.109,13.22,11.345053005792138,113.75051127007838,1.213471859084648,2.412
0.23823745952892625,0.6381394437417834,0.7235854216708304,0.6171331102661328,0.837855630828328,0.9923325488619623,0.9364596860378015,0.7431342623598264,0.9387252457645765,0.237,0.55,1.916,0.801,0.752,1.618,1.52,0.592,2.123,0.161,0.009,3.23,0.9425,0.462,0.254,38.14,8.425053005792138,14.630511270078381,248.53347185908467,0.627
0.33597851244039256,0.40508018093645226,0.6541378264523006,0.556676949668411,0.9074802939570398,0.8586297203686494,0.6039263356459619,0.7995291887864657,0.9142178357730792,1.309,0.996,0.689,1.468,0.442,1.817,0.275,1.413,0.756,0.463,0.0159,3.104,0.3315,0.71,0.481,8.77,9.895053005792139,213.9105112700784,151.82347185908466,2.084
0.2955135183199914,0.6842824377014358,0.5484894304597915,0.6790083084537956,0.603092578907332,0.9580399632226689,0.7163408030775602,0.8168916920514065,0.8630199341376769,1.574,1.338,0.297,1.049,0.548,2.476,1.757,1.978,2.097,0.071,0.0408,1.47,0.2229,0.263,0.412,37.6,9.63505300579214,201.04051127007838,107.65347185908465,1.879
0.22211542859360647,0.6436536601211268,0.7800712695964684,0.6362655521537095,0.9724114201103637,0.9368611476670363,0.7736244528281587,0.8389866291961183,0.9285216000926293,1.121,0.265,1.566,1.942,0.626,2.236,0.077,1.2690000000000001,0.688,0.357,0.0075,3.535,0.0676,0.589,0.091,47.21,11.495053005792139,113.44051127007837,87.23347185908466,1.716
0.4445826086125592,0.6671822961212575,0.14833796775436703,0.6457766512438059,0.24520514220616085,0.9596872539575393,0.9522063510703084,0.8022446286757186,0.9167670110657629,1.283,0.821,0.286,1.859,0.694,1.682,0.269,0.02,1.033,0.335,0.0544,1.282,0.757,0.517,0.353,1.77,7.7950530057921394,133.0005112700784,101.45347185908466,0.258
0.13527811059080547,0.8137157383567246,0.8655746609664837,0.7348925306386664,0.9621235675541701,0.9829527419206657,0.9858357740877828,0.892738235339417,0.9004187526585578,1.442,1.594,0.494,0.586,0.672,2.739,0.349,1.647,2.291,0.156,0.0044,2.718,0.9975,0.619,0.066,27.3,12.165053005792139,113.44051127007837,128.01347185908466,2.382
0.2615837715608307,0.8035715626235787,0.5455291839014186,0.7077200420529253,0.6456655513766769,0.9771189990760194,0.9928537059674273,0.7206843045619025,0.887268638267925,1.265,1.5,1.903,0.14,0.485,1.423,0.534,0.125,1.349,0.131,0.0212,1.532,0.4917,0.833,0.487,42.82,11.05505300579214,157.7405112700784,120.91347185908465,1.413
0.4176797777361073,0.7746695892444424,0.174433892740678,0.6809567769115623,0.2649312698782784,0.9641205843083541,0.9703893576146327,0.8767264971273505,0.9380089760841686,1.749,1.583,0.364,1.046,0.594,2.821,1.065,0.357,1.026,0.125,0.0658,3.416,0.4211,0.297,0.43,42.06,10.925053005792138,106.04051127007838,29.69347185908465,0.972
0.18178225832578165,0.7230868274414199,0.8912996628430011,0.7136041277669698,0.9699362740510976,0.9600783450130037,0.7585425937887406,0.860251109970547,0.8837672419840965,0.291,1.219,0.899,0.78,0.794,2.317,0.178,0.324,2.607,0.055,0.0201,1.276,0.0018,0.575,0.414,3.48,12.55505300579214,83.74051127007837,152.79347185908466,1.089
0.27376402965603375,0.7466749538053219,0.48344516662676285,0.6741763530466716,0.6180259566317874,0.961343888972177,0.9455480264983208,0.9115916775014188,0.9349545235145083,0.519,1.357,1.663,0.214,0.634,1.998,0.419,1.32,1.154,0.051,0.025900000000000003,3.853,0.8212,0.883,0.223,22.97,7.635053005792139,216.3905112700784,12.733471859084649,0.488
0.34774344845586397,0.5067258494330055,0.4410541776023609,0.5694336292292288,0.6642360743876409,0.9108380402942455,0.7964002743945167,0.7546346660411204,0.9372898433811585,1.869,0.798,1.378,0.487,0.744,2.059,1.873,0.433,1.654,0.398,0.0257,3.298,0.5965,0.624,0.191,7.62,11.51505300579214,237.2105112700784,90.60347185908465,1.274
0.3288035129603157,0.4202417048387911,0.6719015530597507,0.5485244014841463,0.9631993076757962,0.876568306382286,0.6298643899244991,0.7558617764517577,0.9359531628873075,1.377,1.229,1.193,0.166,0.666,2.255,1.632,0.978,0.915,0.461,0.0132,4.183,0.3847,0.585,0.081,42.63,12.155053005792139,224.9605112700784,47.24347185908465,0.84
0.24532756881946843,0.5825678995702529,0.7447629595324614,0.6125842241165496,0.9418494072910797,0.9928442267608051,0.9242716852400441,0.720257498936723,0.9323605262941541,1.86,1.928,1.153,1.317,0.607,1.467,0.212,0.306,0.863,0.171,0.0153,4.884,0.0624,0.53,0.294,9.56,11.88505300579214,77.96051127007838,174.80347185908465,0.374
0.16579403472517223,0.7527569005567754,0.860380265609836,0.706587207630534,0.917665721060575,0.969524357971839,0.8938628279727789,0.8298508494295728,0.9274474159466678,1.115,1.677,1.888,1.408,0.544,1.206,0.482,0.799,0.679,0.172,0.0137,5.863,0.0576,0.264,0.166,36.96,7.905053005792139,40.64051127007838,45.74347185908465,2.331
0.16968278719897445,0.7127909833163295,0.8396867921313902,0.6838915799302497,0.9545599468201464,0.9547696667957537,0.9342713287435955,0.9006089831819325,0.937432475449608,1.128,1.817,0.946,0.533,0.734,2.368,0.539,0.935,2.004,0.392,0.0273,4.334,0.0255,0.357,0.462,25.75,9.19505300579214,6.610511270078381,26.473471859084647,1.561
0.19429470709141464,0.7233112982093739,0.8442350848363961,0.7128848855995341,0.9068842134753052,0.958130689023115,0.7391659654859141,0.8145008914372316,0.9233114840543857,0.451,0.603,1.089,0.548,0.621,2.059,0.49,1.354,2.737,0.06,0.0262,1.464,0.2579,0.204,0.203,20.95,12.62505300579214,48.77051127007839,227.15347185908465,0.244
0.1956442855069078,0.68159781158602,0.8029335352146533,0.6593310512783886,0.9781881510685306,0.9584378820385492,0.8372391081402313,0.8762877360243838,0.9229025598416966,0.988,0.144,0.503,1.716,0.618,2.187,1.915,1.662,0.608,0.328,0.011,4.465,0.9274,0.57,0.221,40.19,11.53505300579214,158.4105112700784,147.35347185908466,2.364
0.21443476005566275,0.6243274393555504,0.7735663462897506,0.6352825574136112,0.9585436211075496,0.9892018690231774,0.9173061787869754,0.8277141582526929,0.9361146733303047,1.031,0.236,0.794,1.438,0.736,2.087,0.433,1.123,0.646,0.235,0.0156,3.756,0.3704,0.496,0.217,22.83,10.97505300579214,152.9105112700784,32.76347185908465,0.348
0.27165329434720964,0.562025948731075,0.6982510110816804,0.5890464579105673,0.907216397718228,0.9997361392187741,0.8594849119918335,0.6742616437603788,0.935589365590668,1.997,0.63,1.633,1.381,0.455,2.296,0.934,1.079,0.223,0.175,0.0093,3.614,0.0461,0.546,0.235,27.56,11.13505300579214,16.540511270078383,47.293471859084654,0.191
0.34065520369854174,0.6994236419574953,0.43325829529980253,0.6712367140354836,0.4669819175556863,0.9590595744923314,0.747223880253754,0.8097000237780317,0.8488514139034741,0.201,1.049,1.223,1.228,0.767,2.589,0.177,1.25,1.473,0.062,0.0395,1.617,0.1672,0.447,0.405,16.44,7.745053005792139,37.64051127007838,200.83347185908465,2.336
0.2020053295715201,0.7191188692550032,0.6838320364430481,0.671372667896679,0.8392538363224156,0.9785089175530656,0.9821289040894121,0.9051111879061835,0.9369726034388188,0.49,0.482,0.639,1.589,0.756,2.389,1.444,0.619,2.726,0.168,0.0299,2.869,0.7369,0.429,0.214,39.39,9.065053005792139,241.5305112700784,195.80347185908465,0.092
0.2623320304250014,0.671176188040582,0.5673926272389238,0.6537728013912125,0.6925792342973867,0.9125607826939994,0.9079222521160509,0.8653079779907591,0.9186129875017284,0.852,1.707,1.171,0.118,0.449,1.796,1.687,0.637,1.965,0.447,0.032,1.599,0.5674,0.515,0.314,32.03,11.87505300579214,187.5305112700784,108.49347185908465,0.698
0.1586417120073829,0.7579601906615369,0.8681232215968424,0.71464231549735,0.9216016676347616,0.9626363806711692,0.9083925523275207,0.8500015883902472,0.9258380576289748,1.11,1.671,0.393,0.14,0.651,2.108,1.123,0.143,1.748,0.092,0.014,5.163,0.7268,0.353,0.269,21.13,9.265053005792138,43.25051127007838,183.54347185908466,2.327
0.32820151997021685,0.7522958758030507,0.3668475662343196,0.6622823016017179,0.5241809261005494,0.975499855222177,0.9937994371510925,0.766393784378626,0.9381699004543738,1.975,0.253,1.197,1.006,0.439,2.769,0.619,1.198,0.389,0.127,0.0421,1.774,0.7611,0.696,0.418,34.19,11.69505300579214,164.98051127007838,186.13347185908466,0.092
0.3902582989551017,0.6819315273327325,0.2258614387311696,0.6209548465229279,0.4173530264901897,0.982193487898197,0.9955835178362139,0.8259581167721695,0.9353905931125348,1.171,0.267,0.561,1.848,0.488,1.157,0.899,1.1380000000000001,0.462,0.287,0.0602,3.93,0.2261,0.238,0.328,49.16,12.345053005792138,22.28051127007838,205.76347185908466,0.434
0.3148444282424821,0.48494645031136274,0.5922816062258509,0.5519801232694004,0.8831295481608842,0.9233474239289463,0.8110764378467323,0.6814839111477116,0.9359615488749289,0.402,0.694,0.219,1.095,0.525,2.262,0.868,1.233,1.515,0.401,0.0363,3.368,0.9754,0.478,0.455,45.26,12.79505300579214,43.930511270078384,155.73347185908466,0.194
0.20042858861400767,0.6502412376073141,0.7721464258735611,0.6490055848669639,0.9238999306011643,0.9791585706245847,0.9626577862926784,0.8928885672250351,0.9304691089759392,0.59,1.794,0.585,0.372,0.54,1.435,0.8300000000000001,0.23600000000000002,1.698,0.163,0.0234,4.235,0.8653,0.38,0.23,13.5,8.19505300579214,208.6305112700784,155.72347185908467,0.105
0.24537403935857288,0.6065896719730406,0.7519889250254247,0.6263255619288435,0.838294461892638,0.9928239823777317,0.9205210484820122,0.755722845516835,0.8167919757960268,1.794,0.543,0.646,0.819,0.56,2.758,0.638,0.987,0.698,0.202,0.0072,1.259,0.1784,0.329,0.103,8.88,12.905053005792139,50.64051127007838,65.75347185908466,2.358
0.2446346811054786,0.6267476686620668,0.6987763774009665,0.6188523053472841,0.9311013257309008,0.9867615421862954,0.8747883321139299,0.72157522645756,0.9270487942637597,0.719,0.397,0.734,0.521,0.453,2.591,1.56,0.867,2.507,0.22,0.0151,4.859,0.7493,0.758,0.431,2.52,11.255053005792139,207.3005112700784,246.46347185908465,2.287
0.49508550603206225,0.2109013514989957,0.446790214012881,0.4586046396422586,0.8505794427929996,0.8996548837337227,0.5644661782467968,0.2841502541403057,0.9327365488813705,0.554,1.862,1.435,1.245,0.715,2.668,1.205,1.8960000000000001,2.255,0.404,0.0233,5.982,0.6664,0.675,0.362,38.15,13.065053005792139,202.5005112700784,82.19347185908465,0.959
0.24112337785917817,0.6761079894920619,0.7538136750237083,0.622857093503572,0.8211745847052259,0.9508319314080587,0.9093664586457565,0.6698825503513195,0.9239384703045666,1.355,1.458,1.697,1.97,0.452,2.336,1.316,0.142,2.863,0.424,0.0124,3.0,0.9765,0.263,0.266,2.18,10.45505300579214,133.1205112700784,58.98347185908465,1.82
0.2176678759830759,0.8063782823414627,0.6391962418161199,0.7224855863421087,0.7325521507449811,0.9716452708315952,0.9739119403580976,0.7805145283109626,0.8852626444982071,1.702,1.194,1.399,1.138,0.576,1.037,0.343,0.968,1.449,0.102,0.0174,1.392,0.7433,0.851,0.464,19.23,7.855053005792139,205.6905112700784,204.99347185908465,1.276
0.29528749433051293,0.5227228094544638,0.7826297425882102,0.613185195385824,0.9506304487174135,0.9601659937712932,0.6081835107060296,0.7070724458313272,0.828134407012441,0.801,1.217,0.971,0.485,0.606,2.17,1.098,2.083,2.1,0.095,0.0142,1.002,0.358,0.23,0.149,19.06,12.115053005792138,63.95051127007838,187.42347185908466,1.643
0.2666534398862473,0.700064079125432,0.51311295742249,0.6481619933942862,0.68518924937723,0.9638072095246727,0.9692277326850307,0.8887377870193665,0.9345784056354324,1.082,1.075,1.308,1.48,0.484,2.679,0.44,0.521,2.527,0.074,0.0399,4.514,0.8514,0.612,0.356,19.06,11.35505300579214,207.8805112700784,50.403471859084654,0.471
0.18724603524979844,0.725035900768636,0.8488822046965536,0.6918291867594977,0.896966480883182,0.9643819464845798,0.8318024297709774,0.7962360334421332,0.9266324378135521,1.143,1.983,1.811,1.151,0.578,1.337,0.429,0.071,1.97,0.137,0.0138,4.224,0.8082,0.25,0.216,28.8,10.04505300579214,68.84051127007838,132.83347185908465,2.132
0.20091084437521853,0.8024945797863905,0.6537878198439204,0.7349947110734771,0.7181127713969617,0.9960091918230024,0.9580882450315498,0.9192155651214632,0.9221333517049239,0.212,0.504,1.031,0.911,0.424,2.034,1.677,0.591,1.741,0.34,0.0345,1.797,0.6693,0.326,0.301,47.87,13.145053005792139,207.51051127007838,197.15347185908465,0.835
0.47882968831627565,0.697602218522674,0.04007051822853891,0.6283207837095375,0.20214610276840905,0.973126828170586,0.9920421659930746,0.7945586506875066,0.9399499255243142,0.153,0.346,0.39,1.146,0.737,2.422,0.315,1.449,1.387,0.46,0.0558,1.925,0.7889,0.283,0.179,46.37,7.765053005792139,164.79051127007838,59.45347185908465,0.075
0.18327262981224376,0.7454524869310504,0.7674014468497862,0.6998635087116778,0.8756264991411922,0.996122620803468,0.9659805368022144,0.8393405625892428,0.8685472043826193,0.336,1.748,0.186,0.346,0.637,1.119,0.019,0.011,2.579,0.187,0.0199,1.123,0.9744,0.678,0.307,4.28,11.30505300579214,158.35051127007839,163.72347185908467,1.166
0.2573501478160364,0.7192166505034029,0.5405773732981007,0.6810543391270397,0.6478139793770847,0.955897094577437,0.9581074679385327,0.9233081054876691,0.9323145180835027,1.357,1.746,1.507,1.871,0.431,1.278,0.713,0.261,2.742,0.406,0.0364,2.245,0.409,0.386,0.23,3.44,7.745053005792139,35.91051127007838,210.85347185908466,0.765
