0.3214724332956264,0.6141271625771669,0.34550297783074424,0.606607275626317,0.8726161997891803,0.8836514500561373,0.9632296226424277,0.7931186230982215,0.8557135270277074,0.714,0.87,0.394,1.005,0.475,2.322,1.829,0.9,1.366,0.209,0.0563,2.84,0.3928,0.519,0.433,2.88,56.952389252271374,32.85,20.21,-1.58
0.4525526744690478,0.4844611553245267,0.052185334708981235,0.5523744656541314,0.6082096342180207,0.9979752244988035,0.9116345320925859,0.6855390853054015,0.882816754526236,1.5,1.273,0.858,0.852,0.558,1.749,0.31,0.637,2.577,0.415,0.0666,3.115,0.0671,0.554,0.409,12.48,55.06238925227138,18.47,12.440000000000001,-0.02
0.24122449187516984,0.6752139015335679,0.5590976645194579,0.6702466002129999,0.8790873143573142,0.935207804887777,0.9061244345466654,0.8785295416111303,0.8795414600953109,0.887,1.33,0.434,1.338,0.733,1.384,0.778,0.638,1.114,0.513,0.0689,2.104,0.2177,0.214,0.386,13.67,55.662389252271375,31.38,28.9,-0.756
0.3013981396842397,0.6671199169993693,0.748258542201919,0.7278363857591681,0.9187219541033095,0.8409929642600795,0.3478823869519907,0.9101002021149183,0.8849258863830408,1.234,1.226,0.993,1.57,0.655,1.609,0.852,0.491,0.262,0.235,0.047,3.052,0.2246,0.16,0.37,30.47,59.52238925227138,40.5,21.76,0.393
0.3791577635168745,0.49055292788353866,0.26689020438954425,0.5598343350490279,0.814668198094022,0.977290574790164,0.8432736817934424,0.7113416462617306,0.871149722628836,1.888,1.597,0.278,1.931,0.64,1.265,1.249,0.2,2.47,0.325,0.023,1.418,0.108,0.67,0.12,12.49,56.982389252271375,24.69,5.73,-1.268
0.2453258147025771,0.6929422777656934,0.5350204871132433,0.668980590175845,0.8651487993495639,0.9095434735193065,0.9438918114919621,0.8697067504298742,0.8778439039327366,0.838,1.777,0.148,0.615,0.76,1.022,0.27,0.33,2.807,0.364,0.0526,2.228,0.9896,0.283,0.145,4.68,58.88238925227138,13.22,12.14,-0.571
0.2267818771801357,0.6211308630658317,0.661818852356759,0.6668221378073604,0.9516204502200138,0.9756593959799151,0.9278102752105967,0.882015985733125,0.8569624898416579,0.164,0.35,1.526,0.982,0.623,1.449,0.804,0.105,1.636,0.427,0.0233,1.431,0.4773,0.495,0.416,7.66,55.982389252271375,38.97,38.17,1.084
0.4171778684168456,0.6437870333707105,0.09965269709674429,0.6058136484669772,0.6013934983406832,0.8746669939042679,0.9322292767040261,0.6740510920490781,0.8817963584015635,1.109,1.976,0.709,0.113,0.401,1.687,0.6960000000000001,0.97,1.358,0.186,0.0508,3.184,0.3601,0.599,0.083,9.11,58.10238925227138,16.55,11.99,-0.276
0.3139728735008146,0.6310853403349742,0.34913103525588896,0.6202563667979846,0.805572959661566,0.9543475632825068,0.9922632176674305,0.8276916553961867,0.8772725882266199,1.272,0.929,1.351,0.24,0.451,1.445,1.229,1.372,1.91,0.409,0.0617,2.623,0.1045,0.375,0.315,7.09,55.31238925227138,25.64,9.64,-0.788
0.3743046048775243,0.5777726516672379,0.22548806958272927,0.5931822988027584,0.7623197139778652,0.850321637740832,0.8757316201881539,0.7478172963933707,0.8612487293665931,1.681,0.291,0.176,0.368,0.439,1.351,0.649,0.244,1.41,0.109,0.0498,2.527,0.5945,0.783,0.309,4.99,59.302389252271375,7.77,5.19,-1.436
0.26727492906743466,0.6233886906281401,0.5521526409861719,0.6373542618934834,0.9517349386903301,0.8680298747393462,0.7862212669013046,0.9002142985001581,0.8511118811956018,0.186,1.304,0.55,0.203,0.582,1.78,0.371,1.327,0.693,0.269,0.0396,4.137,0.7111,0.232,0.108,7.91,56.32238925227138,15.450000000000001,12.370000000000001,-1.4
0.2371230317169342,0.647569505463798,0.5964218035090547,0.6450622646870791,0.9796947753261258,0.9219590501495742,0.9441708745865071,0.9022175869586173,0.8674320411757952,1.999,0.174,0.916,0.583,0.726,1.875,0.999,0.989,0.723,0.314,0.0309,4.646,0.6214,0.346,0.327,7.6,55.47238925227138,16.48,9.71,-0.594
0.3673275534239343,0.5634631726012741,0.25103485408336224,0.5767812556180802,0.8392462790793387,0.8650460876852283,0.9214997945969972,0.7205314039784754,0.8568579051558718,0.459,0.88,0.187,1.357,0.662,1.858,0.88,1.463,1.834,0.136,0.0296,4.672,0.6251,0.777,0.164,2.35,57.61238925227138,7.32,5.180000000000001,-1.042
0.19422129273797042,0.6984719915038076,0.7364405169305013,0.7130927978798038,0.9724445591881361,0.8767607970028107,0.9081016442983308,0.8523082988476876,0.8865475829837288,0.186,1.131,0.409,1.382,0.414,2.448,0.859,0.941,2.551,0.205,0.015,3.758,0.5385,0.423,0.066,25.98,60.35238925227138,31.32,6.85,0.886
0.3907775789366687,0.679264666521991,0.1905808111491878,0.6512238387426683,0.533619903531241,0.8545337820967168,0.8597642684477365,0.7349267832575235,0.8843243502599556,1.225,0.989,0.497,1.992,0.619,1.431,1.285,1.345,0.387,0.145,0.0432,4.215,0.3103,0.617,0.1,7.53,60.86238925227138,9.51,5.25,1.348
0.2829094999012959,0.6350147931222576,0.4545025600325825,0.6256903278005497,0.918161083395502,0.9008078528328202,0.9757619945968249,0.8192639651415456,0.859917143841076,1.618,0.858,0.431,0.883,0.505,1.824,1.57,0.561,2.808,0.237,0.0396,1.731,0.2849,0.519,0.34,3.02,57.31238925227138,38.79,33.95,-1.862
0.28640779247487946,0.5985905632210236,0.4993269487421451,0.622474787802133,0.8900534051970711,0.9438925561631275,0.9300054948462032,0.7809123050800746,0.8162280899951242,0.996,0.86,1.455,0.666,0.762,2.355,1.409,1.043,2.076,0.269,0.0037,1.117,0.5837,0.739,0.223,11.72,55.20238925227138,17.66,5.65,1.906
0.24284810887011568,0.6591646098910098,0.6073195490806014,0.6982781839102159,0.7991806637325216,0.9830183675004656,0.8182594204723127,0.8838181955653133,0.8475065697323783,0.655,1.59,1.144,0.634,0.511,2.634,1.584,1.042,2.491,0.585,0.0551,1.0,0.9351,0.241,0.43,9.25,56.18238925227138,10.36,8.58,0.74
0.3247619262705164,0.5928249790267073,0.3587681990091205,0.5949523428536989,0.8746591204322788,0.9337094971327523,0.917393027475319,0.7550304026242749,0.8743402898146979,1.158,0.243,1.001,0.506,0.684,2.652,0.572,1.353,0.371,0.265,0.0279,1.877,0.6468,0.637,0.302,14.53,56.412389252271375,39.54,5.83,-1.099
0.33715006629411487,0.5237792144561664,0.3288927917026071,0.5861746621077852,0.8592213932897532,0.9926952568558702,0.99249430689865,0.8466176357431321,0.8677716170821936,0.517,0.509,1.403,0.895,0.437,2.5,0.305,0.415,1.634,0.544,0.0577,3.878,0.6365,0.315,0.185,3.25,57.88238925227138,6.3,5.23,-0.87
0.21841766325744844,0.7067014215281184,0.6457877368093841,0.7060025312261132,0.9023041045516883,0.8619567411167746,0.8987456234493512,0.8233162000397168,0.8831442489244052,1.669,1.399,0.128,1.678,0.479,2.783,1.974,0.76,0.329,0.161,0.027,4.382,0.4011,0.555,0.324,2.01,57.762389252271376,9.33,5.78,1.618
0.23315022915010392,0.6258532882117653,0.6495917558604156,0.6533490703022486,0.9554740540882891,0.9656538827458158,0.8648335403465388,0.8765061454258017,0.8765060783030079,0.69,1.877,0.589,1.075,0.748,1.976,0.031,0.418,0.906,0.458,0.0221,4.965,0.3067,0.258,0.122,8.82,60.86238925227138,36.870000000000005,31.6,-0.282
0.3995669669489252,0.4437634993867191,0.21806375286743174,0.5714487841333232,0.6955480051445786,0.934755825400442,0.9277488200125525,0.761742199833729,0.8824594837566422,1.679,0.783,0.306,1.172,0.48,2.263,0.5,0.564,2.805,0.542,0.0599,2.206,0.395,0.456,0.306,6.41,59.81238925227138,6.77,6.27,-0.117
0.299343094720905,0.6975331094208466,0.3987464576777794,0.6841931730618862,0.6648427111167192,0.9634362034278282,0.983493182526821,0.8155282766072741,0.8728988528831756,0.397,0.691,1.614,0.329,0.46,2.934,1.981,1.811,2.335,0.453,0.0657,1.613,0.1049,0.343,0.369,8.96,56.28238925227138,9.850000000000001,9.31,0.408
0.2377835515522261,0.6982432183322842,0.5791969015791328,0.6783231548562145,0.8925323242074206,0.8959955873947568,0.9756058209165672,0.7890344678327822,0.8848827008298483,1.78,1.645,1.304,1.064,0.459,1.505,0.962,1.491,0.396,0.232,0.0314,4.43,0.2645,0.529,0.299,1.08,56.56238925227138,7.88,5.31,1.173
0.32131720161155847,0.7057663872107999,0.5485946533024196,0.7316727992317779,0.7036717215803288,0.8403701378172619,0.4414840871829747,0.8541063495735244,0.869228687314984,1.656,1.346,1.316,0.995,0.589,1.578,0.201,0.806,0.534,0.261,0.0526,1.56,0.2591,0.126,0.137,14.52,57.13238925227138,24.63,16.69,0.548
0.24757773402402086,0.576886344562443,0.6522864150630354,0.643055744774396,0.9417295112943658,0.9717512137094114,0.8370015328161351,0.8634761279691463,0.8833035585363851,1.218,0.247,0.871,0.195,0.625,2.826,1.43,0.442,1.312,0.596,0.0205,4.18,0.9501,0.214,0.108,5.88,59.35238925227138,6.97,6.88,0.161
0.32591493791678894,0.5600702087578973,0.3657784585309546,0.5827952876870495,0.9797941747265166,0.8626783678290095,0.87342606938529,0.8448758665790685,0.8565445906259663,1.006,0.327,0.213,1.821,0.625,2.288,0.703,0.278,0.373,0.123,0.0016,4.838,0.196,0.797,0.32,3.28,58.02238925227138,15.25,7.05,-1.08
0.22924189765971542,0.6518812602243264,0.7037855075746531,0.6838267989303437,0.9521676084337581,0.8720631835549012,0.7378518043495805,0.9039194905977368,0.8778906305570497,1.424,1.369,0.283,1.676,0.404,1.358,0.159,0.358,0.61,0.218,0.0184,2.951,0.5825,0.315,0.083,12.44,58.56238925227138,16.200000000000003,9.94,-0.69
0.2808504782055928,0.6354526769231896,0.46955941709156557,0.6233366477291556,0.9403577416641247,0.8843204536929525,0.959474687567126,0.8034585693104915,0.8670756086137907,0.206,1.792,1.511,0.913,0.674,2.254,1.792,1.664,2.696,0.19,0.0329,3.677,0.4968,0.604,0.34,2.9699999999999998,55.70238925227138,29.18,12.120000000000001,-0.902
0.3008917686062961,0.5147118612967432,0.48498736447891067,0.5815723002466746,0.9792264455224057,0.9630909561015036,0.8941687859614729,0.9070550973608436,0.8362022582320369,1.8,1.042,1.607,1.364,0.675,1.143,0.443,0.868,1.445,0.471,0.0208,4.339,0.7957,0.369,0.21,3.17,57.452389252271374,18.37,9.11,-1.723
0.283060678599142,0.6633639010594861,0.43235746411449294,0.6379245816594371,0.8510581409525345,0.8996782089207418,0.9621720555145523,0.8390495556791058,0.8785005190291291,1.312,1.911,1.287,0.899,0.779,2.284,0.54,0.852,1.582,0.307,0.0661,4.332,0.8279,0.346,0.332,7.9,59.952389252271374,18.78,14.56,-0.201
0.19484106082399702,0.7070680195580066,0.7164533065864592,0.6963597566838056,0.9935441248044905,0.9099330703691334,0.9522558762378598,0.8917663875442161,0.8478445017920466,0.216,0.872,1.878,0.313,0.496,1.546,1.289,0.419,1.276,0.219,0.0037,1.308,0.4862,0.624,0.147,14.05,54.95238925227138,23.78,10.11,1.305
0.25553509726784385,0.6164732614751616,0.5789398071900949,0.6312520044708185,0.9096566678732674,0.9322957857754766,0.9221711495065604,0.8368415441535446,0.8711505988402093,1.21,0.785,1.937,1.183,0.792,2.168,1.992,0.041,0.898,0.277,0.0136,4.269,0.105,0.383,0.364,10.55,56.96238925227138,14.85,7.24,-0.607
0.2839698570300037,0.5982156469042268,0.4906001224990193,0.6060186521418649,0.9868485021899704,0.9038526087259511,0.9182369074166719,0.8196576445509771,0.8573641617921144,1.643,1.432,0.984,1.788,0.602,1.114,0.372,0.937,0.659,0.202,0.0159,3.146,0.6629,0.643,0.278,4.859999999999999,57.25238925227138,5.4,5.3100000000000005,-1.385
0.48791689345677985,0.6861676874164785,0.06318470159707912,0.6900377412412576,0.2531930129316078,0.8347805818105684,0.5756366705794735,0.783052987082366,0.858068467512541,0.904,1.728,0.279,0.667,0.48,2.586,0.255,2.04,0.535,0.103,0.0367,2.092,0.8858,0.676,0.066,34.51,56.952389252271374,40.59,11.08,1.806
0.2726312049323958,0.6303933111556923,0.5353923604738363,0.6488343945547645,0.9018805936357477,0.8428660838709385,0.7671965698856225,0.8791022192597793,0.8746869932264965,1.404,1.248,1.028,1.191,0.598,1.875,0.059,1.163,2.66,0.138,0.0464,4.867,0.2719,0.387,0.209,3.69,60.06238925227138,29.82,7.89,-0.409
0.2989685137751135,0.5910926598465502,0.6229067455171486,0.6410930544036058,0.9318162013265898,0.841298322574756,0.53699585913902,0.9051212587214346,0.8462840801807121,1.499,1.488,1.392,1.263,0.758,1.985,0.583,1.589,1.37,0.184,0.0437,2.7,0.7478,0.182,0.213,3.87,56.25238925227138,6.43,5.67,-1.833
0.22727786633575772,0.6508535484706153,0.6472606197563449,0.6586973172303998,0.9715481621291915,0.9566769136015612,0.9339388170629807,0.8253072873729287,0.8866070049617047,1.922,1.65,1.319,0.266,0.515,2.082,1.958,0.708,1.843,0.321,0.0102,3.884,0.087,0.435,0.223,14.36,55.53238925227138,37.47,24.24,0.809
0.43291378204102243,0.6411885726996042,0.09452288458266189,0.632900047978747,0.48860874478099614,0.8409072027170775,0.7268189812235744,0.79553528688784,0.8875157887563727,0.86,0.22,1.845,0.778,0.615,1.567,0.709,1.487,1.068,0.149,0.0656,4.95,0.1033,0.296,0.132,26.23,60.342389252271374,27.04,18.69,1.048
0.26785137318990854,0.7155001643631738,0.49692406197462147,0.6772481747244923,0.8041970124741815,0.8776013519723325,0.9558520030930198,0.7456963121798152,0.8742187688535836,1.533,1.921,1.671,0.379,0.512,1.935,0.638,0.18,1.105,0.18,0.0422,1.173,0.6221,0.652,0.405,9.08,60.302389252271375,33.980000000000004,21.58,-0.718
0.28242933612665877,0.7078601543542842,0.491980546154309,0.7024452997370326,0.7143956038413029,0.8442689890937338,0.7822774527590783,0.8097556727855217,0.8706000223571354,1.437,0.657,1.253,0.813,0.529,2.622,1.149,2.592,2.866,0.112,0.0354,1.168,0.004,0.667,0.174,8.22,58.31238925227138,32.78,26.58,-0.226
0.3269196492697161,0.6102798843480735,0.3927378421209956,0.6174288339569731,0.770565256600916,0.9566405070101178,0.8998381958735461,0.6809739628106736,0.8527875138298338,1.87,0.722,0.434,1.426,0.461,1.353,0.079,0.605,0.381,0.291,0.0179,1.236,0.3173,0.745,0.481,1.41,60.372389252271375,33.879999999999995,6.99,0.919
0.44512019462069735,0.6250503921343087,0.04438667874037072,0.5906033552813328,0.5521232828943285,0.8915468765847697,0.9397561667756618,0.6333668699973277,0.8848416082174162,1.044,1.93,0.259,1.972,0.619,1.998,1.922,1.636,2.403,0.204,0.0494,4.144,0.6045,0.705,0.335,7.26,57.18238925227138,13.77,13.19,0.681
0.3311975896247975,0.5150276314899533,0.42652618936256614,0.5685890039083609,0.9920427473761723,0.9939245665076109,0.7372338798567375,0.7911209791295171,0.8792847080284885,1.468,1.455,0.305,1.583,0.655,2.569,0.48,2.464,0.467,0.36,0.0085,4.358,0.861,0.542,0.267,9.56,59.17238925227138,19.16,6.41,-0.123
0.3328014055857468,0.70205638029796,0.3067445130812272,0.6501582427373644,0.6782009581496844,0.9163603952405862,0.9799262653330544,0.7360835450406267,0.8830114456532254,1.586,0.98,1.837,0.777,0.405,1.454,0.049,0.454,2.535,0.293,0.0542,2.351,0.3118,0.51,0.334,38.54,56.36238925227138,40.35,20.37,0.029
0.3979096503725485,0.5685254105392609,0.1313944784836215,0.5751945555953801,0.749199155325231,0.9152176980597769,0.9718887612625701,0.7677079510703065,0.8560825244426453,1.93,0.774,1.503,1.798,0.676,2.11,1.502,0.138,0.561,0.327,0.0603,4.725,0.4225,0.38,0.112,13.14,55.442389252271376,22.78,16.24,-1.098
0.2652378612618158,0.613806078294342,0.5515523931781983,0.6301782423155528,0.9609667762527486,0.8697077435433639,0.8531395986262923,0.9048667628398513,0.8366847351358532,0.73,0.856,1.764,1.936,0.702,1.119,0.936,0.056,2.702,0.211,0.0543,4.578,0.1611,0.345,0.488,2.74,57.47238925227138,13.950000000000001,5.07,-1.788
0.3628854268830097,0.5706461954702142,0.2629045524667678,0.5964626918276561,0.7906934769960349,0.8466286649648425,0.8461927116348639,0.7787747690567642,0.8481426811624992,1.096,1.83,1.322,1.776,0.552,2.754,1.086,0.19,1.211,0.124,0.0547,2.6,0.3251,0.528,0.145,13.9,56.512389252271376,38.02,11.11,-1.932
0.2063208656959103,0.6724751963454656,0.6743851815471404,0.6813779510006679,0.9563474697673274,0.9933837753714863,0.9772096803319122,0.9049550404777754,0.8807246084336265,1.663,0.373,1.943,1.209,0.651,2.583,0.832,0.79,1.866,0.467,0.0374,1.898,0.2688,0.336,0.381,23.29,60.24238925227138,31.73,31.24,-0.239
0.21268532729146675,0.6552633453902978,0.6929848953390109,0.6776745354717737,0.9291656935696262,0.9424625330183037,0.9599702508870381,0.8609560329964403,0.8750144716076016,0.635,1.386,0.775,1.209,0.677,1.092,1.078,1.076,2.44,0.294,0.0081,2.875,0.34,0.415,0.283,17.29,58.96238925227138,34.96,20.45,1.525
0.24984521943395496,0.6032654030658102,0.614473129193657,0.6567494703530945,0.8661208229421995,0.8690301897234346,0.916984437458507,0.8569121122436586,0.885595532121085,1.239,0.141,1.693,1.906,0.616,1.744,0.236,1.21,1.7,0.143,0.0023,3.745,0.0178,0.485,0.06,12.41,55.79238925227138,12.9,5.32,0.484
0.28574620168846654,0.6720343647744236,0.5040746286429246,0.6777445971577971,0.7950336411374407,0.8398900136296411,0.6846563642086292,0.8757391655106086,0.8845600671062468,0.993,0.752,0.994,1.439,0.764,2.533,0.438,1.095,1.813,0.154,0.054,3.821,0.1914,0.279,0.185,18.150000000000002,60.552389252271375,30.45,21.1,0.451
0.2870020324908545,0.643203853836371,0.4264062370344336,0.6255437230303731,0.8966600624511959,0.8953293664558333,0.9709806317261122,0.8516066077856634,0.8660868631094749,1.42,0.388,1.79,0.299,0.497,2.561,1.528,0.38,0.332,0.262,0.0624,3.57,0.7003,0.409,0.414,2.43,60.842389252271374,13.97,12.26,-0.933
0.20466241184458359,0.7194899453598854,0.6841494280967237,0.6954899550356421,0.9784941934749286,0.8749614729850865,0.9441412813403136,0.8263827436925373,0.8793372490122684,1.816,0.981,1.592,1.752,0.473,1.061,0.95,0.627,0.629,0.16,0.0135,1.8,0.1872,0.69,0.438,1.02,58.592389252271374,32.760000000000005,14.13,0.034
0.3298727528972297,0.5857877112799048,0.7194989770665725,0.6798334304078191,0.8675890586373142,0.8648172858466118,0.3362908955811751,0.8319638448463138,0.8850389621288623,1.058,1.285,1.698,1.575,0.608,2.428,0.927,2.349,0.268,0.226,0.0196,3.266,0.3558,0.228,0.418,28.44,60.012389252271376,39.480000000000004,7.130000000000001,0.263
0.4421257450485101,0.5309537721063018,0.07532059788881729,0.5857034497802992,0.5310020642303147,0.9974020570418494,0.9518767639219798,0.7141772443491594,0.8853392098346005,0.216,0.377,1.401,1.603,0.786,1.589,0.115,1.296,1.038,0.429,0.0666,3.412,0.2872,0.51,0.376,1.79,55.72238925227138,21.67,9.81,0.877
0.2597304994513387,0.6018590055032198,0.6179737223427559,0.6452047649197556,0.9538582659771117,0.8502115901866159,0.767127133881964,0.9003445836142454,0.8564281695991658,1.782,0.613,0.831,0.936,0.718,2.124,1.208,1.656,2.657,0.135,0.0268,4.981,0.7439,0.435,0.373,1.64,59.99238925227138,17.55,15.1,-0.971
0.25941397067918454,0.6261846710223562,0.557568957756366,0.6388184499467756,0.9550083922724174,0.8568982816877,0.8816353866614474,0.8741753557808483,0.8582775363024,1.274,1.979,1.352,1.184,0.593,1.835,1.15,1.08,1.573,0.148,0.0304,4.192,0.8592,0.501,0.141,7.06,60.012389252271376,9.54,8.36,-1.039
0.21578351520407657,0.707464132628377,0.6179655432983355,0.6912483170936936,0.8965699125015734,0.9315641932333275,0.9508957113708427,0.8765864908314551,0.8876537766004755,0.959,1.374,1.252,1.079,0.796,1.616,0.762,1.135,0.814,0.393,0.0496,4.125,0.6445,0.323,0.397,20.22,60.49238925227138,37.84,26.0,0.816
0.2232437794120328,0.6867521017319018,0.6154010388272411,0.6728632371378452,0.9374927395100525,0.914647460838079,0.915988890408657,0.8829966760629807,0.8829386735661775,0.827,1.68,1.969,1.455,0.401,1.854,1.2510000000000001,0.781,2.962,0.369,0.0443,4.17,0.6327,0.292,0.331,16.86,57.54238925227138,22.86,17.15,0.093
0.39181955899762666,0.45600321278639655,0.2407969087779458,0.5925409911106632,0.6516326744193492,0.925830509924443,0.9340252659182761,0.7892726175418749,0.8807680818122069,0.507,0.587,1.44,1.807,0.592,1.6,0.5690000000000001,1.355,1.066,0.556,0.0471,2.05,0.6979,0.459,0.142,1.1,57.06238925227138,10.81,6.74,0.435
0.3030518732944893,0.6342547746202394,0.40966564467205424,0.6341129336705229,0.8431322300060106,0.865285269284602,0.8019453255277054,0.8649854111376971,0.8644426772097631,1.859,0.226,1.041,1.1,0.502,1.974,1.459,0.764,2.25,0.321,0.054,2.116,0.3323,0.167,0.087,12.46,60.31238925227138,23.0,7.38,-1.508
0.3515975456113444,0.570417782030668,0.28563633934637656,0.5901314440124157,0.8436653522185996,0.8591672157990422,0.9133515289038499,0.7797007606288857,0.839363733295972,0.64,1.826,1.454,0.425,0.666,2.997,1.18,0.419,2.588,0.153,0.0526,3.835,0.2122,0.521,0.191,11.290000000000001,60.622389252271375,13.790000000000001,9.8,-1.874
0.35799563144044366,0.6606974175905411,0.25684320275087547,0.655470503142978,0.5817871094766884,0.9683546036835965,0.9939978990047627,0.7807872691117803,0.8767748580687966,0.899,1.806,1.773,0.379,0.615,2.345,0.559,2.237,2.605,0.442,0.0522,1.974,0.772,0.388,0.074,4.04,54.88238925227138,10.969999999999999,7.15,0.58
0.2694376117053348,0.6937547446213586,0.5199530775881083,0.6900218033903583,0.7987782441589111,0.8506887018111788,0.7527258859131347,0.8452997855348338,0.887774229181707,1.165,1.824,0.661,1.336,0.578,1.676,0.568,1.019,0.539,0.19,0.0676,4.522,0.669,0.34,0.457,18.88,55.692389252271376,40.37,18.62,1.037
0.46114213977726876,0.6730525471763158,0.05043796195581629,0.6349923873876012,0.3790048463794399,0.8891953344429736,0.9670301115247117,0.621862290819247,0.8679563292718113,1.059,0.767,1.655,1.093,0.74,2.288,1.001,0.199,2.596,0.19,0.046,2.093,0.3768,0.783,0.469,1.45,57.28238925227138,5.58,5.07,1.346
0.28855902612555995,0.6980194054417752,0.4864102683892204,0.6914102549252418,0.7529065049334026,0.854417935304195,0.6726949500796284,0.8846643289201246,0.8848656254412496,1.507,0.646,1.05,0.7,0.712,2.902,0.335,0.784,1.675,0.335,0.0651,3.429,0.3385,0.129,0.231,9.0,58.262389252271376,15.950000000000001,15.42,0.622
0.21524920292436137,0.6800431509537556,0.6768750192374557,0.6840803234532931,0.9673616466484956,0.8567217270960279,0.9099225962246152,0.8649530346216212,0.8730164291014547,1.108,0.811,1.642,0.521,0.491,2.088,0.566,0.159,2.974,0.121,0.0114,1.125,0.1065,0.721,0.087,1.39,56.622389252271375,16.53,10.08,-1.105
0.2179975788810549,0.6856683243837124,0.7398901814185999,0.7098467959191517,0.9507038045254405,0.9029630086837397,0.6882482389537619,0.9181456347368521,0.882536971231804,1.687,0.711,0.832,1.525,0.43,1.034,1.0130000000000001,0.603,0.563,0.397,0.0409,2.635,0.9233,0.209,0.39,5.79,56.38238925227138,22.11,14.780000000000001,0.044
0.2330572712555154,0.7425981043917056,0.5785601212007252,0.7094439574003959,0.8124068211581956,0.8769103426437239,0.9300530656198129,0.8109369651142619,0.8764858591138218,0.866,1.516,0.68,1.267,0.78,1.541,0.364,0.814,0.616,0.193,0.0311,2.284,0.6242,0.551,0.144,8.36,58.372389252271375,8.93,4.94,0.933
0.3739271956899431,0.6701279256918222,0.7514158481847223,0.7344611077838517,0.8729974580562563,0.8488593913065517,0.09999795393813049,0.89108479502129,0.8711105972417625,0.588,1.91,0.215,0.548,0.74,1.52,1.064,1.118,0.857,0.294,0.0335,2.489,0.6871,0.151,0.195,8.35,55.482389252271375,9.89,5.0,1.522
0.39765026544548643,0.562846648298003,0.15323756928038268,0.5764623017917692,0.7661344608472892,0.8512482420171046,0.8827820073447614,0.7429895960212515,0.8554405360300392,1.729,0.338,0.765,1.117,0.404,1.583,0.925,1.07,1.85,0.113,0.0431,3.085,0.5082,0.81,0.497,15.59,55.912389252271375,33.45,20.47,-1.457
0.30498560785873713,0.5940547394787596,0.45044634093373725,0.6240133028740561,0.8802944881202767,0.8390967299583595,0.7657595077003089,0.8521754003000713,0.8620761062559158,1.602,0.426,1.767,1.837,0.755,2.549,1.462,0.519,0.374,0.101,0.048,2.849,0.8929,0.541,0.191,10.08,59.762389252271376,16.490000000000002,14.62,-1.23
0.2609764803988227,0.6096301338399421,0.7664074200997855,0.7029748481492654,0.8863750722659474,0.8801156684108277,0.5645796961042131,0.8739791865231377,0.869858706355652,0.744,0.318,1.753,1.163,0.51,1.828,0.467,0.209,0.261,0.243,0.0112,2.225,0.7846,0.261,0.149,13.0,56.802389252271375,32.629999999999995,19.15,1.442
0.21805239897944334,0.6668720497149908,0.7076385685018036,0.6954274543122635,0.9542162655285323,0.856494606490955,0.7975241070275222,0.8812054858348102,0.8844043945862873,0.365,1.245,1.023,0.235,0.766,1.002,0.602,0.425,2.561,0.166,0.0245,4.866,0.6669,0.401,0.236,33.21,55.75238925227138,33.269999999999996,5.92,0.339
0.3295020839838033,0.545991993007747,0.6137456697190058,0.6358563871975209,0.8736911199997621,0.8448666098015181,0.4556363269331829,0.8482876308692135,0.8540959748493732,0.313,1.279,0.493,1.895,0.631,1.937,1.932,1.2790000000000001,2.107,0.134,0.0164,4.353,0.5606,0.32,0.246,8.17,59.232389252271375,11.4,9.33,-1.245
0.2989420502066916,0.6429438106638342,0.4011462331525083,0.639692684251588,0.7958172369976464,0.9190795795042632,0.8565633042803632,0.871156692158045,0.8834621175470632,1.053,0.71,0.822,0.216,0.431,1.938,0.679,1.488,0.718,0.596,0.067,4.372,0.6059,0.153,0.228,2.54,57.52238925227138,17.62,8.09,0.186
0.4459996474971872,0.42636459488254375,0.10012185865689838,0.5499041912903062,0.609498124343836,0.947855933357369,0.872734158894245,0.7442419114588987,0.8856256693661602,1.462,0.384,1.851,0.251,0.653,1.338,1.085,0.20800000000000002,0.75,0.484,0.0457,2.684,0.5911,0.556,0.268,19.73,58.04238925227138,30.09,11.5,0.398
0.28512263074580957,0.6179971260240865,0.7592568082119152,0.6999071665906224,0.8885849230746642,0.8474141795700573,0.45744905181109075,0.8944458852930686,0.8766258809529166,0.111,1.603,0.803,0.452,0.781,2.469,1.155,1.229,1.695,0.144,0.0138,1.439,0.211,0.323,0.128,5.96,56.32238925227138,22.400000000000002,17.83,-0.427
0.3712379474684474,0.48968057107882557,0.2914482786678374,0.6013337532317273,0.6605057707726323,0.953015246852384,0.9318518686471648,0.795962337579919,0.868108994713743,0.463,0.361,1.818,1.655,0.64,1.498,0.427,0.323,0.841,0.476,0.0395,2.378,0.3,0.532,0.343,4.75,59.14238925227138,7.75,5.01,1.545
0.2557506380451247,0.6318484422007882,0.53067880813054,0.6357330840742684,0.9458278391202007,0.9423914909303089,0.9416509472997525,0.9115466103235839,0.8684827130365653,1.674,0.18,0.782,0.386,0.61,2.767,0.975,0.724,1.862,0.464,0.0419,3.746,0.1631,0.242,0.173,12.05,58.192389252271376,13.2,11.68,-0.852
0.3690784067206357,0.6652455213260429,0.565798713068926,0.7182050523258203,0.7084966184991646,0.8816289105461995,0.24469035596991096,0.8606378890403208,0.8556017355399402,1.528,0.61,1.998,0.917,0.644,2.815,0.581,0.587,0.701,0.583,0.0401,1.563,0.6586,0.114,0.129,26.93,58.24238925227138,33.260000000000005,20.46,1.403
0.2949589011376208,0.6899305849405671,0.45209184680253356,0.6755769295054896,0.7367602354801337,0.8519834573377805,0.8399228153873117,0.7706129998629694,0.8420058851529058,1.988,1.027,0.827,0.837,0.608,1.177,0.887,0.745,0.922,0.123,0.0035,1.738,0.2852,0.854,0.317,4.82,58.192389252271376,23.84,19.38,1.99
0.3823418467416775,0.5617385741680225,0.6114155326762809,0.6282159083651812,0.9105715635939233,0.8559209550799121,0.21461550223159864,0.8620940139583833,0.8464264378082205,1.161,1.587,1.156,0.918,0.662,2.947,0.73,2.877,0.62,0.341,0.0336,4.197,0.8066,0.109,0.214,3.12,32.168336881969786,12.996947960806017,0.7934252993108747,-1.529
0.35530610370095284,0.506842820422991,0.33813668136701514,0.5529954479965229,0.9859193994194477,0.972130643452197,0.7094568385125101,0.827426763734226,0.8830065049855986,0.877,1.707,1.704,0.345,0.619,1.228,1.059,0.714,0.646,0.29,0.0015,2.345,0.7593,0.674,0.483,2.9299999999999997,32.53833688196979,12.496947960806017,0.7934252993108747,-0.226
0.26370127739428517,0.6495032006289223,0.5499890285484721,0.6846287467097417,0.7563160681639738,0.9710547351412496,0.8335390352892809,0.870490754355005,0.8363283258340988,1.637,1.155,1.549,0.262,0.736,2.611,0.247,2.579,0.947,0.486,0.0578,1.093,0.6783,0.302,0.493,2.91,31.66833688196979,13.126947960806017,0.7534252993108747,1.248
0.2351692629593277,0.7135259243027047,0.5824552833342276,0.6873607933140391,0.8741886117350882,0.8725643861463623,0.9463320321739501,0.8027510950134085,0.8798889034146498,0.304,0.738,1.278,0.335,0.424,2.314,0.85,2.146,1.826,0.165,0.0283,3.01,0.9553,0.663,0.415,1.04,33.65833688196979,13.016947960806018,0.8134252993108746,1.372
0.22686019431421,0.6266930516029132,0.6617087546068359,0.65166811545743,0.93913757958686,0.9959086146200281,0.9076502091869947,0.9062687936113384,0.8752793548488687,0.186,0.953,1.89,0.695,0.539,1.882,0.214,0.012,1.694,0.395,0.0224,1.269,0.9618,0.348,0.458,3.07,33.40833688196979,13.176947960806016,0.8234252993108746,-0.913
0.36995545512688327,0.6037660985054478,0.24440642144785218,0.5880114602305562,0.7642848938410663,0.8806194009529247,0.9320316816126876,0.6697630690080568,0.8825720174524458,0.645,0.738,0.936,0.108,0.712,1.235,1.056,0.15,2.205,0.167,0.0283,3.528,0.4571,0.757,0.067,1.72,32.598336881969786,13.466947960806017,0.8134252993108746,-0.18
