0.28984517947769944,0.5562324496955812,0.7563764235353351,0.5473564141060122,0.8545420370666703,0.9636902731105751,0.966782511164462,0.591429084087198,0.8571591346069773,1.19,1.294,0.974,0.411,0.455,1.705,0.099,0.017,0.628,0.127,0.0114,3.224,0.6136,0.891,0.426,2.91,389.57,226.68,186.44,-1.148,0.0205
0.4672603709275795,0.7618721523355617,0.15486752047868357,0.7082991514908579,0.08261699581162185,0.9657900942295593,0.8991315236533375,0.8212235286587466,0.9243858553794987,0.773,1.228,1.295,0.575,0.562,1.937,0.106,1.092,1.529,0.302,0.0542,5.424,0.6439,0.524,0.179,2.35,105.22,53.22,26.76,1.751,0.0349
0.44032406810406793,0.5728921654408109,0.6923763672343558,0.5207557746570286,0.7110737499969182,0.9983649065734994,0.948732089471831,0.03187934372727441,0.8551318009770384,0.864,1.674,1.968,1.572,0.716,1.998,1.397,1.282,1.985,0.47,0.033,2.296,0.0639,0.271,0.267,23.66,322.02,24.7,20.14,-1.809,0.0115
0.27118912523314914,0.6328900409446494,0.637251631072121,0.6095737688962262,0.7318099651838611,0.957971972356142,0.9593916439439367,0.7189723324693224,0.8765425107788667,0.585,1.243,0.364,1.726,0.419,2.274,0.187,2.19,0.278,0.14,0.0375,2.55,0.1266,0.725,0.094,41.79,209.92,136.88,31.26,-1.098,0.0251
0.14811471510518925,0.7333267715156215,0.9138669002320907,0.7324508751586284,0.9674546613420915,0.957986348270882,0.9224352077149334,0.8925637101493722,0.9292575417647236,0.522,1.817,0.283,1.645,0.763,2.584,1.355,0.315,2.857,0.14,0.0082,3.978,0.2498,0.818,0.189,2.75,347.62,118.25,17.09,1.343,0.0389
0.27698303347371483,0.4798975873193442,0.7967677833739748,0.591947442226868,0.8444185215895004,0.9950356284880467,0.9114861310270308,0.7030565145685719,0.876713004527598,1.248,0.375,0.829,0.295,0.767,2.735,0.451,0.242,2.964,0.382,0.0288,2.016,0.04,0.528,0.257,47.79,211.87,197.77,105.48,-1.442,0.058
0.2402509871088014,0.7228093671465904,0.6843975667388398,0.6705954039963434,0.7082367825432614,0.9702036438692307,0.8912565175524323,0.7385429700108671,0.8969522326359562,1.728,0.689,1.255,1.723,0.558,2.822,1.897,2.295,2.588,0.426,0.0694,5.091,0.6563,0.409,0.487,43.56,401.34,57.55,37.14,0.644,0.0309
0.26121586663836605,0.6138476256402976,0.7386796900495487,0.6182912650769918,0.7724192086176775,0.9492427651277212,0.8003567248295038,0.734406044535139,0.8658381092189543,0.954,1.682,0.291,0.409,0.563,2.748,0.316,0.356,0.378,0.073,0.0483,3.197,0.4229,0.632,0.248,4.84,284.95,102.02,82.62,-1.018,0.0441
0.5776352222546491,0.16260675469667263,0.16266505169178846,0.41534068418101355,0.3791325071160253,0.9189099110505369,0.8121292475583546,0.3149759517212518,0.8311497444109576,1.402,1.777,0.463,1.07,0.681,1.204,0.754,0.509,0.617,0.495,0.0457,5.079,0.4332,0.876,0.087,14.86,407.05,95.92,51.39,-1.258,0.0228
0.2960777164184736,0.6667043496422718,0.5587246524899893,0.7059286682257994,0.5215350303597439,0.9501985047496595,0.7910620021102854,0.8255313284501209,0.9407976198016673,1.542,1.87,0.181,0.441,0.798,1.339,0.482,0.243,0.543,0.147,0.0489,3.025,0.0836,0.585,0.427,34.74,446.56,170.79,81.91,1.603,0.0471
0.3378375000039845,0.5505357449636248,0.4731250855138679,0.5984322987405468,0.5786160292585624,0.9079313384551733,0.8954937731019484,0.7425053421505516,0.9054729616003152,1.352,0.77,1.357,1.938,0.563,2.274,0.931,0.602,2.199,0.463,0.03,4.834,0.1534,0.807,0.169,6.72,301.83,69.72,54.83,0.706,0.0472
0.328718750760865,0.5408585529560307,0.5651413225890529,0.5525504468500839,0.6971934635727851,0.9792180750751027,0.9829089641138855,0.6090608821364998,0.8618880446999636,0.5,1.537,1.955,1.91,0.594,2.472,0.04,1.48,1.592,0.234,0.0551,2.829,0.4905,0.732,0.318,26.56,436.74,169.82,70.66,-1.253,0.0227
0.37570554798663336,0.337426435289675,0.5605707905560056,0.5734682382525663,0.5754299646129064,0.9856688779708244,0.8665496630097677,0.6631265342988824,0.9412773687995895,1.889,1.977,1.368,1.774,0.635,2.028,1.059,0.241,1.976,0.336,0.0353,2.831,0.1823,0.515,0.284,25.18,386.03,208.67,77.05,1.599,0.0686
0.4236690734078922,0.4904587673664289,0.3198865170932723,0.6000264988302608,0.3280874517912561,0.9807827866121719,0.9330076582469522,0.7049651239058872,0.8978769106470489,1.11,1.971,1.232,0.342,0.54,2.703,1.287,0.538,1.382,0.435,0.0663,4.983,0.9062,0.481,0.242,6.51,171.62,97.96,48.57,0.71,0.0595
0.3002795518721926,0.49085570000863776,0.7707339137799626,0.6303222933081882,0.7854464090516959,0.9490606839580782,0.7297154289434677,0.6192150607419227,0.9211898849979843,1.818,0.318,0.446,0.105,0.516,1.102,0.08700000000000001,0.548,1.81,0.135,0.0342,5.546,0.353,0.346,0.243,22.17,362.5,143.28,27.68,1.598,0.0603
0.29822720384987483,0.41667253745221966,0.7436474255455109,0.5734599578743744,0.8428933156882286,0.8687383068618374,0.943756658726528,0.7430815249524696,0.8881555374583835,1.609,1.483,0.666,0.353,0.561,2.763,0.724,1.306,1.221,0.475,0.0333,3.679,0.1352,0.716,0.433,38.1,225.83,213.95000000000002,143.95,-0.184,0.0635
0.3452665058785776,0.4697834349961365,0.7102463989214478,0.5469107768539653,0.724703688505705,0.9546819110087286,0.7999696872230722,0.5131145226066331,0.8315253759735144,0.187,0.496,1.612,1.694,0.576,2.801,0.577,1.961,1.623,0.269,0.0679,4.091,0.2975,0.212,0.366,42.05,438.43,228.13,78.71,-1.537,0.0582
0.3281947042176997,0.45685837904574034,0.6803633098846616,0.5456276559593569,0.7256691844489305,0.9520006907934977,0.8529264938716137,0.641040190243474,0.8267217306408704,0.52,0.283,1.621,1.501,0.438,1.969,1.938,0.602,1.589,0.088,0.0668,3.145,0.2676,0.693,0.352,12.69,360.24,208.53,158.46,-2.027,0.0585
0.2318208075690989,0.6905946956691782,0.7318516674054081,0.7087899497101444,0.7278846700076215,0.9550806718050542,0.7816213302543693,0.7806427898448598,0.9250513331971744,0.915,1.484,0.65,1.645,0.514,1.786,1.075,1.235,2.531,0.403,0.0453,3.447,0.0427,0.239,0.276,19.59,190.76,73.53,50.48,0.868,0.0443
0.3812259935564186,0.39169137086566097,0.5658670279678659,0.5076257488080129,0.6639078306306676,0.9747950886267421,0.9782101315888961,0.5338856573514208,0.8256663436791459,1.785,1.92,1.626,0.546,0.633,2.724,1.691,0.686,2.914,0.315,0.063,5.583,0.0822,0.529,0.134,24.47,145.85,73.1,60.05,-1.39,0.0614
0.34790223873905785,0.47068077315668433,0.5490049696721959,0.528251960002764,0.8042149814588673,0.977316795668091,0.905374188917777,0.5580260942551595,0.8620692619343371,1.417,1.938,0.373,0.996,0.491,1.823,0.335,1.074,2.032,0.322,0.0338,2.111,0.8011,0.862,0.329,16.05,406.34,43.25,8.84,-1.633,0.0359
0.43661995250499985,0.29112419186848615,0.425380808232265,0.5606184298500587,0.4295236427310045,0.9632410983957724,0.8414374009305845,0.6225820308601147,0.9295254655139076,0.151,1.179,0.914,1.846,0.433,1.334,0.743,1.188,2.594,0.269,0.0575,5.121,0.1096,0.259,0.43,4.56,288.54,174.66,64.04,2.007,0.0705
0.4227655393244312,0.18817819929231516,0.63807621770647,0.4736757147808881,0.749559923039723,0.9615949046543588,0.969028114624833,0.47019450223580017,0.8698593461840418,0.397,0.806,0.493,0.379,0.497,2.212,1.195,1.79,0.559,0.102,0.0263,4.071,0.2348,0.525,0.063,15.66,119.86,18.82,17.05,-0.627,0.0782
0.3597983327290461,0.3581024049749868,0.5827283873175704,0.5653664709267385,0.6320561835979938,0.9642424915874056,0.908264146424838,0.6737214955151785,0.904868957346844,0.996,0.113,1.235,1.774,0.48,2.228,1.396,0.686,1.546,0.124,0.0561,5.938,0.7449,0.641,0.447,3.19,371.84,49.7,38.39,1.142,0.0669
0.30298393034953885,0.4233681689246428,0.7601340654715223,0.561663296488957,0.8570636768922322,0.9018893396046509,0.9498469061479343,0.6787416413826357,0.8717957268741428,0.59,1.828,0.54,1.299,0.582,1.139,0.405,0.042,2.268,0.411,0.027,3.657,0.9145,0.702,0.439,31.99,348.26,86.95,32.45,-0.617,0.0603
0.3399699187089262,0.7728614560445222,0.41201131834749394,0.7061242581931648,0.3825353744034906,0.9497779206870444,0.860800952208867,0.8204550095872576,0.9254801644552109,0.174,0.235,1.732,1.277,0.607,2.679,0.449,0.445,1.861,0.074,0.0368,4.531,0.6284,0.885,0.221,3.74,177.11,24.98,10.32,1.479,0.0296
0.21603830241352331,0.6259460666966405,0.8043755113109661,0.6560392994877293,0.8667156382889913,0.9871247822843888,0.9362948686013937,0.7912728604835658,0.8935562075970537,0.238,1.509,1.514,1.063,0.459,2.836,1.531,0.453,0.784,0.485,0.0358,4.928,0.7961,0.55,0.341,10.32,395.83,180.47,174.2,0.502,0.046
0.39554415233815315,0.4110550644664833,0.41834345060412026,0.5572304045877159,0.4991975005998487,0.9129474270314891,0.9506178639302368,0.6939957644501863,0.8736768547696319,0.642,1.37,1.77,1.975,0.464,1.832,0.273,1.203,1.099,0.368,0.0676,5.42,0.5452,0.692,0.415,20.76,219.91,100.62,93.01,-0.015,0.0644
0.2607498540137909,0.5555527544880692,0.7648205602294794,0.5940556943258957,0.939874109437487,0.9436893788773315,0.8796740800589945,0.6993836602538038,0.8789385726031971,0.257,1.245,1.557,1.122,0.694,2.492,1.69,0.509,1.1,0.393,0.0055,4.926,0.7705,0.831,0.051,11.01,483.11,61.62,38.3,0.122,0.0386
0.24497998601688092,0.7613977576170463,0.6198730665628394,0.6937376102126147,0.625058925961001,0.9531929025757357,0.9076129611918875,0.8339376228176638,0.922452659801429,1.204,1.33,0.905,1.193,0.8,1.879,0.022,1.722,0.207,0.117,0.045,3.289,0.8773,0.653,0.297,5.93,379.16,187.34,12.86,0.811,0.0232
0.31500759819529817,0.3451548153784133,0.8204005307398596,0.5905770274696731,0.8441960354224274,0.9495151355157222,0.7994507009800106,0.6924727336428487,0.9407015856924181,1.214,1.689,0.198,0.257,0.471,1.792,0.553,0.17500000000000002,2.996,0.069,0.0048,3.492,0.1985,0.753,0.241,23.61,172.54,126.85,108.12,1.886,0.0703
0.3562215377747208,0.43863965313301423,0.6897657125988171,0.5203807816081502,0.7317739662053286,0.9979350467027875,0.9537343976063445,0.47897723876038767,0.8321005297804495,0.367,1.674,1.479,0.804,0.771,1.012,0.587,0.545,0.638,0.221,0.0164,4.806,0.6609,0.745,0.259,18.45,266.83,192.75,72.79,-1.25,0.0582
0.47707784685347887,0.2703280136092754,0.3528636549247023,0.4695791266965563,0.5519042443230032,0.8881729623015562,0.8845843543935625,0.41725915258056057,0.8514387100486864,0.283,1.073,0.741,0.455,0.581,1.877,0.991,1.1260000000000001,0.453,0.286,0.039,2.75,0.7287,0.858,0.08,6.92,319.68,177.98,32.23,-1.542,0.0693
0.38313805652980704,0.27168076047281176,0.6457535168045241,0.48801066175428076,0.7349669319181447,0.9835017309792666,0.9805514265373254,0.5987463836768827,0.8438328997108784,0.435,0.262,1.544,0.827,0.787,2.308,1.726,0.458,2.956,0.236,0.0669,2.077,0.1242,0.362,0.361,10.04,446.07,10.61,8.33,-2.209,0.0726
0.33644972340263063,0.38879574956873253,0.7287050398929329,0.5930730936845972,0.7729901875440467,0.9688389816008395,0.7867657448638097,0.5628201998212011,0.9389529399015347,1.06,1.398,0.887,0.634,0.45,1.058,0.08,0.029,0.905,0.475,0.0339,4.285,0.4844,0.278,0.324,19.88,97.56,66.65,59.66,2.33,0.0663
0.326085096420861,0.5705292002642312,0.5958633268523676,0.5593053663072799,0.6749447603906704,0.9665626677815394,0.9179543014588794,0.5929173071684881,0.8284139782706124,1.941,0.654,0.881,0.735,0.656,1.758,1.619,0.611,1.112,0.254,0.0642,4.009,0.0098,0.527,0.185,11.36,255.27,179.06,58.51,-1.641,0.0378
0.18622252601211164,0.8412800709073923,0.7400002233157837,0.7539824933540448,0.7722801505948409,0.9693550042590324,0.9252180375278917,0.750830205100637,0.9396614051132052,1.406,0.808,1.824,1.21,0.643,2.451,0.136,0.53,1.588,0.353,0.0441,2.568,0.3214,0.409,0.448,43.77,481.4,63.75,28.78,1.928,0.0154
0.2490566655636634,0.6605534262606378,0.6712554924440688,0.7065225952040597,0.6596453908485762,0.9497840416948522,0.8069320903929997,0.8353448107123916,0.9362943096913474,0.617,0.179,1.99,1.336,0.535,2.355,1.599,0.939,1.151,0.109,0.0345,4.789,0.0592,0.685,0.382,19.7,251.31,128.47,65.48,2.346,0.0476
0.20838703508645298,0.6862165675743057,0.8383311449137764,0.6580786454961198,0.8869310324073025,0.9674830007781974,0.9516527592721954,0.7163904802644643,0.9036650880522059,0.343,0.209,1.111,1.857,0.643,1.698,0.317,1.596,1.361,0.223,0.0241,2.627,0.8739,0.518,0.251,10.2,440.75,57.7,37.269999999999996,-0.214,0.0318
0.4506305990054549,0.5644762993506454,0.2466400600076588,0.6481228761156209,0.1863655823626985,0.9687916357137315,0.8967635049923852,0.7462252814609648,0.9261110189678731,0.956,1.742,1.9,0.544,0.79,1.209,0.371,0.55,2.488,0.2,0.0372,4.977,0.2841,0.722,0.117,36.49,381.9,218.0,22.11,1.665,0.0553
0.2883483677426992,0.5682227584276529,0.7186317707076912,0.6329182993777602,0.7219568481171506,0.9545827559066135,0.7385788464148466,0.6751721152052221,0.8923676950893836,0.354,0.777,0.799,1.696,0.448,2.325,1.845,0.112,2.969,0.322,0.041,5.391,0.2799,0.253,0.109,2.66,495.29,233.54,97.3,0.527,0.0532
0.3770921036166375,0.3255336108105007,0.5810415262187301,0.5368754447604256,0.6510513276017051,0.9540508642706282,0.8942645136950922,0.6201028627425541,0.884701069772897,0.7,1.317,0.167,1.304,0.684,2.652,0.021,0.28800000000000003,1.08,0.077,0.0675,2.144,0.5585,0.566,0.096,12.6,440.54,84.16,83.27000000000001,-1.117,0.0696
0.40143114291066867,0.4414564962156007,0.5806595755582968,0.4613844355783705,0.6726337064897584,0.9744492877391457,0.9612894317338239,0.39297293254689825,0.8171070290560064,1.408,0.69,1.801,0.955,0.547,1.262,0.376,0.07200000000000001,2.192,0.238,0.0607,3.368,0.8276,0.49,0.145,3.23,462.75,187.71,65.65,-2.059,0.0199
0.3165148877982386,0.5517979579619889,0.8232341774866823,0.6076747153314757,0.8242917881380786,0.9492561212923822,0.7484011026381707,0.4478477534578995,0.8826091458410109,0.366,0.688,1.512,1.387,0.441,1.96,1.828,1.882,2.978,0.127,0.0236,4.22,0.5742,0.424,0.176,32.08,255.12,245.21,69.15,-0.035,0.0545
0.36930827836591995,0.7105381680801179,0.3785761755312008,0.6905942553665625,0.33527431748892045,0.950510328143027,0.805951253316943,0.8106405083001291,0.9128231372877335,1.717,1.076,0.279,0.911,0.634,2.168,1.754,0.849,1.146,0.097,0.0488,5.89,0.1861,0.824,0.373,3.58,262.27,240.84,126.6,1.351,0.0415
0.3925156806713801,0.414215893143152,0.46961278657120853,0.49523739483060136,0.727365694966568,0.9632326396088381,0.8622126980548651,0.5083752737516255,0.8698152932030877,0.811,0.54,0.408,0.702,0.429,2.806,1.308,0.523,2.793,0.378,0.035,2.339,0.8774,0.837,0.243,21.0,334.18,102.92,39.96,-1.32,0.0233
0.3159415171493492,0.5781378449336929,0.6800335911884142,0.5507931502937135,0.7516556280671656,0.9733883499921845,0.9708933143415995,0.5127036390967312,0.8745754644632724,0.913,0.372,1.625,0.662,0.524,2.41,1.893,2.351,0.571,0.193,0.0046,3.759,0.2792,0.757,0.193,26.26,118.04,51.56,35.81,-0.609,0.0292
0.406136490268646,0.6866399647851269,0.2925869294182669,0.6695763901784897,0.27091985931981755,0.9623666369730572,0.852878584285532,0.7825247488343166,0.9007379910726513,1.778,0.496,1.392,1.19,0.754,2.59,1.685,0.11,1.736,0.367,0.0691,4.864,0.472,0.317,0.098,4.95,222.14,167.01,129.41,0.629,0.0418
0.268820974912363,0.731189979874616,0.8302465095598349,0.6811097908200234,0.8658587926274525,0.9645492895620758,0.9440746231390013,0.4098952863772791,0.9310808062099379,1.036,0.822,0.657,0.194,0.72,2.569,0.63,0.6,1.578,0.264,0.0143,4.845,0.5326,0.478,0.226,27.64,335.6,140.11,7.370000000000001,1.825,0.0352
0.30361486803702264,0.5588896670242458,0.6074655535532221,0.5697757112302393,0.7463514863503383,0.992761452116766,0.9708668582721591,0.6577980077377895,0.8538478871685296,1.446,1.882,1.626,0.488,0.751,1.189,0.098,0.161,0.451,0.3,0.0587,3.283,0.1362,0.759,0.457,18.13,166.44,48.25,39.02,-1.3,0.0358
0.3953841807017769,0.5314159643226157,0.6884693045898937,0.5307870312308092,0.6832372134467185,0.9530815389738491,0.8346255662592057,0.2589093321593645,0.8136081175788841,1.252,0.961,1.245,1.634,0.647,1.685,0.597,0.806,0.506,0.152,0.0429,3.285,0.2239,0.484,0.443,32.32,286.04,192.26,35.69,-2.281,0.047
0.5129739031782825,0.177554881228272,0.47450918266618924,0.4199374393547287,0.5903056595247107,0.9214760901630931,0.8484149046687877,0.22442600829015602,0.8673344762084848,0.818,1.591,1.197,1.737,0.475,1.051,0.696,1.021,2.931,0.223,0.003,4.996,0.7036,0.675,0.2,49.88,399.68,154.6,112.48,-0.262,0.0788
0.5579622999747634,0.458446775897958,0.014980655390914421,0.5427857088859545,0.1376890004165645,0.8846525449803899,0.9205840136250617,0.5064476375826272,0.8941634040848027,1.284,0.813,1.377,1.331,0.569,1.566,0.8,0.787,1.433,0.469,0.0625,2.167,0.5309,0.8,0.191,11.68,384.81,232.53,13.17,-0.861,0.0499
0.5779078167573848,0.22451908816290767,0.11842870472771261,0.4950227011898173,0.23385388005493424,0.7717730474213182,0.49213734147362376,0.6390453183233855,0.8951252621984396,1.545,0.909,1.301,1.214,0.412,2.325,1.745,1.516,2.899,0.487,0.0447,5.814,0.0503,0.724,0.188,28.07,416.42,245.69,164.19,0.681,0.0772
0.3734686840044326,0.48327628849782345,0.5269132241397527,0.5147150440924662,0.6967056264646605,0.9779108549290028,0.9747552648361104,0.48746169336001055,0.8164062535695392,0.151,0.269,0.19,0.544,0.519,1.008,0.245,0.333,2.742,0.182,0.0635,3.058,0.4534,0.842,0.358,6.52,267.21,186.98,128.91,-2.307,0.0384
0.3056812684285576,0.5610214476099965,0.6968420809193981,0.5619726242203051,0.7505368818862929,0.9594039682392196,0.9006385561530749,0.5898651436746516,0.8294413717735467,0.397,0.65,0.342,1.146,0.543,2.697,1.129,0.624,1.379,0.267,0.0549,2.863,0.6543,0.289,0.198,47.76,83.87,75.27,54.49,-2.01,0.0414
0.3791582672887347,0.48743179386981594,0.5454559576756405,0.5053184545318053,0.686830387527531,0.9912285054373592,0.9643606494935919,0.4513334812977926,0.8113617427191873,0.805,0.125,0.114,0.802,0.598,1.888,0.87,0.646,1.434,0.235,0.0519,4.745,0.8568,0.88,0.497,4.83,286.5,92.24,67.86,-1.826,0.0384
0.2395663874069893,0.6472763082741944,0.7482481850592211,0.6929168076023673,0.7503336208464042,0.9549822895272784,0.76132005308475,0.7743290714608481,0.9308047289546161,0.665,1.73,0.793,0.565,0.696,2.656,0.158,0.926,0.436,0.43,0.0578,2.285,0.3527,0.205,0.397,26.02,101.24,78.38,13.110000000000001,0.318,0.0478
0.258056980150883,0.7122197818524876,0.7062081943773176,0.6423043796066663,0.7143829826116213,0.9478602185218927,0.8569820213906917,0.649772214744482,0.9091114805092952,0.902,0.806,0.642,0.86,0.408,1.805,1.262,1.446,1.974,0.055,0.048,4.393,0.6496,0.793,0.433,24.68,294.73,35.93,27.9,0.854,0.0164
0.297925220532139,0.5895994008968258,0.6825372786676602,0.5706392458407632,0.7467122357636949,0.9608023102716255,0.8709809924783557,0.6167170799915223,0.8348614025224323,0.582,1.221,1.752,0.402,0.533,1.957,1.06,0.43,0.718,0.166,0.0292,4.106,0.6063,0.861,0.277,1.36,264.87,177.5,132.23,-1.416,0.041
0.223275553487722,0.6670139287361091,0.8296742875651023,0.626495656446272,0.8932211617033647,0.969684910971472,0.9823276305325781,0.6922025277522363,0.8902393779136679,1.832,0.351,1.169,0.285,0.475,2.447,1.36,1.263,1.102,0.213,0.0227,3.119,0.8526,0.648,0.358,28.58,264.9,197.27,187.44,-0.307,0.0198
0.2221698606031974,0.5440583974931338,0.871610272040011,0.6530078618722504,0.919687010311408,0.9879156988141805,0.9726380093260167,0.8057259273023123,0.9291617044610913,0.99,0.452,1.233,1.184,0.466,2.906,1.074,0.681,1.037,0.227,0.0116,5.719,0.1575,0.729,0.441,8.21,257.43,205.59,164.46,2.249,0.0566
0.46945916852539493,0.4843058218404416,0.5838395697534671,0.4614206325132755,0.6134865351682367,0.9624442540036459,0.8713951482856028,0.0891118673988639,0.8079633561641556,1.323,1.197,0.157,1.636,0.597,2.707,1.539,0.871,1.554,0.394,0.0609,4.654,0.8204,0.202,0.093,6.21,491.58,200.55,81.28,-1.913,0.03
0.3763222480025445,0.5338897415057258,0.4806585024569504,0.5443973396381308,0.5492466916260282,0.962550070696239,0.9724620750365952,0.5313850943825051,0.8839826859140492,0.806,0.235,1.126,0.62,0.646,1.904,1.158,1.711,0.597,0.166,0.0557,4.999,0.4213,0.833,0.435,41.78,100.72,91.59,21.2,0.211,0.018
0.2642544359872135,0.5748331196739527,0.7432518363819778,0.5835417710328865,0.8691165715128737,0.9644326935180099,0.9800451688701146,0.6833845092781773,0.8604283911529416,0.425,0.456,0.278,0.282,0.424,1.986,1.167,1.955,2.434,0.15,0.019,2.486,0.5929,0.82,0.264,47.2,214.93,203.85,110.28,-1.523,0.0301
0.4912193528800652,0.3414582811272554,0.2680146926038214,0.5474039253678868,0.29410017379621356,0.9788336520247131,0.9227803727824878,0.5025578822760706,0.9375931221361816,1.639,0.181,0.501,0.625,0.777,2.595,1.779,0.6980000000000001,1.634,0.168,0.0433,2.357,0.9741,0.882,0.409,6.98,229.28,172.82,36.01,0.654,0.0665
0.340062602675919,0.5317470019111299,0.7032689226405235,0.5583952525854045,0.7373000382697077,0.9992956067226256,0.8866330717211138,0.4397631687222483,0.8354202294630124,0.961,0.494,1.018,0.6,0.762,2.222,1.314,1.226,1.613,0.497,0.0609,4.589,0.0783,0.416,0.439,24.9,359.65,69.33,8.11,-1.312,0.0494
0.19098838344919497,0.7168768587949187,0.7949860058018392,0.6911646198026635,0.8438821420555251,0.988422985926635,0.9370748610285542,0.8067764247351273,0.9081195235155872,0.116,1.862,0.276,1.424,0.705,2.248,1.632,0.85,1.2,0.446,0.0284,5.208,0.1969,0.494,0.109,38.9,471.45,141.58,15.65,0.924,0.0354
0.4878449128876216,0.4603606993534338,0.2152108079430537,0.506255312340069,0.35284427938214014,0.9941522827997733,0.9595116800742939,0.4369470396091698,0.8753398937174476,1.325,0.899,1.595,0.628,0.772,2.611,1.3,2.58,1.524,0.296,0.0692,3.845,0.9471,0.752,0.087,14.16,166.03,16.32,7.26,-0.379,0.0215
0.374543394384707,0.6875562677237839,0.34388465036340354,0.6677177392424068,0.32818220987154456,0.9800699396858353,0.9780745669793017,0.8323045994266041,0.9416624210966994,1.628,1.534,0.248,0.693,0.726,2.674,1.898,1.696,2.105,0.394,0.0545,2.587,0.4456,0.693,0.497,9.94,300.69,43.89,24.25,1.787,0.0101
0.2510787801210281,0.6051972372650567,0.8173348027009587,0.6223726259710232,0.9040634535637417,0.9586302724694061,0.837659225868572,0.6391692760598012,0.9291650675854427,0.82,1.656,0.697,1.838,0.691,1.396,1.265,0.921,0.438,0.427,0.009,4.845,0.485,0.628,0.132,19.17,439.84,214.47,162.57,1.752,0.0111
0.30040729944801686,0.5103147791681855,0.8004577048768985,0.5911020349698991,0.8048459314421258,0.9499332574089018,0.7639939361104129,0.5869277283667487,0.9092766696485246,1.88,1.559,0.708,1.006,0.624,1.062,0.885,0.495,2.246,0.075,0.01,5.331,0.8945,0.792,0.348,1.48,184.51,48.61,44.43,1.124,0.0563
0.3933632231178877,0.33087194211984683,0.5488578137106936,0.4937003005959333,0.6648303023815028,0.999699447598985,0.9787407232960907,0.5687317790490272,0.8225375112230072,0.193,1.658,0.643,1.38,0.452,2.301,1.734,1.687,0.333,0.219,0.0644,3.602,0.0809,0.546,0.08,23.88,252.08,108.8,39.78,-1.951,0.0675
0.16894288682954317,0.8138001092225121,0.7404278204988985,0.7493477192217484,0.7734404455812157,0.9807340545252246,0.9917917256650726,0.9092653585264284,0.9411922518524248,0.387,1.222,1.645,1.534,0.415,2.764,0.514,1.703,2.689,0.293,0.0279,2.43,0.4115,0.62,0.231,16.51,455.77,156.47,77.27,1.371,0.0198
0.32739012525389893,0.5699816452986735,0.620781681541684,0.5691495106147193,0.6732512175205478,0.965110519450024,0.8756647457698054,0.5628300659261569,0.8309998790985124,1.854,1.851,1.929,0.55,0.455,1.873,1.531,1.124,2.423,0.243,0.0581,5.093,0.3357,0.6,0.235,31.99,422.62,97.86,58.16,-1.278,0.0451
0.41473729954909777,0.29076362314558213,0.6089600244993154,0.4678131906433818,0.7030784951620572,0.9671159578395073,0.9793638498744737,0.43760147381770276,0.824093129344462,0.213,0.228,1.534,0.474,0.761,2.669,1.295,2.069,0.555,0.165,0.0608,5.277,0.745,0.298,0.117,47.0,186.8,167.01,129.68,-1.39,0.0677
0.5647532381109797,0.40663777599664663,0.041625835417425816,0.5216859736497261,0.15401019777616742,0.8553102284489409,0.8510372280829639,0.4664318735744858,0.9066889329978745,0.111,0.443,1.186,1.79,0.785,2.836,0.438,2.178,1.214,0.394,0.0467,3.1,0.3273,0.894,0.432,15.92,284.12,205.78,5.51,0.143,0.0594
0.42670654679420417,0.2906145340621785,0.5102039020937328,0.46652850007215896,0.700921184078585,0.800078918223963,0.7426291520203836,0.5600837883129024,0.8006876451228928,1.251,1.446,1.759,1.036,0.591,2.601,0.936,2.327,1.93,0.386,0.0587,3.472,0.986,0.737,0.125,5.15,113.2,41.65,37.03,-2.365,0.0657
0.17959962371035382,0.7999322992689166,0.7517805904945253,0.7225860332111959,0.7692371143658199,0.9576995919969087,0.9660510904525903,0.8599424005115882,0.9396656312100586,1.631,1.222,0.307,1.949,0.463,2.067,0.135,1.022,2.444,0.155,0.0342,3.763,0.6647,0.588,0.338,8.27,106.58,33.94,32.89,2.128,0.0106
0.40826633611194924,0.2838201347828453,0.5018392156158191,0.5403485113529027,0.5618489596558638,0.974044652497566,0.9194341640334026,0.6075356201505437,0.9109786847561319,1.95,1.78,1.946,0.184,0.664,2.742,0.859,2.686,2.47,0.179,0.0607,2.262,0.0122,0.599,0.376,9.61,255.42,98.35,5.260000000000001,-0.353,0.0712
0.48961364236541643,0.27663141676313874,0.4177327012954085,0.4400857388617726,0.5022895543364543,0.9925070006357166,0.9715081922866181,0.3104197958672773,0.8663348125305477,1.921,0.929,0.437,1.983,0.659,2.253,1.409,1.185,1.832,0.337,0.0513,5.052,0.2651,0.6,0.052,16.6,328.63,84.09,45.28,-0.371,0.0123
0.2793218321567067,0.7169161800885439,0.5500515485838138,0.6577666361490921,0.619730708439534,0.9726788811565982,0.9937260808280298,0.7268716513067923,0.9332009024429766,0.966,1.454,0.296,1.787,0.569,2.122,0.08,1.484,1.76,0.201,0.0437,3.032,0.8276,0.819,0.453,8.85,112.47,9.43,7.63,1.033,0.0219
0.1174490475160991,0.8318700469043284,0.8914035839109051,0.7807283847809915,0.942595434774182,0.9671486395552887,0.9707576656917598,0.8836552673587063,0.9412835693999778,0.476,1.536,1.648,1.282,0.544,2.371,0.792,2.289,0.262,0.257,0.0197,3.024,0.1958,0.597,0.167,46.3,104.22,59.73,48.75,1.874,0.025
0.20287381938498794,0.6499377535041924,0.8317939114259303,0.6499582941019434,0.9419992107166568,0.9866198388534378,0.9721192073071644,0.8044240841808727,0.884562421663261,0.32,1.506,1.769,1.953,0.516,1.869,0.913,1.682,2.967,0.267,0.0123,4.539,0.6113,0.81,0.099,19.93,288.36,158.9,35.26,0.14,0.0366
0.38751702716758113,0.3786884315924737,0.48806494896780384,0.5727754036741011,0.5162805561219158,0.9638446658013302,0.8755577188933424,0.6656109431766828,0.9098028697060884,1.482,1.873,1.659,1.422,0.726,1.309,1.043,0.154,0.779,0.164,0.0579,3.147,0.6386,0.579,0.303,11.71,221.93,47.09,13.1,0.275,0.0658
0.34241043968005275,0.4090133110012878,0.7467562811936258,0.5554416244354499,0.7573370518573694,0.9645396818513718,0.89744664721889,0.49741286249379046,0.9393723237773778,0.915,0.601,0.773,0.25,0.579,2.502,0.472,0.362,1.358,0.242,0.0094,2.405,0.6181,0.518,0.391,42.6,347.78,237.88,47.0,1.813,0.0648
0.311506041905289,0.6288798619049782,0.5465468690690216,0.6504712087393949,0.5498452577277174,0.9496022463298919,0.781817765911159,0.7854558223964648,0.8906568639724946,1.949,1.48,1.008,1.177,0.534,1.223,1.044,0.5650000000000001,1.235,0.11,0.0599,4.118,0.9421,0.472,0.163,25.91,351.38,66.58,16.34,0.242,0.0476
0.24695934902862607,0.5914877984786561,0.804043986660328,0.6503965197455069,0.820664648381818,0.9548129375658514,0.7914690162940412,0.7275210954261034,0.907941183666716,0.964,1.815,1.132,0.703,0.547,2.66,1.223,2.298,2.712,0.236,0.0401,4.141,0.9628,0.375,0.282,6.07,77.4,30.5,17.05,0.7,0.0519
0.37100267311114327,0.535492601523319,0.4583957106197458,0.633401996579419,0.4319352523264277,0.9494756647388113,0.7545868214503588,0.7500186792745152,0.9016186648913016,1.057,0.915,1.699,1.951,0.544,1.853,1.26,1.769,0.444,0.08,0.0486,5.041,0.7768,0.796,0.247,49.34,332.73,143.18,47.6,0.845,0.0566
0.25283741431039963,0.5438679235697559,0.7559972051277049,0.6075692298867341,0.8691961568237254,0.9510148831572749,0.9611680412120472,0.7675838569460537,0.8784107382272581,1.216,1.9,0.64,1.091,0.615,2.228,1.49,0.961,0.582,0.408,0.0244,3.896,0.3429,0.749,0.221,34.0,117.98,76.99,9.98,-0.351,0.0497
0.2921378430898199,0.6958359323023939,0.5496450313829576,0.7047713735847403,0.5215930120380401,0.9547941614074358,0.8096703378966068,0.8382367065002767,0.916625676278818,1.514,1.103,1.228,1.196,0.562,2.859,1.108,0.982,1.354,0.245,0.0675,5.136,0.4051,0.441,0.472,24.09,464.73,132.44,15.38,1.334,0.0443
0.2192153214186437,0.7160076957019144,0.8493691869074697,0.663068440804143,0.9066238633055459,0.9837167184603791,0.9843636435368512,0.6114095854943438,0.9142826926984449,0.592,1.27,1.661,1.904,0.721,1.033,0.154,0.143,1.112,0.303,0.0124,5.355,0.7781,0.621,0.05,42.27,460.85,125.94,83.52000000000001,1.353,0.0219
0.40025114102739845,0.5061739154786156,0.47596796636897987,0.5151149176903344,0.5041249936733166,0.9521608215227526,0.9400594648519867,0.4863299181070885,0.8886893518315826,1.209,1.971,0.645,0.361,0.729,1.362,0.903,1.213,2.13,0.098,0.067,4.596,0.464,0.673,0.252,49.98,64.11,50.53,5.89,0.248,0.0109
0.2695032614718302,0.7683653399892525,0.5953373069031656,0.7056927259847577,0.5785355809253783,0.9474913307471412,0.765014013667719,0.808296712181368,0.9316274917453933,1.323,0.756,1.362,0.421,0.622,2.446,1.811,2.386,0.844,0.054,0.052,2.701,0.155,0.708,0.237,2.42,247.09,51.32,7.24,0.594,0.0305
0.5141017245608775,0.1960504378729797,0.40081902738670194,0.4422249753330031,0.650880017593686,0.7254866136888772,0.42742221874577324,0.5170046089329755,0.8010861334998308,1.896,1.669,0.719,1.183,0.78,2.946,1.657,1.848,1.124,0.425,0.0494,5.938,0.9544,0.777,0.075,40.84,425.33,240.5,186.05,-1.684,0.0718
0.17364214032895364,0.8095580240097212,0.900223889907924,0.7521922477776086,0.9738802715359457,0.9581683977427776,0.9316374467306189,0.6493102082778646,0.9409089610144479,1.027,1.919,0.7,1.683,0.722,1.256,0.355,1.188,0.32,0.212,0.0209,3.39,0.9863,0.503,0.382,37.86,304.65,168.62,24.1,2.447,0.0267
0.20225292349404295,0.6481821296094281,0.8898562332219939,0.6857901029762841,0.9227052844362328,0.9542049335930184,0.8541962989117339,0.7601931237533655,0.9239939508083099,1.473,1.194,1.15,1.599,0.6,2.483,0.955,2.08,1.089,0.171,0.0308,2.076,0.5426,0.531,0.466,17.48,252.51,231.49,13.16,-0.033,0.045
0.2798968664678565,0.6834561087553184,0.6796387567897564,0.6842898405175135,0.6797336825211936,0.9476244607724366,0.7195412746311028,0.6312248658907229,0.9346710367560412,1.873,1.001,1.062,1.36,0.417,1.696,1.073,0.425,1.607,0.11,0.0409,5.155,0.6952,0.445,0.311,1.25,445.04,47.68,28.46,2.448,0.0439
0.2735395823498795,0.510529872822971,0.7172519969174849,0.5899721734887994,0.8247864050303704,0.9689155397074731,0.9717046431126625,0.748567469176163,0.8764849182241076,0.784,1.629,1.908,1.529,0.577,1.763,0.391,0.615,2.184,0.443,0.0404,2.263,0.8015,0.556,0.206,8.56,278.39,34.69,27.05,-1.145,0.0504
0.14834967565692694,0.8045470470548064,0.8301141305549729,0.7387926021130065,0.8641886346230323,0.9531518049799392,0.9507641820660685,0.8832918552367635,0.9360922319804025,0.863,0.438,1.08,0.447,0.701,2.504,0.939,1.107,1.813,0.116,0.0214,3.954,0.6332,0.77,0.255,28.3,485.82,224.82,170.49,1.746,0.0184
0.39300021307574373,0.5339809364937391,0.5960779218868035,0.5131087493716568,0.5928604085203903,0.9569365049626715,0.9163594371479624,0.3513448771816071,0.8488804662662415,0.214,0.284,0.71,1.896,0.765,1.54,1.5090000000000001,1.124,1.988,0.109,0.0019,4.113,0.6308,0.747,0.22,7.39,221.63,104.84,40.82,-1.021,0.0434
0.471502229527209,0.31458069370528996,0.731039737630804,0.5122769411384193,0.7719593383513699,0.9490394756715766,0.8171588926656153,0.05002772091140528,0.9104228304784636,1.975,1.8,1.848,1.45,0.529,1.57,1.036,0.645,1.783,0.112,0.036,3.242,0.2511,0.204,0.352,1.34,57.29,6.96,5.04,0.297,0.0684
0.38332339233629165,0.40340790895112155,0.6252810024299277,0.4989986704265035,0.830542910620116,0.9179811032421794,0.7983773257861451,0.4330150872834855,0.8251017328575145,1.885,0.799,1.964,0.684,0.784,1.174,0.576,0.221,1.275,0.445,0.0069,3.761,0.6441,0.854,0.297,35.36,338.23,74.94,69.46000000000001,-1.801,0.0332
0.3826781681303718,0.6610288768893477,0.3292462770569313,0.6532837621892575,0.34782777341487536,0.9921711282291686,0.972073593613145,0.7644967634627733,0.9301075737506421,1.528,0.803,1.842,0.77,0.713,1.035,0.747,1.017,1.679,0.37,0.0523,3.777,0.5873,0.765,0.432,15.28,227.14,17.8,5.87,1.281,0.0435
0.30506048341618164,0.5042007885708055,0.6226921698660863,0.5952930992013203,0.6925294454317141,0.9863081290881096,0.919870231953613,0.7191227869388419,0.8882365970055426,1.066,1.357,0.729,1.589,0.437,1.357,0.14,0.088,1.89,0.274,0.059,3.49,0.0596,0.594,0.34,7.22,80.73,9.47,7.06,-0.281,0.0559
0.26955925406445763,0.6384782369202704,0.700000144792023,0.5989214154049168,0.7535169895434626,0.98685861526817,0.9519586384720862,0.6508819313500691,0.879096594023515,1.513,1.339,0.233,1.087,0.723,2.271,0.889,1.92,2.716,0.483,0.0523,3.693,0.6625,0.339,0.251,11.96,274.69,82.98,71.84,-0.358,0.0216
0.3263167031775995,0.4684859287765837,0.7999168110495997,0.5864667833563566,0.8085599332750352,0.9596584732579628,0.7692388263305299,0.49616042937076243,0.8862953634534356,1.698,0.125,0.622,1.661,0.466,2.371,1.255,1.916,2.667,0.354,0.0437,4.107,0.4722,0.271,0.423,11.22,402.6,112.99,55.87,-0.007,0.0614
0.35643217161736906,0.6137480201204665,0.725997996593179,0.5522556742100253,0.7347657058761153,0.9549023764813269,0.8486226824083658,0.3042625583559685,0.8892761715392263,0.509,1.089,0.938,1.998,0.738,1.381,0.767,0.187,0.818,0.236,0.0372,5.856,0.9126,0.264,0.081,19.74,234.71,27.490000000000002,15.91,0.673,0.0186
0.37931606895700987,0.24645722727369423,0.7032453397584848,0.5305339241546065,0.7751632457675162,0.9797054543352804,0.952697376717708,0.533075785988216,0.9405204922534719,0.636,0.331,1.406,1.541,0.631,2.005,0.615,1.066,0.648,0.14,0.0085,4.074,0.9244,0.656,0.198,1.94,63.09,16.59,5.45,2.482,0.0729
0.20262662476955193,0.7000526786063599,0.8466588627123507,0.66801756218995,0.8976278586825522,0.9714838272118298,0.9518214829928008,0.712745708563697,0.9070659984945042,1.25,0.324,1.33,1.309,0.793,2.987,0.745,0.143,2.843,0.269,0.0216,4.836,0.5062,0.637,0.33,22.86,232.21,28.86,12.91,0.866,0.0358
0.4142094464631078,0.593764672252949,0.3017981261970327,0.6126387519043477,0.35392197324834773,0.9645903572308336,0.9129696932701576,0.6399790504603007,0.8811136179079485,1.023,0.285,1.192,1.009,0.586,2.332,0.059,1.615,1.973,0.182,0.0637,3.905,0.0235,0.696,0.052,6.08,286.14,84.53,32.45,-0.309,0.0477
0.35670691048447073,0.3273761396574456,0.7867959335523697,0.569788420021728,0.8166284911437114,0.9528098731680209,0.7746805047563736,0.50575936707732,0.9362581111012634,0.71,0.554,0.353,1.021,0.562,1.483,0.47300000000000003,0.46900000000000003,0.488,0.199,0.0261,3.023,0.0905,0.27,0.179,6.69,117.46,71.79,20.61,1.094,0.0728
0.4253172247364666,0.30529377957594195,0.5947180418256899,0.47760620790824515,0.7607857541849286,0.7391110749953977,0.581974251334781,0.5666684676906488,0.8010421378906178,1.214,0.15,0.934,0.988,0.728,1.456,0.98,0.563,1.255,0.411,0.0505,4.425,0.1392,0.79,0.462,6.51,60.25,10.95,7.14,-2.191,0.0634
0.3993574303480385,0.6454012643393581,0.2878394324646809,0.6374939855518671,0.34164978415568625,0.9919681142671442,0.9684934076444803,0.7427990301022127,0.8954400295084948,0.771,0.278,1.685,0.211,0.535,1.446,1.244,0.798,2.841,0.365,0.0441,5.585,0.9604,0.82,0.281,38.82,328.77,131.44,10.47,0.817,0.0401
0.2507167826486452,0.577345770017966,0.7798716955969913,0.6086471284166677,0.8764532780881163,0.9887922696090465,0.9544899723315784,0.7067341165399982,0.8615960424688301,0.667,1.394,0.269,0.111,0.635,1.08,0.52,0.321,0.501,0.257,0.0114,4.823,0.9973,0.829,0.081,41.24,425.54,207.33,134.25,-0.4,0.0465
0.3716292364693228,0.726654680753748,0.38678844851247696,0.7090817425174617,0.328628972860013,0.9463721901483364,0.749722989322622,0.7772138874269141,0.9400034990986292,0.932,1.015,0.7,1.174,0.733,1.626,1.17,1.136,0.794,0.053,0.0355,3.28,0.4271,0.616,0.117,11.92,482.07,62.13,29.5,2.149,0.0396
0.35453064766646675,0.4576532021158731,0.6213470854117193,0.5102405733867725,0.7110116702528021,0.9664437431474011,0.9774373601137637,0.5461027753654029,0.8076944466041264,0.269,0.381,0.37,1.599,0.779,2.992,1.776,0.199,2.276,0.465,0.0639,3.406,0.7159,0.417,0.143,5.11,55.58,8.91,8.18,-2.327,0.0495
0.2985794625909037,0.689046652112573,0.5447558487817221,0.6549811694614229,0.5534850797840194,0.9596364834062368,0.8408632071218957,0.7782409356411728,0.8786988882103863,0.808,1.592,1.951,1.538,0.527,2.771,1.589,2.4,2.909,0.288,0.0561,5.355,0.055,0.442,0.179,26.01,275.45,181.95,129.07,0.137,0.0386
0.2715731904624482,0.6170443257044842,0.6322426156829029,0.6831962114540238,0.6230287412510973,0.9590495366813838,0.839888719917776,0.8133403096680895,0.940931673305053,1.956,0.738,1.664,1.149,0.41,2.7,0.793,1.695,2.543,0.263,0.0375,2.252,0.1984,0.53,0.232,21.45,125.8,49.06,10.04,0.988,0.05
0.3958522660442713,0.5859613537297581,0.6096473674475258,0.5375593181519958,0.6940460803123871,0.930376581360606,0.716058336834573,0.27049981080416863,0.9315240613650694,0.943,1.529,0.624,1.13,0.424,2.303,0.729,2.241,1.749,0.433,0.0011,3.295,0.6965,0.531,0.28,8.41,210.8,41.160000000000004,35.29,1.129,0.0172
0.3716803308563909,0.2827936329093006,0.6489787677040022,0.5352200717503326,0.7255118544489334,0.9637953897936121,0.9137936007844274,0.6064075417079551,0.8879830182339576,1.622,1.412,1.68,1.484,0.696,1.957,1.915,1.029,1.406,0.139,0.0519,4.502,0.6614,0.475,0.368,2.21,476.18,235.84,182.52,0.25,0.0696
0.24736190963068289,0.581619816813961,0.7899692220325147,0.6064068219833765,0.9063490308205022,0.9841685963730687,0.9713866931061352,0.6894332812670135,0.9043899898209691,1.064,1.286,1.127,1.778,0.541,2.01,1.722,1.986,1.907,0.263,0.0216,4.413,0.7023,0.82,0.359,37.06,135.53,100.39,54.69,0.655,0.0171
0.32595589748100456,0.6138311376584793,0.45741089194301643,0.61154459013126,0.5777746839462818,0.9440701083512533,0.9523108425791901,0.7449973616000234,0.9172469377140016,1.429,1.422,0.438,0.708,0.775,1.594,1.417,0.918,2.179,0.482,0.0272,3.176,0.6391,0.845,0.22,28.75,224.99,164.0,148.4,0.513,0.0368
