0.46360382154136937,0.35688775344579193,0.6910853295455748,0.4391167743717288,0.7373496974048881,0.9914961097905141,0.9764592359732663,0.10231404928765564,0.8572951737968635,1.992,0.305,1.591,1.418,0.494,1.887,1.5170000000000001,1.411,1.614,0.427,0.033,2.863,0.2783,0.408,0.186,22.25,468.78,190.03,9.6,-1.416
0.25551358896632936,0.5942288526469839,0.8578784834391313,0.6311240712052766,0.9369715197072257,0.9812326581260811,0.972404761000926,0.5623959837414473,0.9307484431679744,1.053,0.586,1.432,0.214,0.482,2.087,0.518,0.038,1.301,0.432,0.0251,3.702,0.9604,0.559,0.391,42.16,233.58,129.64,126.81,1.436
0.3536290332009628,0.5115256382256392,0.7219396074415695,0.49600884184340166,0.7632826421954589,0.9573509337371343,0.9278405301805798,0.4072454815681622,0.8732044365307019,1.753,0.882,1.403,0.388,0.466,1.008,0.358,0.297,0.246,0.239,0.0687,2.356,0.9335,0.205,0.432,13.63,97.38,29.16,9.57,-1.131
0.3297806385917115,0.44283997336086867,0.8099370518706764,0.5337993869305331,0.8656977457123617,0.9697811296101435,0.988734555454937,0.47126553459266984,0.9133362545672747,0.862,1.97,1.575,1.46,0.599,2.65,0.798,2.611,0.653,0.21,0.0201,4.274,0.0595,0.667,0.085,39.05,317.32,46.85,46.02,0.832
0.24806572888966175,0.6478584673982402,0.7742289826826205,0.611923939091473,0.8053130212246913,0.9585074709968486,0.9475220455216379,0.6583667319032361,0.9126974727850874,1.459,1.342,0.33,1.935,0.429,1.003,0.768,0.214,0.511,0.192,0.0443,2.796,0.4452,0.469,0.369,40.27,326.54,170.46,102.57000000000001,0.169
0.23220381330397788,0.6639604128300161,0.7487336691158459,0.6444864485628874,0.7767998115695045,0.9801692500861369,0.992504384459447,0.726481561951132,0.9381815083983537,0.339,1.471,0.479,1.874,0.721,1.827,1.567,1.078,0.558,0.288,0.028,3.722,0.787,0.45,0.073,6.0200000000000005,62.22,35.84,25.730000000000004,1.902
0.33662475963308974,0.4831982639204998,0.5728744938189385,0.5480581302973381,0.6447043310694472,0.9922039372099107,0.9957382228642095,0.6554472191082112,0.9120933914413929,1.44,1.937,1.189,1.3,0.575,1.789,0.741,0.181,0.607,0.33,0.0455,2.014,0.7291,0.551,0.067,33.44,128.36,115.45,47.88,-0.481
0.40882347240580336,0.4513940917323419,0.630307716911082,0.44496178176501633,0.674831318776441,0.9538856696350066,0.9569813980091165,0.32638256359755025,0.8329295094876825,0.428,0.159,1.514,1.719,0.684,2.287,1.433,0.011,2.74,0.063,0.0016,2.006,0.4764,0.882,0.256,32.84,322.54,235.43,27.79,-2.496
0.2557116049154187,0.7219656716190551,0.6348940935300136,0.6604340549115144,0.6332018207294257,0.9488446321612198,0.8909589863083884,0.7886902412695184,0.9408609725355097,0.354,1.36,0.63,1.945,0.452,2.357,1.444,1.622,2.612,0.055,0.0235,2.539,0.4067,0.817,0.05,7.65,363.06,36.53,21.2,1.393
0.43139186056157836,0.16681650624627764,0.685440893718901,0.4385137212434215,0.8385257722605335,0.9802839227492659,0.8975182622754869,0.425950150037686,0.8821691666188177,1.59,0.589,1.611,0.312,0.537,2.214,1.94,0.101,1.099,0.325,0.0352,2.632,0.1604,0.76,0.45,29.55,154.28,68.53,57.76,-0.859
0.4573312498482645,0.19749984683825395,0.4375919614061463,0.5080492137194953,0.4666464138543228,0.9713043121170782,0.9164284003836918,0.582868419182641,0.9320467473520103,1.465,1.101,1.384,1.306,0.697,1.107,1.082,0.52,0.962,0.387,0.0299,3.895,0.0651,0.707,0.062,9.71,450.82,244.53,90.53,1.469
0.525343546405429,0.1964733063017493,0.5165939863961169,0.3811463706097916,0.5650445460697051,0.9741599524009134,0.9728292981399776,0.14071464414163248,0.8711323426171156,1.732,0.258,0.799,1.974,0.514,1.184,0.358,0.627,1.363,0.425,0.0699,4.206,0.8828,0.265,0.172,24.33,427.08,37.11,15.73,-0.353
0.5033600571176909,0.32003208022265717,0.6398348268827527,0.407464174524792,0.6768891309909842,0.9811947814951625,0.9570218963728819,0.020029126002209185,0.8701830238468098,1.228,1.049,0.466,0.771,0.671,1.363,0.708,1.3,1.09,0.215,0.0127,3.695,0.9847,0.696,0.355,36.1,286.07,217.77,152.8,-0.623
0.36330687814744456,0.5372366640196649,0.4849082071214864,0.5767653684536429,0.4793020299171695,0.9784964667954147,0.9925162677067747,0.6527440457163833,0.9285394787859508,1.889,0.964,1.639,0.76,0.456,2.798,1.32,1.792,0.449,0.357,0.0665,3.505,0.173,0.407,0.41,12.37,147.37,67.48,30.76,1.041
0.3521323519849725,0.6741365204231047,0.44558301992353044,0.6238375230020314,0.41100515581984354,0.9496276432320202,0.9049673185048003,0.7261566466111353,0.9413446613611933,0.595,1.98,1.315,1.279,0.734,1.155,0.312,0.993,0.368,0.088,0.0454,3.158,0.7399,0.471,0.266,16.26,480.45,231.52,125.25,1.999
0.48056483199203437,0.31459616528328505,0.729836126592975,0.43863610418689625,0.765988690705585,0.9826352953675602,0.9677509674377309,0.03807957271579854,0.9091684584153389,1.753,1.548,1.471,0.201,0.653,1.213,0.8280000000000001,0.858,1.779,0.228,0.0139,5.655,0.8215,0.614,0.067,7.17,151.56,11.15,9.43,1.198
0.5215633521997489,0.11625922875810335,0.5558932856523817,0.35487992826956194,0.6733301476928089,0.9724409338572663,0.9728092013695635,0.19085222088142006,0.8625734781287925,1.501,1.745,1.856,0.335,0.719,2.029,0.685,0.001,2.056,0.163,0.0638,2.773,0.9624,0.81,0.495,13.69,248.06,32.43,18.84,-1.221
0.3073904951540647,0.3429759871091369,0.858355116967594,0.582409698390272,0.9625120568768013,0.9735983975027793,0.831882703880963,0.6918692129616948,0.933101210651782,0.533,1.041,0.663,1.148,0.744,2.085,0.906,1.392,2.052,0.339,0.016,4.534,0.5149,0.718,0.276,10.57,278.99,76.02,17.020000000000003,2.02
0.48131075627995823,0.3032939549523511,0.4210880818033561,0.47470053331217377,0.4447986531765331,0.9622198453066605,0.9865382276984909,0.33838654907136434,0.9040153784126136,1.895,0.744,0.844,0.3,0.433,2.408,0.876,0.492,2.258,0.171,0.0459,4.274,0.4272,0.73,0.214,43.44,290.0,67.55,62.42,0.571
0.4857381763426279,0.32148382305187895,0.41920921338212724,0.46235723886276425,0.4081473427677934,0.9531908994953037,0.9684957964126264,0.3367641910739688,0.9138848677571803,1.163,0.25,0.106,1.311,0.762,2.082,0.497,0.443,2.216,0.103,0.0379,5.533,0.959,0.825,0.235,29.44,445.6,120.0,70.28,1.421
0.30312027578744816,0.5707281647372398,0.7465311119410267,0.5679744077949415,0.7680930536543156,0.9583198087250437,0.9573657858828988,0.5148202902636538,0.9154233034311354,1.28,1.854,1.797,0.107,0.423,1.449,0.47900000000000004,1.2730000000000001,0.288,0.202,0.0336,3.845,0.2424,0.451,0.129,38.0,436.48,101.11,47.14,0.725
0.5143224537683546,0.20112732358841978,0.5683825345952832,0.3749082271722253,0.6025461729884135,0.9536869115984562,0.9492505705478824,0.14978338742293373,0.8757762585861133,0.752,1.602,1.05,0.356,0.521,2.089,1.541,0.629,2.835,0.099,0.0613,4.8,0.5602,0.534,0.258,9.62,74.08,36.97,35.36,-0.071
0.3734318078458896,0.48811760404669957,0.5021476356416306,0.5290737757148032,0.5509495266791246,0.9589823841596663,0.9757561586419298,0.5847863938222132,0.9125953480248976,0.904,1.994,1.021,1.04,0.759,1.822,1.792,1.343,0.281,0.153,0.0608,2.4,0.1982,0.527,0.143,22.58,87.49,39.25,10.7,-0.169
0.4187011649183285,0.6841670455340978,0.6779455403375187,0.5686554119486589,0.6708580862807358,0.9674623912803948,0.9908825244715191,0.05208629231559092,0.929707615267352,0.387,1.805,1.846,0.875,0.711,2.017,0.328,1.949,0.822,0.166,0.0113,4.031,0.4707,0.544,0.441,38.28,91.19,74.53,34.91,1.381
0.5454329593189672,0.08189980133332753,0.6540655204308858,0.3501277489572172,0.6935629243413441,0.9593007067006658,0.9674748609409305,0.060003202842423775,0.8781297980677375,0.254,0.158,1.573,1.977,0.448,1.964,1.037,0.107,2.976,0.12,0.0322,5.798,0.0911,0.734,0.232,7.74,395.22,95.64,67.43,0.239
0.4978481455109816,0.15504989156454552,0.5358994191355251,0.41858724325736674,0.5936210466861735,0.9898580504588499,0.9793447583078669,0.267199503326098,0.8869448827735948,1.696,1.836,0.301,1.592,0.573,1.578,1.1280000000000001,0.275,1.294,0.305,0.0519,4.714,0.437,0.53,0.245,6.73,137.42,91.89,70.59,0.25
0.4143692668281695,0.369318516130266,0.6363076092362172,0.42288615583472133,0.6990139106077958,0.9540284069382466,0.93914413771617,0.37351123133401043,0.8529428362992714,1.124,0.329,1.966,0.601,0.799,1.717,0.437,0.613,2.85,0.076,0.0386,2.084,0.8923,0.887,0.15,17.6,365.81,129.07,101.97,-1.873
0.326728185247829,0.5471247986137209,0.7093257539192324,0.515493862791454,0.7637678157913114,0.9589108218407463,0.9816190974587579,0.48957248224444616,0.8936575341335937,1.177,1.725,0.393,0.489,0.447,2.493,0.181,2.095,0.444,0.114,0.0054,2.575,0.9054,0.75,0.321,22.97,339.82,55.81,53.2,-0.499
0.3164464302017025,0.44171188678533324,0.7642041159528885,0.5197272597104017,0.8654572884952934,0.9987783341996301,0.9498738074030915,0.5828135678196812,0.907809240823152,1.408,0.507,0.382,0.425,0.748,2.686,1.258,0.236,2.221,0.26,0.0109,2.253,0.1661,0.74,0.14,24.88,255.21,40.28,21.85,-0.443
0.3472408450078629,0.42548384193337696,0.6595263147001478,0.5485481971472537,0.685726537518647,0.9962781844613883,0.9915624737681333,0.5427213563559816,0.91721625726534,1.215,0.827,0.311,0.301,0.465,2.808,1.495,2.032,2.28,0.401,0.0435,5.04,0.3631,0.459,0.327,11.57,223.15,144.95000000000002,93.53,1.32
0.5274303180422233,0.24595509266425697,0.6309651674452021,0.3766445833986446,0.6392617700194436,0.9499555123170289,0.8936751037723026,0.012380127457231938,0.8869292244617558,1.667,0.823,0.443,0.318,0.758,2.012,0.723,1.34,1.633,0.074,0.0511,4.651,0.3915,0.68,0.348,17.76,195.02,19.58,7.300000000000001,0.202
0.4562384263792997,0.5841103395480117,0.5632209924338234,0.5193924935840142,0.5923384396590505,0.9620765265493862,0.7994775595528096,0.07357255843588906,0.9336589412835256,1.805,1.224,0.856,1.04,0.495,1.492,0.164,0.904,1.768,0.358,0.0015,2.72,0.257,0.529,0.082,12.37,105.38,95.65,28.01,0.699
0.3228415235291262,0.5227605306853677,0.5831079874350912,0.5674858755768273,0.6419858441231449,0.9762517244422575,0.9954566094810419,0.6684592026104034,0.9193141502625013,0.237,1.605,1.253,0.208,0.411,2.452,0.213,0.943,1.592,0.218,0.0558,2.564,0.4409,0.59,0.381,25.79,342.4,35.1,7.35,0.261
0.2988258858384457,0.6204164017092566,0.5795133107857302,0.6227561693135161,0.5833284283186555,0.983883328997194,0.9946800591015591,0.7287935860446575,0.9390619805456282,1.604,0.225,0.161,1.867,0.641,1.37,0.352,0.506,0.792,0.338,0.0469,3.225,0.8213,0.542,0.36,31.3,128.17,124.67,118.64,1.547
0.24202039416613902,0.7225855077558221,0.7541870277048113,0.6459159282193754,0.8146991357230154,0.9817650465385411,0.954000026690271,0.59312713832956,0.9408208241329622,1.911,1.414,0.402,0.528,0.685,1.921,0.875,1.74,0.509,0.327,0.0012,2.217,0.126,0.603,0.491,34.47,443.46,150.83,98.05000000000001,1.208
0.5243520974146378,0.2590358490006859,0.38273141616798356,0.4247841798291344,0.35672243855213737,0.9550663688182863,0.9547884158871544,0.2842897299208075,0.9076472590023809,0.38,1.66,1.322,0.876,0.767,2.362,0.108,1.322,2.681,0.17,0.0584,5.669,0.755,0.289,0.116,27.61,162.1,64.17,48.49,1.153
0.4271927944139899,0.19589622989925082,0.5131065347563366,0.516709788195774,0.5776221426914833,0.9254077024618831,0.870362360240578,0.6297636750418617,0.9301143704083424,0.16,1.725,0.639,1.874,0.668,1.509,0.94,0.154,1.495,0.494,0.0529,3.599,0.7788,0.61,0.446,16.12,393.73,68.56,59.76,1.235
0.3737589797756182,0.6706767932857167,0.8046009432756938,0.611719009511486,0.8566753131790826,0.9468955632841738,0.8295860410937392,0.12605351460787573,0.9368804110545009,0.62,1.804,1.738,1.933,0.69,2.402,1.28,1.0170000000000001,0.53,0.06,0.0345,3.808,0.4696,0.393,0.326,44.0,183.32,46.64,17.8,1.756
0.23625745496822298,0.763845120037697,0.7969696834802191,0.6782696877066478,0.8320729447566979,0.9957827202775018,0.9670933303206167,0.538199002613386,0.9410122199741262,1.696,1.893,0.424,1.764,0.673,2.323,0.45,0.9,2.865,0.299,0.0062,3.234,0.4433,0.597,0.126,31.28,460.9,59.37,52.98,2.425
0.535536195641779,0.19933500230447965,0.5914099005169056,0.3553167904296095,0.6206463422729575,0.9542281580935031,0.933830389932597,0.05004477306973587,0.8659560650517726,0.27,1.016,1.377,1.263,0.456,2.677,0.341,2.065,2.575,0.144,0.0696,4.638,0.5379,0.241,0.277,26.98,76.65,43.6,30.23,-0.433
0.41177189951935383,0.24670516750256188,0.6408582412066457,0.43218717959051045,0.7782541524669903,0.9579662166486255,0.9466814492910752,0.488827835014055,0.8499214827990792,0.306,1.52,1.003,1.495,0.643,2.452,0.847,1.923,0.813,0.422,0.0686,2.209,0.2465,0.428,0.408,7.55,350.91,185.59,173.19,-1.959
0.24461612610670566,0.6137457431277626,0.772330756218292,0.6194286897022647,0.8092384152518896,0.9683290775025312,0.9932304998775753,0.6982596649827578,0.9340443329338315,1.511,1.273,1.938,0.165,0.457,1.468,0.502,0.233,1.973,0.221,0.0421,3.395,0.3263,0.639,0.476,44.82,273.45,155.49,109.07000000000001,1.22
0.45029805787543314,0.08353021015590112,0.7931497062816206,0.47203333440217365,0.9314119953224115,0.9907427578971062,0.8115946100546586,0.3566388136337927,0.9194159462402922,0.959,1.973,1.602,1.236,0.675,1.035,0.894,0.625,2.583,0.279,0.0039,4.565,0.0641,0.835,0.126,12.83,433.33,31.04,20.12,1.201
0.26102659062177486,0.6041069556929762,0.7183646777265784,0.600289703266596,0.7574503692554351,0.9750303722439956,0.978101730363682,0.7146705575528842,0.911035181837239,0.371,1.495,1.016,0.331,0.551,2.52,0.893,2.489,1.402,0.293,0.0484,2.617,0.7099,0.366,0.276,14.96,311.49,183.04,134.97,0.021
0.40623646845627914,0.4021829171789789,0.6848882159746124,0.4555959879145497,0.7309566410526015,0.9667160847117976,0.9593860060724672,0.3124296404958552,0.8611710645089189,1.334,0.461,1.287,0.787,0.546,1.594,1.145,0.066,1.157,0.256,0.0526,2.972,0.7134,0.391,0.277,41.85,190.83,152.35,95.23,-1.18
0.21353813486542586,0.6783111179722029,0.8891966113125769,0.6422433603043788,0.9306905068733851,0.9548148521482668,0.9680771531848833,0.6707082887704773,0.931154254553199,1.248,1.711,0.268,0.701,0.637,1.376,0.121,0.336,0.672,0.122,0.0177,3.459,0.1252,0.696,0.276,35.48,270.49,204.04,135.78,1.145
0.37092018741531535,0.5438665385176429,0.8228872431238989,0.5363488969428238,0.8660777506938776,0.9557387476243151,0.9197989191988785,0.21491047177572065,0.9403068952954331,0.586,1.54,0.229,0.198,0.596,1.78,0.594,0.027,0.775,0.145,0.0323,3.505,0.8641,0.499,0.427,1.32,228.45,68.67,45.72,1.996
0.234221156010386,0.6861364979413191,0.7241623334078278,0.6484620582761624,0.7518449859734914,0.9842204121344051,0.960932154743449,0.7296884911410825,0.934607003880635,1.016,0.617,1.677,1.577,0.551,1.785,0.492,1.182,1.109,0.427,0.0454,2.12,0.7325,0.362,0.266,43.89,273.16,70.7,30.32,0.314
0.2572884567558546,0.7657217781557497,0.8545094904104087,0.6797052861411768,0.9077960235968904,0.9527208372510146,0.8776910212769853,0.4327334918887856,0.9412747711313246,0.651,1.33,1.55,0.919,0.621,2.233,1.713,0.073,0.557,0.155,0.0302,2.505,0.8059,0.355,0.277,24.24,345.13,80.66,39.8,1.373
0.5541351943283057,0.06343906030225244,0.3647039871658123,0.3966689368036943,0.5419308071033608,0.9801965655380253,0.9071618083379807,0.24113420847054656,0.8694054428551545,0.845,1.263,1.764,0.98,0.422,1.694,0.321,1.209,0.606,0.35,0.0596,2.442,0.7715,0.711,0.09,38.34,321.92,114.21,59.68,-1.269
0.29198527496428933,0.48761839623846703,0.7967805925514603,0.5768216647069102,0.8392733914444623,0.9627778662224529,0.9930712211992071,0.5916607552588742,0.9284263263676912,1.051,1.801,0.678,0.965,0.621,2.212,0.62,1.617,0.758,0.175,0.0197,5.545,0.8615,0.714,0.075,24.97,72.3,52.29,36.77,2.189
0.4545666090724458,0.19283376543061148,0.4479345241605053,0.4809151972422271,0.5702606261493708,0.9472936185397346,0.8896458615961044,0.5303837112004093,0.9155465943898513,0.742,0.218,0.986,1.102,0.707,2.804,0.455,2.728,2.102,0.429,0.0548,2.39,0.1525,0.74,0.435,29.61,278.37,79.71,27.82,-0.1
0.3208175939691367,0.5099944164045294,0.6714586261440396,0.5290472478127735,0.7019207762830898,0.9686231955043773,0.9594428743387591,0.6064154228469625,0.9153796689212654,1.93,0.35,1.497,0.748,0.709,2.76,1.91,1.811,1.284,0.23,0.0437,2.807,0.9056,0.403,0.149,2.44,183.95,25.25,24.61,0.29
0.29461831282533457,0.5734007390061904,0.7382352145762643,0.5570955854381112,0.7808849551553033,0.9496568056099823,0.9063855840412969,0.5827662040804162,0.8802752749924776,1.131,0.377,1.612,0.706,0.463,1.774,0.178,1.738,1.84,0.091,0.0475,2.142,0.636,0.308,0.078,44.6,264.09,221.48,66.41,-1.188
0.49117265558087403,0.24812503875404246,0.577198607272946,0.3987975252201822,0.6139404949318983,0.9555499212238234,0.9565833992307663,0.18966137652484805,0.8778042835185123,1.413,0.766,0.238,1.96,0.73,2.63,0.582,0.674,0.662,0.12,0.0465,4.192,0.8197,0.667,0.211,16.55,478.15,137.12,136.15,-0.201
0.2209367816122762,0.6643998849242034,0.7612207545118382,0.6598380969538544,0.8064654300048827,0.9932668592253965,0.991644160476797,0.7467601439645333,0.9412616271260522,0.993,1.072,1.78,0.178,0.773,2.119,0.512,1.342,1.612,0.385,0.0452,2.058,0.7413,0.496,0.445,13.6,456.37,223.65,127.99,1.163
0.24983080980307856,0.6344301961184826,0.7403290634846779,0.6064441188762025,0.7753335466671449,0.9567117015468153,0.9478637683455386,0.7146196815355612,0.9171872291676955,0.969,1.793,0.484,1.636,0.673,2.345,0.619,2.137,2.29,0.151,0.0338,2.301,0.4133,0.565,0.114,40.66,177.35,127.1,105.32000000000001,-0.061
0.4749292701160674,0.2978818462196301,0.6154354947651877,0.3899377504597492,0.6700180669861504,0.9540538151590224,0.9474520969715219,0.18973241247208217,0.8546287149837308,1.658,0.22,0.273,1.247,0.635,1.304,1.1440000000000001,0.6920000000000001,0.726,0.116,0.067,3.075,0.7071,0.381,0.243,19.43,197.38,40.79,5.4,-1.311
0.38356928637874466,0.6671826149584947,0.8307398203858695,0.5955073138111384,0.8888901503087443,0.947577181127553,0.8639193092712805,0.08562830557937762,0.9345376010839124,1.518,0.675,1.415,0.749,0.74,2.746,1.345,0.001,0.203,0.054,0.0147,4.338,0.2721,0.67,0.328,16.32,371.97,194.69,19.91,2.059
0.35483100551954827,0.7496553389953582,0.8501157437929198,0.656655552165058,0.9235020048653598,0.9524839872472215,0.915052703033061,0.11407811125646194,0.9364874857346928,1.565,1.122,0.685,1.334,0.452,1.533,0.787,1.532,1.682,0.162,0.0274,4.903,0.5145,0.377,0.382,44.39,358.61,75.55,60.9,2.457
0.3938769034815931,0.4534776856069437,0.49207555774832434,0.5166711446348868,0.536115438646641,0.9572714062927061,0.9767825418887028,0.5265954078390029,0.904261387346871,0.439,1.144,1.288,1.298,0.556,1.34,0.244,0.291,0.277,0.136,0.0664,2.952,0.6466,0.448,0.208,14.72,223.08,55.480000000000004,30.939999999999998,0.016
0.36706908465621,0.437798125460651,0.7684108325833046,0.5361479159359672,0.8211873810569319,0.9915111805222983,0.9112465578275616,0.33041060395212674,0.9308529708136056,1.639,1.681,1.378,1.931,0.718,2.573,0.723,2.16,2.989,0.332,0.0149,4.974,0.3995,0.648,0.491,29.4,339.8,191.73,64.5,1.866
0.45768759554323724,0.5695802651259891,0.22355140608773116,0.6197814787920833,0.17437119919673882,0.987310025840186,0.9952098676641895,0.7596748173119529,0.9406645222108604,0.842,1.121,1.571,0.284,0.515,2.56,1.692,1.991,1.96,0.414,0.0432,2.585,0.346,0.512,0.097,10.42,361.11,58.21,14.19,1.373
0.18629077644000988,0.7912685628142336,0.8383952140380265,0.6954640498431096,0.8610348189153133,0.9558807918125282,0.9866593218401237,0.6997712349299754,0.939718565998009,1.075,0.137,0.617,0.908,0.472,2.926,1.954,2.827,2.841,0.124,0.0068,3.64,0.2342,0.646,0.295,27.14,112.98,70.85,29.65,2.03
0.3179483275466018,0.6972945418568299,0.5227876932332272,0.6405862364848415,0.49948257677391994,0.9478030561953558,0.8703078927118801,0.7056896090140563,0.9407731685514438,1.353,0.583,1.508,0.669,0.478,1.447,1.034,0.46,0.657,0.083,0.0523,2.396,0.8739,0.261,0.204,41.35,334.86,81.54,58.84,0.973
0.14582565011060983,0.7561166931704166,0.9221033591910258,0.7183144872844314,0.986334533945629,0.9665702708024403,0.9914163881518717,0.8603128934696023,0.9341454489934916,1.768,0.971,0.686,0.493,0.518,1.332,1.102,1.248,0.566,0.139,0.0105,2.098,0.6477,0.821,0.479,3.11,230.96,57.34,47.82,1.833
0.4805469405072378,0.07511731199964,0.6925214576909844,0.42593457140817004,0.8501291412856465,0.8893405043900118,0.5727708920279335,0.4173885632133495,0.8940134717725123,0.244,0.968,1.453,1.389,0.64,1.185,0.784,0.12,0.664,0.439,0.0128,3.038,0.6387,0.703,0.461,38.22,475.0,172.34,149.59,-0.237
0.364514631101159,0.5405113341347331,0.5577157450181658,0.5421973028057487,0.5423594215398315,0.9487065665546589,0.8851540773075145,0.5353959426887818,0.9256602860134747,0.308,0.994,0.823,1.098,0.762,2.838,1.792,0.461,0.232,0.052,0.0423,4.486,0.6996,0.491,0.057,5.2,167.32,6.75,6.27,1.496
0.444724829883739,0.3409911438106267,0.47586803062809957,0.489046752657996,0.481009882121735,0.9622005096970289,0.9870026195510377,0.4223794175269764,0.9130105375320506,0.961,0.386,1.376,1.029,0.705,2.149,0.014,1.517,1.028,0.176,0.0482,4.32,0.5916,0.709,0.317,45.18,461.35,232.53,99.21,0.876
0.35015377729111236,0.7175772505330018,0.6802629071709594,0.6206238281319469,0.7070047204654198,0.9157027778048306,0.8422203018581993,0.2713009125212107,0.9219513258034381,0.56,1.012,1.121,1.944,0.4,2.051,1.304,1.6300000000000001,0.997,0.462,0.0048,2.125,0.7934,0.444,0.174,17.15,464.38,50.58,19.89,2.286
0.404513824681302,0.3406010681156255,0.7003523504470888,0.4481467564366768,0.7532494709121565,0.9880702456271221,0.9822878597598733,0.36380173335553023,0.8824257249891779,0.209,1.413,1.14,0.241,0.676,2.219,0.391,0.717,0.314,0.304,0.0423,3.715,0.5799,0.404,0.232,7.61,490.52,11.66,10.22,-0.265
0.3945280740930844,0.4314997703093778,0.6622011202257875,0.4653979618764498,0.7054278317213609,0.9934051158537416,0.9494935163681363,0.34816249751171824,0.911343431604695,1.516,0.51,1.442,0.554,0.64,1.427,0.727,0.49,0.276,0.239,0.0066,2.495,0.209,0.674,0.063,1.89,459.22,32.57,32.24,-0.14
0.5330165773549654,0.10774008371089305,0.5174300317258311,0.34902153875336106,0.6793502725623246,0.9824795819150043,0.9533537883242148,0.1723818155039758,0.8272923184966272,1.428,1.944,0.285,0.628,0.551,2.363,0.936,0.85,1.07,0.22,0.0597,2.411,0.1365,0.613,0.094,25.23,285.17,58.4,44.44,-2.348
0.3029399567425105,0.7206258302609636,0.4973623049425455,0.6856844020936003,0.47788804089427583,0.9945118795505331,0.9854724761480653,0.8315166351883849,0.9411497293368037,0.802,0.405,0.341,0.128,0.627,1.473,1.437,1.345,2.779,0.447,0.0393,2.191,0.3216,0.424,0.118,32.79,138.03,63.02,37.16,1.154
0.4538808060977637,0.463513621164092,0.5818383532580418,0.476228497332147,0.6385999941927976,0.956863113909208,0.7859970773362795,0.14926367511705751,0.904981032739311,0.541,0.693,1.72,0.186,0.481,1.58,0.551,0.558,2.923,0.345,0.0054,2.734,0.8446,0.594,0.465,32.32,226.97,158.75,132.94,-0.068
0.31602839710038716,0.517309196648668,0.7356206532928828,0.5120316734643858,0.7882527630763869,0.957025364734349,0.9387609978670725,0.5622316271114306,0.8738391162888701,0.776,1.164,1.014,1.027,0.774,1.694,0.322,0.011,0.234,0.13,0.0661,2.029,0.6526,0.346,0.426,3.96,361.6,218.79,126.98,-1.438
0.4428541739302179,0.4002394975326703,0.7742680065912853,0.4632497985631352,0.7938979530184653,0.9548940709143963,0.9506442878136099,0.09787945281812294,0.9029427156424331,1.762,0.66,1.745,1.316,0.438,2.045,1.193,1.201,2.948,0.142,0.035,5.794,0.9042,0.553,0.405,27.5,80.92,74.12,11.75,1.093
0.49847763395919137,0.33307965196728795,0.6892374857906007,0.42187235006217827,0.6969431283343939,0.9584491941738318,0.9146086756553399,0.0008403248409771802,0.8856747170822976,0.518,1.117,1.093,0.176,0.734,2.354,0.855,0.063,1.625,0.242,0.0683,5.163,0.4053,0.298,0.496,44.85,430.72,187.2,163.36,0.299
0.3406398994929411,0.6400891035785676,0.5300103535362555,0.5968992041601789,0.5000452282468928,0.9504246219164486,0.8978284125970021,0.6146669996392508,0.9364790592835551,1.86,1.18,0.946,1.799,0.6,1.621,0.925,0.093,2.746,0.143,0.0502,3.354,0.0297,0.311,0.26,22.57,189.19,76.66,52.95,1.432
0.5452339946175432,0.4055452145623687,0.17993716374790159,0.5051660468442496,0.10108392287633816,0.9558790627083968,0.9679182220540277,0.46152858824983944,0.919233608485504,0.834,1.248,1.113,1.733,0.498,1.13,0.067,1.108,0.347,0.224,0.0601,5.576,0.6568,0.322,0.181,32.24,292.54,108.94,25.880000000000003,1.606
0.2853820638745257,0.7106222802668767,0.756756890094877,0.6358577103177319,0.7772054957389938,0.9532378168152118,0.8664258103053823,0.44979351614912166,0.9396363951396843,0.823,1.572,1.56,0.503,0.742,2.564,0.372,2.18,2.14,0.229,0.0576,2.883,0.453,0.253,0.487,36.21,108.46,86.97,54.31,1.335
0.37301386928524,0.34633442595159736,0.6037692739658977,0.4942168816529574,0.7486714352916785,0.994751464255519,0.9649526912877864,0.5553234581043549,0.8957809789303016,0.946,0.103,1.748,0.746,0.429,1.033,0.597,0.666,2.18,0.317,0.04,2.09,0.6424,0.688,0.194,36.01,471.79,74.86,49.64,-0.885
0.313821430868299,0.7702642010157933,0.4875915937165134,0.6874977731203502,0.4857754052632799,0.9763559707664771,0.9286691377940565,0.6868872864305791,0.9177872725437931,1.291,1.566,0.929,0.624,0.567,2.286,1.035,0.711,0.676,0.451,0.0537,2.128,0.5604,0.333,0.447,35.16,99.5,93.29,28.03,2.355
0.39221005647632073,0.4201493771049082,0.6153238594954328,0.47315322526971026,0.6482798563692769,0.9515601979971235,0.9293623053905382,0.4300407356172097,0.8861443703146836,1.261,0.613,0.494,1.06,0.798,2.828,1.683,1.715,1.315,0.079,0.0353,2.946,0.9769,0.897,0.167,37.91,461.19,156.27,52.57,-0.432
0.28699789050464014,0.6628606701235433,0.6366370497675162,0.6122464468383739,0.6364864741511334,0.9492952042344652,0.8714905082902216,0.6716362927551478,0.9380043516974563,1.865,0.776,0.947,1.391,0.646,1.877,0.336,0.517,2.713,0.09,0.0566,2.178,0.4866,0.446,0.371,16.13,383.72,184.53,183.96,0.481
0.3813670646557647,0.3664446223673704,0.5208252955470274,0.5636575913226372,0.5489204987006454,0.9828360436547282,0.9541009185244995,0.6381247096990685,0.9271753942167993,0.305,1.117,0.623,1.469,0.416,2.948,1.253,0.473,0.762,0.375,0.0323,3.75,0.0692,0.637,0.123,46.6,356.81,195.57,57.46,1.119
0.23260447368552156,0.579358403759584,0.773101975907719,0.6464734291505678,0.8313217856456534,0.987957173771339,0.9727000694926345,0.784359934532467,0.9400639206735262,0.378,0.626,1.341,0.991,0.569,1.942,1.795,0.775,0.809,0.359,0.0366,3.445,0.9222,0.6,0.438,23.51,316.42,96.44,71.45,1.867
0.33035595859722866,0.5559118160485088,0.7526889987432774,0.5656208817790649,0.7986588951344411,0.9965543129197123,0.9139830619452289,0.39051133368773006,0.9188042552355702,0.417,1.993,0.807,0.282,0.601,1.425,0.422,1.418,1.263,0.287,0.0097,3.848,0.34,0.618,0.303,45.11,378.28,169.62,149.97,0.902
0.3090554078350194,0.49330464778391414,0.8116278236672219,0.5559157391353164,0.8616070086022892,0.9721051363952798,0.9900762205352677,0.502894288574402,0.9131463290312312,0.941,0.545,0.905,0.239,0.437,1.678,0.97,0.141,2.835,0.235,0.0369,4.539,0.6341,0.577,0.446,19.46,112.87,71.71,17.86,1.021
0.6171052496386434,0.1597242732410996,0.10809353963368362,0.4562411740616662,0.1009420210697215,0.9858784541869435,0.9586861347494987,0.34113666917312635,0.9292565936725702,1.953,0.535,1.056,1.56,0.652,1.753,1.659,1.562,0.918,0.235,0.05,4.376,0.3832,0.822,0.356,9.08,375.82,9.47,7.72,1.515
0.5751520733963391,0.019190087460899563,0.5683454773722276,0.3444174938000558,0.6585370967071613,0.9952379911768677,0.9633473020067393,0.03693801174640565,0.8488519869825024,0.416,0.318,0.665,0.468,0.574,2.416,1.277,1.749,1.772,0.344,0.0695,4.188,0.6325,0.536,0.447,44.68,112.85,85.64,78.74,-0.968
0.37183084822707446,0.4411303784154671,0.6972585508181472,0.46150558986344137,0.7456129147676689,0.9540071053064707,0.9351337720465162,0.43042959429202177,0.8709443579982554,1.58,0.673,1.912,1.922,0.677,1.377,0.40900000000000003,0.455,0.74,0.092,0.0439,2.06,0.1634,0.636,0.266,13.17,410.52,52.52,7.34,-1.6
0.24118436502332558,0.5934062724127377,0.7463725425032746,0.631688833910263,0.8013676485729321,0.9858635287576533,0.9760786571304966,0.762805474578581,0.9402287904548214,0.387,0.657,1.134,1.773,0.497,1.321,0.362,0.085,1.755,0.225,0.0224,3.104,0.4397,0.772,0.282,8.0,274.34,38.2,7.370000000000001,1.985
0.3671780637209914,0.29532243277096015,0.7394193378918152,0.5129350030819336,0.9312971457867343,0.972229530151971,0.8413469505065555,0.507330301688703,0.9411164330270834,0.6,0.798,1.669,0.461,0.512,1.858,0.5690000000000001,1.768,0.329,0.305,0.0069,2.53,0.856,0.893,0.402,13.39,95.59,48.47,30.5,1.1
0.3134013141272075,0.5849773741344004,0.838146203985679,0.5847532117919887,0.8847307713545274,0.9644175954794294,0.9824230476182684,0.3718540343429586,0.9260856091051372,0.576,1.916,0.759,1.479,0.701,2.89,1.913,2.213,0.347,0.217,0.0238,5.715,0.4887,0.497,0.181,39.99,480.21,217.33,93.49,1.871
0.4558494597739285,0.35725255289610913,0.6800614474778022,0.41623430850944965,0.695721657352318,0.9509094125544706,0.8904023307970377,0.17264017090744355,0.8792052665531432,0.281,1.165,0.907,0.693,0.647,1.021,0.566,0.144,0.916,0.085,0.0589,4.112,0.7094,0.282,0.335,5.6,140.19,6.38,5.66,-0.183
0.39843465077140744,0.2746159263029734,0.618485962610652,0.5055948082965209,0.665564721695105,0.9904795479526637,0.9696931535384233,0.5165248030844762,0.9149970974384334,0.172,1.196,1.52,0.222,0.677,1.892,0.304,1.527,1.803,0.351,0.0468,4.464,0.9526,0.567,0.357,34.04,394.3,104.03,21.89,1.131
0.1987281787561954,0.8178355999130342,0.7984733845871275,0.7001352866626405,0.7999422069910977,0.954455833188192,0.9695514165348444,0.6750332853856591,0.9400037746697478,1.455,0.357,0.799,1.26,0.683,1.707,0.751,0.517,2.113,0.112,0.0017,2.76,0.2419,0.643,0.116,34.93,104.64,71.11,64.57,2.099
0.3065051809455041,0.5104758505993827,0.7164783626399596,0.5246413746877179,0.8100289100863893,0.9542284625554467,0.9648107349697163,0.6110617128862993,0.8780006187897799,0.334,0.195,0.191,0.562,0.786,1.309,0.948,0.304,1.646,0.08,0.0379,2.028,0.4011,0.77,0.253,39.16,491.03,65.42,58.69,-1.391
0.43611981274961376,0.3849030545209079,0.6480688743731072,0.43879526836413396,0.7100269276395943,0.9758190457958473,0.9698091909039013,0.22761843474198074,0.8506696959616074,0.543,0.154,0.298,0.502,0.743,2.533,0.245,0.008,1.02,0.368,0.0464,2.468,0.5245,0.406,0.482,3.18,120.55,112.57000000000001,70.71,-1.735
0.24757936178841305,0.6704731976809637,0.850164772572899,0.6432762183244685,0.905761775344129,0.997778736017037,0.9845600697625331,0.5357292710670045,0.9139623359153354,0.854,0.578,1.875,1.649,0.454,1.778,0.593,1.5010000000000001,2.026,0.414,0.0244,2.341,0.1722,0.406,0.137,44.53,203.93,170.8,52.21,-0.19
0.33066019645785893,0.5901245139163427,0.4815990545250879,0.6396755058261128,0.49686024108504245,0.9565107827516118,0.9225153734234356,0.7979528115688777,0.920941376291869,0.983,1.277,0.101,0.847,0.461,1.819,0.716,0.892,0.982,0.392,0.0278,2.084,0.4737,0.801,0.387,24.24,328.88,124.04,35.06,2.2
0.5394307092497856,0.23784989791174727,0.5717433720629299,0.3649305066296441,0.6407983096098167,0.996091168092204,0.9114387892844211,0.0007873197391378151,0.8419369114074506,0.486,0.252,1.338,0.43,0.761,1.724,0.075,1.425,0.416,0.217,0.0165,3.084,0.7767,0.69,0.429,37.06,258.19,240.06,193.41,-1.617
0.23233499714128936,0.7878656021779062,0.831361419728901,0.7163854426452576,0.9230156287988086,0.9999287171130951,0.9803219741579309,0.48355249266414213,0.9298048042280114,0.589,0.111,0.264,0.366,0.637,1.033,0.888,0.127,1.742,0.457,0.022,2.547,0.2753,0.366,0.13,37.57,84.76,58.93,7.48,2.372
0.57284145985393,0.1235367652225241,0.4967403636514637,0.31640062990389684,0.6185684170700756,0.9982744660377896,0.8681292458316329,0.026111480484646066,0.8416624853107063,1.213,1.591,0.772,1.729,0.588,1.865,1.522,1.727,0.988,0.175,0.0048,2.581,0.9516,0.801,0.364,2.94,163.87,9.36,7.79,-1.8
0.4706244483046704,0.13676055271857823,0.6696418321853541,0.41559694845661876,0.8095984638200984,0.9387078658606721,0.7839076876374141,0.31331847826909087,0.8665222443142815,0.989,1.307,0.213,0.191,0.62,1.42,1.333,0.897,0.926,0.386,0.0186,2.867,0.8083,0.652,0.173,25.46,393.19,37.12,6.44,-1.115
0.43603285900743166,0.26406501992417253,0.7677098817812652,0.4589241052189721,0.8261744845673097,0.9903068527901898,0.9632105779616916,0.23075563868773075,0.9036906061888004,1.67,1.396,1.384,1.384,0.744,1.285,0.888,0.621,2.118,0.261,0.0231,5.356,0.5354,0.618,0.257,8.26,135.1,43.67,40.86,0.879
0.4016213569932409,0.2638318193099344,0.5908949046460006,0.5050148899646594,0.7416526173236969,0.9660956655153835,0.8628319877265843,0.5048080156703516,0.9355496492251729,1.941,0.637,0.386,0.518,0.62,2.56,0.918,0.43,1.403,0.361,0.0207,2.835,0.8116,0.9,0.477,49.45,392.0,75.42,32.74,1.033
0.30265571447135975,0.4931926000462775,0.6837704027316642,0.562152886396062,0.7578688508099309,0.9997377633206636,0.9936817037131291,0.6597203938387979,0.9011002281279832,0.864,0.882,0.683,0.486,0.691,2.65,1.506,0.915,2.994,0.349,0.0343,2.478,0.2687,0.515,0.055,35.32,320.95,180.06,79.8,-0.47
0.4053482886103017,0.15151381623819837,0.6732669250098082,0.4835071668315183,0.8642204468774285,0.8850714892148585,0.7200806087833547,0.6747047443659366,0.9279360767221012,0.212,0.949,0.562,1.918,0.636,2.652,1.32,1.46,2.327,0.455,0.0253,2.113,0.445,0.755,0.3,12.86,152.47,127.64,26.42,0.108
0.268738313932008,0.6754300624155856,0.8054128389385716,0.62577310570862,0.8280671223704956,0.9484518895309765,0.8889445338316593,0.5054993516652411,0.9263498466842999,1.936,1.497,1.996,1.71,0.462,1.063,0.399,0.848,2.995,0.078,0.0366,3.51,0.1056,0.515,0.331,49.14,85.46,64.53,59.27,0.944
0.3462112313141484,0.4200818847896125,0.8003808368164204,0.537085420803546,0.8714536207768502,0.9712887087498334,0.9599224516330741,0.4170752493969718,0.9015164449909548,0.248,0.108,1.012,0.903,0.494,2.366,1.368,0.624,0.818,0.406,0.0284,4.017,0.1697,0.495,0.313,27.54,425.15,202.47,114.06,0.359
0.34736117560743124,0.3023773780536907,0.7582006796279385,0.5153151274392962,0.9001091710491668,0.9225704025673427,0.8544244001396588,0.6291413723422087,0.8974683774038117,1.192,0.733,1.814,0.488,0.47,2.53,0.809,0.385,1.955,0.458,0.0303,2.285,0.2935,0.611,0.36,17.34,299.89,81.0,10.59,-0.717
0.3780882726892488,0.3172360742478677,0.7139671899168598,0.5102044863960011,0.8681708506574151,0.9904165285684106,0.9292891133258357,0.42835781253405936,0.9195055521428317,1.093,1.976,0.488,1.267,0.568,1.98,1.342,0.014,2.562,0.238,0.0176,3.112,0.2568,0.898,0.486,45.96,123.72,61.38,21.86,0.535
0.5054866896506499,0.15802995131976794,0.6963293402725739,0.4066194379221941,0.7710996157632111,0.9960656573285912,0.9154009656487495,0.0971669456825891,0.8726067589357674,0.743,1.338,0.889,0.646,0.435,1.023,0.413,0.411,2.008,0.256,0.0181,4.561,0.5883,0.719,0.402,43.97,279.25,127.95,52.94,-0.276
0.5610370906908619,0.1589428008037288,0.3411269024278897,0.4004274259558219,0.5148571514686675,0.9814414531745286,0.9403852920065355,0.1254162278901486,0.8861404220611397,0.286,0.511,1.565,0.294,0.723,2.826,1.41,0.774,0.202,0.175,0.0495,2.808,0.7836,0.856,0.131,18.1,56.89,52.11,12.93,-0.614
0.3167064723446398,0.5841315662081752,0.6454587242634452,0.5684754439652489,0.658793362087223,0.9618784638738934,0.93727531541245,0.5675576059106697,0.9064672646670915,0.639,0.134,0.526,1.363,0.742,2.462,0.096,1.557,0.416,0.368,0.0449,3.48,0.9256,0.201,0.068,39.99,274.89,144.57,63.06,0.392
0.36108208276450693,0.3088741729759005,0.8035865068851644,0.5196953711189669,0.8905820916114575,0.985600465000289,0.949730500462457,0.4772282371910632,0.9098917622627103,0.226,0.181,1.388,1.399,0.513,2.066,1.463,0.577,0.327,0.221,0.0202,4.742,0.6275,0.736,0.217,33.7,181.61,125.87,31.7,0.929
0.49896282663307134,0.15430093944253442,0.6137028743681232,0.41108691852957313,0.7191410929518032,0.9679190507928107,0.9718977804752932,0.17245824561847967,0.8777943204687648,1.637,0.787,1.611,0.531,0.673,2.798,0.424,1.106,1.803,0.159,0.0233,3.95,0.9941,0.881,0.176,49.26,428.01,74.75,26.0,-0.234
0.2929576483021168,0.5008517877846475,0.7858579905269409,0.5322594426535759,0.8884651226114242,0.9654777942472004,0.9878834696538124,0.6147214419102596,0.8971004692503152,1.83,0.844,1.539,1.665,0.776,2.024,1.504,1.011,0.912,0.113,0.0028,2.059,0.2831,0.86,0.351,4.88,476.57,237.15,79.19,-0.895
0.27208857055904623,0.5711537708685344,0.7693331393264395,0.5601243086110391,0.8233877288763614,0.987793713919038,0.9709191901484446,0.6516012545631382,0.9100981532570688,0.275,0.64,0.187,1.69,0.522,2.61,1.907,1.45,0.439,0.305,0.0558,2.01,0.6306,0.362,0.447,2.85,63.28,9.8,5.590000000000001,-0.582
0.45793236829128253,0.08484103343177185,0.7651098493084068,0.4717548333245306,0.916338503843102,0.9715097441138728,0.7633445224015167,0.3413181364356588,0.9094152041061306,1.597,1.549,1.278,0.873,0.605,1.087,0.214,0.209,1.29,0.341,0.0044,4.33,0.4331,0.815,0.264,41.72,414.35,54.81,22.65,0.725
0.24193058872500245,0.5473656013609701,0.7830175908154288,0.6291947232059238,0.8776844977541262,0.978235847295525,0.8981497426375764,0.7781399313737838,0.9387028984926974,1.125,1.612,0.875,0.264,0.437,1.632,1.6,0.238,1.081,0.342,0.0102,2.685,0.2866,0.836,0.08,33.86,173.7,34.3,6.5,2.062
0.2732978618415197,0.4742452981903722,0.8360015869708178,0.6047097558097292,0.9027241256209906,0.9933219226369903,0.9603086830649138,0.6507556708843998,0.9299163879267626,0.998,0.354,1.663,0.277,0.565,1.467,1.213,0.802,2.204,0.292,0.0216,5.129,0.0326,0.624,0.193,13.45,209.37,94.22,66.35,1.94
0.290951070417328,0.4708593583336427,0.8143925107326745,0.5815896387099064,0.9311295948468222,0.9860751852214661,0.9491303328090832,0.57962953311787,0.9410345168220723,1.919,0.102,1.548,1.573,0.791,1.704,1.418,0.563,2.832,0.223,0.0049,3.296,0.8103,0.895,0.333,18.56,123.97,74.63,33.300000000000004,1.831
0.38937268276490633,0.26002589868687664,0.7153165294487385,0.4892109192068338,0.8673897508361299,0.9942086438946873,0.9146321277004734,0.46348619831514315,0.896931558741816,1.63,1.816,0.78,1.785,0.411,2.926,0.151,2.168,1.85,0.285,0.017,2.89,0.3247,0.812,0.054,44.91,285.05,68.49,15.950000000000001,-0.287
0.49717291892155635,0.4680444281836924,0.5610473525784083,0.4416073161129741,0.5690837017176843,0.9743575895942485,0.9523008249990434,0.005631272280331667,0.8877592913017129,1.577,1.324,0.904,0.35,0.661,1.535,0.642,0.126,1.174,0.167,0.0051,3.725,0.7502,0.639,0.414,14.83,199.83,143.55,141.4,-0.073
0.4707767755696041,0.4413372932066162,0.23649560651429735,0.5705981783202789,0.2413962322469161,0.9671713956554592,0.9524442718306317,0.6663919893906991,0.9408051497732787,0.833,1.306,0.363,1.643,0.449,2.919,0.282,1.344,0.714,0.403,0.0462,2.357,0.0031,0.697,0.3,28.2,448.46,227.86,62.07,0.752
0.29372029264101124,0.641558233277004,0.6971279210292459,0.6206748819181152,0.7557496991916548,0.9917667676188882,0.96630236892707,0.4906995700954778,0.9236790519431396,1.921,0.561,0.704,1.323,0.731,2.744,1.636,1.852,2.329,0.395,0.0293,2.388,0.2007,0.382,0.15,2.25,87.18,15.77,5.53,2.452
0.4400040772714974,0.11802328128067474,0.7275085354923542,0.46246733043425603,0.8498073211307076,0.9657800979381587,0.8725971557663799,0.4028992988888259,0.89387164275227,1.079,0.751,0.738,1.61,0.606,1.419,1.24,1.143,0.544,0.38,0.037,3.954,0.2053,0.682,0.465,27.63,236.03,36.98,33.14,0.09
0.517591065740907,0.16165139493628755,0.46316587772571594,0.3867217783703121,0.6665803964460646,0.9785714285570455,0.9404922463324265,0.19930779866284287,0.859295823210307,0.441,1.784,0.54,0.951,0.749,1.111,0.642,0.838,2.493,0.159,0.0687,2.277,0.1252,0.891,0.496,42.31,211.48,49.69,17.26,-1.69
0.4931563939748396,0.5285608757658424,0.1868503658271803,0.5822075305715184,0.16259158625627002,0.9774484162616873,0.9832777363071205,0.5732281306284167,0.9414097235618095,1.254,1.666,0.396,1.262,0.48,2.2,0.627,1.803,2.954,0.219,0.0341,2.966,0.458,0.862,0.307,39.14,413.54,70.29,64.92,1.487
0.24273518447599807,0.5755979212658421,0.7313004497644798,0.6443098037140703,0.7823729612010266,0.9726415728065646,0.9746772912301203,0.7993903329388452,0.940540937246991,1.395,0.767,1.796,0.286,0.734,1.812,0.965,0.665,0.515,0.408,0.041,3.011,0.7629,0.575,0.454,7.72,171.97,109.71,76.26,1.782
0.2262471287037165,0.7028150006671637,0.8782628253608047,0.6437699120716724,0.9192916375368833,0.9556653378402579,0.9544903645445363,0.5952221269705579,0.9288121396826123,0.128,1.66,0.911,1.685,0.734,2.468,0.114,1.664,1.444,0.117,0.0234,3.45,0.1517,0.548,0.327,15.64,183.39,160.47,16.22,0.995
0.40186003920810853,0.46340727956567884,0.512664923711631,0.5096689488823073,0.5148061883374779,0.9495748129770792,0.9309139648997155,0.4770315311716329,0.9007249728884705,1.087,0.877,1.462,1.381,0.673,1.393,0.76,0.305,1.901,0.062,0.0477,3.802,0.191,0.896,0.141,37.58,253.76,70.13,43.44,0.258
0.33061797228673284,0.5626852260899592,0.6116439611278097,0.5558238219545195,0.6223138575824182,0.9583704089803379,0.938514989712596,0.5771737812671076,0.9096308433169155,1.128,1.301,1.648,1.987,0.772,1.316,0.643,0.14400000000000002,2.988,0.293,0.0567,3.268,0.4054,0.214,0.204,36.41,94.99,69.18,23.54,0.328
0.5492769501643369,0.09449315303515637,0.41505256744110597,0.4121609607819908,0.4724675744856577,0.9920969815193732,0.9730312683136484,0.21725660337220853,0.880781696266284,1.816,1.741,0.528,0.259,0.467,1.91,0.011,0.042,1.474,0.314,0.049,4.417,0.1049,0.578,0.125,17.78,203.66,148.37,128.09,-0.112
0.3121957909852074,0.6495024937857643,0.6916541551986666,0.604360549049245,0.7007103286839902,0.9474053231846827,0.8559668946089594,0.4634073799824885,0.9347636944472149,0.668,1.311,1.609,1.945,0.618,2.421,1.913,0.841,0.284,0.051,0.0441,4.204,0.8868,0.387,0.297,14.72,56.8,19.21,10.88,1.789
0.5568224613738529,0.13975550143465265,0.25919065910579786,0.4716296991165919,0.3151959764378076,0.9875381323073085,0.9078668320247562,0.3457061713892089,0.9180549417772091,0.668,1.011,1.677,0.269,0.645,1.652,1.15,1.233,0.739,0.327,0.0594,3.943,0.8184,0.768,0.458,30.75,105.01,63.26,9.32,1.025
0.3634528534440705,0.49649325846656245,0.6511625199652593,0.515123730942223,0.6681632061496178,0.9492708791133845,0.9084470913198932,0.44042349194207686,0.8892061104835585,1.928,0.387,1.005,1.814,0.599,2.842,0.872,0.055,0.907,0.084,0.0548,3.54,0.4776,0.348,0.221,39.4,341.41,147.7,88.61,-0.181
0.3884281297374873,0.6723813963004288,0.8145184691048106,0.5974880113759515,0.8474987429934997,0.9702680227180687,0.944466364095333,0.06733842788947009,0.9214135487415336,1.646,1.406,1.353,0.87,0.491,2.908,1.854,0.582,0.761,0.273,0.0295,3.534,0.1721,0.338,0.367,11.06,181.01,11.49,10.63,0.813
0.38731022883372584,0.2688086193737973,0.7837051003400366,0.5091971627299844,0.8568801149756403,0.9912513707870418,0.9435526422727285,0.4111337314893596,0.9148393477357454,0.639,0.958,1.453,0.99,0.776,2.737,1.623,1.643,1.469,0.344,0.0232,5.389,0.2418,0.597,0.135,26.19,61.19,27.14,23.77,1.303
0.33157838556954544,0.3499615409092932,0.8486407064193009,0.561509619363088,0.9299300027308067,0.9724797597002167,0.9549936296878467,0.5215683807535244,0.9276757132981284,1.551,0.854,0.132,1.655,0.652,1.776,0.855,0.448,0.466,0.187,0.0174,5.711,0.4695,0.824,0.442,25.9,348.11,56.34,39.22,1.934
0.5510574375326595,0.05906091215626785,0.45364385706904065,0.3632443097105137,0.655795724325196,0.9947908393477192,0.9093188590313066,0.172384034865404,0.8317436158914435,0.632,1.811,0.438,1.234,0.684,2.934,0.012,2.098,1.108,0.264,0.0634,2.382,0.1652,0.695,0.211,49.5,474.59,150.71,37.17,-2.243
0.4972074185804669,0.45603354594537526,0.24760475526900105,0.5255660758339921,0.1708170029241004,0.9629740385238693,0.9689105805058192,0.5583241972065663,0.9246564557459572,1.904,1.08,1.983,1.073,0.427,2.556,1.109,1.761,1.49,0.286,0.0468,5.595,0.0761,0.282,0.068,4.36,496.91,219.55,127.57,1.735
0.25024965507699976,0.6557952084992693,0.8570758587372247,0.6551792909685639,0.932287026772593,0.9623104482674344,0.9740074232330997,0.5174718039532249,0.9393458507246397,1.454,1.392,0.111,1.008,0.72,1.142,0.225,0.819,2.904,0.453,0.0165,2.902,0.9337,0.482,0.074,18.42,193.35,44.77,29.060000000000002,1.357
0.5132482462492625,0.3377517181273506,0.3137353868898656,0.4788611113158945,0.27453503825279624,0.955250027334453,0.9740874264076981,0.37561841603823776,0.9137059895650281,0.856,0.217,0.459,0.625,0.729,1.529,1.373,0.587,1.859,0.131,0.045,5.898,0.3518,0.566,0.094,27.58,211.93,131.48000000000002,13.89,1.378
0.5737727097668358,0.010683648591945483,0.4364220102405869,0.38731497448928043,0.4962701282061285,0.9944794042005493,0.9654906949755772,0.16756404856887885,0.8814408185251453,0.267,1.396,1.049,1.915,0.508,2.938,0.047,0.782,0.455,0.361,0.0533,4.984,0.1785,0.521,0.181,32.56,119.99,70.14,49.87,0.105
0.5284521613182439,0.21692701788068558,0.3471378597628161,0.46069021699461765,0.3295992307900949,0.9821609368451093,0.9899483980958462,0.3325177327093273,0.9082549864573097,1.087,0.459,0.55,0.581,0.742,2.949,0.865,0.475,1.356,0.339,0.0651,5.835,0.2268,0.494,0.375,47.11,298.4,159.72,58.77,1.138
0.25676260455467836,0.7835458085675804,0.6198341946431498,0.6979181990945141,0.6229444279621488,0.9530161969628319,0.8851671622964267,0.7113276380409499,0.9376484606017479,1.064,1.142,0.24,0.918,0.616,1.895,0.017,0.666,0.483,0.179,0.0478,2.2,0.843,0.35,0.398,41.77,488.89,211.3,40.25,1.644
0.45824790210258864,0.10655095207458398,0.6519507713268631,0.4379360948425455,0.7984005840793433,0.9687641317273522,0.8735452918799147,0.3883135869160148,0.8866211976242502,0.156,1.649,0.324,1.886,0.487,2.648,0.458,1.079,2.759,0.334,0.0309,3.568,0.5763,0.693,0.206,41.99,232.06,65.36,39.98,-0.228
0.39198867842824964,0.4148625765006575,0.6753516009488869,0.48969980834212024,0.7053677220350211,0.9831104972232297,0.972925949841958,0.3510331540627216,0.8901459454784733,1.012,1.854,0.533,1.734,0.606,1.501,0.746,1.404,1.515,0.403,0.0471,4.357,0.9179,0.334,0.25,26.46,253.34,67.09,6.63,0.316
0.3810955366005317,0.7088321150551938,0.3517442193282122,0.6536508464940773,0.29936159300992593,0.9621781561841394,0.9479511657515873,0.804173819910267,0.9406974669300538,1.203,1.044,1.982,1.889,0.535,2.122,0.535,2.067,2.562,0.248,0.0671,2.419,0.2163,0.313,0.369,9.01,136.11,16.6,7.9,1.287
0.530085940188114,0.04621298381069683,0.6937564528545638,0.37431567041008607,0.7647451005813192,0.9855359599726384,0.9171098548172973,0.1186709746721275,0.8825799592963518,1.218,1.808,1.618,0.536,0.797,2.298,0.241,0.873,0.899,0.283,0.0241,4.26,0.1508,0.695,0.46,2.4,456.15,83.48,35.85,-0.089
0.5510433394984978,0.1996177609619223,0.5404290375654327,0.3594687134179033,0.6432312919975904,0.9527737644961833,0.7665483537562279,0.02023354653557674,0.8478935699046719,1.009,1.226,0.863,1.719,0.681,1.506,1.085,0.9530000000000001,1.533,0.301,0.0104,2.697,0.3269,0.637,0.127,4.28,181.43,169.06,144.66,-1.716
0.5003850552385497,0.23490922259923808,0.5670012049967081,0.3550154229065905,0.6568355970909288,0.965735926131336,0.9776257174397053,0.18468478517721787,0.8266525829477182,0.303,0.789,0.888,0.458,0.406,1.248,0.366,1.149,2.258,0.165,0.0549,2.798,0.8119,0.352,0.095,7.22,114.91,24.03,9.33,-2.082
0.4980862910269143,0.17629831150189523,0.6087638560492977,0.4005567795828374,0.666639305440553,0.9988808557698929,0.9809985678422288,0.18358902321548587,0.8742275173172369,0.462,1.409,1.476,1.419,0.626,1.967,0.977,0.52,2.175,0.384,0.0499,4.537,0.9222,0.429,0.227,41.47,121.48,56.23,7.46,-0.151
0.41684235794459995,0.5528063670028914,0.3121427524124334,0.6284294326811156,0.2745971534181959,0.9838441422612361,0.9667183062759441,0.7813846936889731,0.9408784201321276,1.585,1.156,1.914,0.496,0.522,2.841,0.989,2.253,0.936,0.408,0.0331,3.284,0.4185,0.652,0.177,29.35,463.14,42.11,13.74,2.293
0.4591301845675662,0.4300155261883899,0.7122897251916229,0.4466591019444498,0.7339374093553845,0.9658472670294068,0.9570065324140992,0.059985440872526774,0.8770079757289772,1.403,1.326,0.997,0.946,0.763,1.749,0.397,1.247,1.539,0.204,0.034,3.6,0.3758,0.446,0.302,21.97,70.1,38.12,33.99,-0.531
0.2716714451693186,0.6899821666049326,0.637023262519418,0.6401669560897061,0.6362190845590838,0.9484691641791797,0.8893586874024855,0.7141870402849516,0.9353666106062669,0.425,0.781,1.216,1.662,0.509,1.944,0.428,0.097,0.519,0.057,0.0489,2.837,0.8368,0.63,0.353,20.89,138.69,39.9,32.91,1.03
0.4048298459021512,0.7343462337875006,0.7273932627650239,0.6159311058614554,0.7387804785077877,0.9674271785552103,0.9914385124979823,0.02815382551751444,0.9303763840230681,0.267,1.494,0.603,0.851,0.736,2.053,1.048,1.381,0.214,0.175,0.0124,3.897,0.5795,0.471,0.334,33.4,433.05,111.26,103.62,1.414
0.4745013960403231,0.3365324699676506,0.6328639338582833,0.416007972948811,0.6969893554546697,0.9893253572460818,0.979081928999157,0.12510605709322098,0.8345264949000611,0.943,0.532,0.1,1.404,0.505,2.139,0.53,0.609,0.777,0.277,0.0499,2.72,0.3775,0.478,0.475,49.43,441.49,61.9,30.79,-1.987
0.4901541490798349,0.09859199534086738,0.5922894634241367,0.37133535307566545,0.8254910672031297,0.9858078030654162,0.8392667308578008,0.3169591118767219,0.8419165304237253,0.99,1.267,1.502,1.207,0.541,1.351,1.269,0.712,1.238,0.232,0.0257,2.052,0.7386,0.809,0.261,9.36,325.47,152.18,127.49000000000001,-2.207
0.4422424939534288,0.13872849589778613,0.5217243118408154,0.5125033403051324,0.5882465940450152,0.9522909467159135,0.7826491754019009,0.6343428052346219,0.93938176288484,1.155,1.673,0.205,1.053,0.411,2.304,0.733,1.487,0.879,0.395,0.03,4.356,0.6242,0.783,0.371,8.01,416.26,12.84,8.63,2.493
0.407205144180314,0.41379153745306607,0.6787991011519295,0.45973193906694243,0.7109812675586775,0.9521888965754359,0.9313352302538112,0.30562306471035083,0.8769700412531057,1.67,0.151,1.261,0.737,0.715,1.035,0.954,0.231,2.725,0.115,0.0622,3.572,0.1086,0.392,0.358,31.47,92.82,84.87,60.44,-0.566
0.4877656479780376,0.1926400054634636,0.7193399648892265,0.4133513493923796,0.776315203424733,0.9814688723223515,0.9446718756699188,0.12795712563876416,0.8788905600074637,0.658,1.842,0.643,0.24,0.659,1.164,0.445,0.971,2.53,0.208,0.0165,5.127,0.6192,0.732,0.4,36.68,492.45,166.32,128.22,0.155
0.5193619482805284,0.11612858042814977,0.4813883075615739,0.39262441193308895,0.6320015354110649,0.9945634369663311,0.947927975079228,0.23690939340969097,0.8646057906652204,1.796,1.752,0.428,0.221,0.443,1.336,0.878,0.17,0.334,0.279,0.0607,2.971,0.0193,0.596,0.124,21.35,322.1,26.94,19.81,-1.141
0.4039064620260962,0.14685650340894063,0.8245711005006016,0.5120067726817987,0.9686259301886891,0.9737757135986203,0.7715225135629834,0.5010032805232132,0.9259379128236002,0.163,0.204,1.13,0.574,0.508,2.302,0.992,0.583,0.96,0.307,0.008,4.59,0.3375,0.812,0.093,10.56,482.89,126.18,109.28,1.473
0.6111683337058339,0.15694851004891963,0.157620729536878,0.4538029885557854,0.18852117110644107,0.983526283553906,0.955284328522741,0.22471874864454022,0.9121692046155999,1.573,1.301,0.402,0.86,0.783,2.79,1.574,2.356,2.153,0.23,0.064,4.043,0.0897,0.822,0.462,23.15,182.9,174.66,28.32,0.659
0.36087837715693594,0.6256856972390045,0.442488118055982,0.6180792553505359,0.4094266461381747,0.9808396204561345,0.9833807547244064,0.6974535736839091,0.9358367081927711,1.324,1.759,1.417,1.664,0.567,2.933,1.594,0.981,1.367,0.434,0.0436,4.887,0.2724,0.308,0.253,7.87,406.91,180.26,79.21,2.358
0.38410625522845815,0.366359463409775,0.7318636860278646,0.4788901802143587,0.8013033065268609,0.9808470267241354,0.9831304973131912,0.383941079411547,0.8747495327468764,1.037,1.316,0.547,0.764,0.55,2.819,0.79,0.556,2.779,0.246,0.0397,3.455,0.2831,0.599,0.397,37.91,340.07,219.65,77.59,-0.645
0.5205633371916609,0.1596445875879703,0.5876283331600043,0.354806052252735,0.6970514507416677,0.9999118311542258,0.9392031912335883,0.13342776473649876,0.8298672839356659,0.149,1.144,0.643,0.465,0.793,2.384,0.891,2.037,1.869,0.231,0.039,3.038,0.9774,0.638,0.411,47.62,326.2,144.89,120.41,-1.847
0.38205951696771107,0.37335957739096637,0.556587141159488,0.5067697307304843,0.6512879795410315,0.9841540239326835,0.9887422673528556,0.5522300667962105,0.8872582726201177,0.987,1.343,1.056,1.556,0.512,2.705,0.805,1.141,2.635,0.465,0.061,2.519,0.5278,0.393,0.204,17.53,384.54,107.27,67.35000000000001,-0.743
0.3931203276701187,0.4002149304471816,0.6196669741377757,0.46991297802217646,0.6659768129209356,0.9607686442482387,0.9663341677859202,0.43127078973579847,0.8848294591338827,0.976,1.22,1.623,1.602,0.618,1.69,1.056,1.652,2.195,0.183,0.0511,3.553,0.8954,0.354,0.132,5.01,326.14,51.97,51.12,-0.215
0.5968727488229948,0.09946329858190284,0.22596195948062237,0.4187731499294902,0.3533277558070935,0.994376847211918,0.9038103540041332,0.18522809934521844,0.896036415341683,0.362,0.806,0.588,0.694,0.555,2.941,0.083,2.581,1.54,0.263,0.0581,3.136,0.9902,0.827,0.396,24.85,296.41,130.81,47.56,-0.037
0.26990485806708625,0.7428996696104285,0.6193321363951851,0.6688921842380693,0.6169854841668753,0.9493729138295418,0.8769378934410289,0.6928653771984972,0.9416142864045706,0.267,0.528,0.424,1.357,0.45,2.02,0.794,0.103,1.749,0.119,0.0479,3.048,0.0115,0.23,0.358,11.92,335.61,36.36,17.51,1.839
0.345960384622105,0.7629945078936045,0.7862055296193232,0.6442237625938576,0.8084710260918997,0.9534585375412822,0.954534680958269,0.1729655129253984,0.9355818484759434,0.844,1.351,0.14,1.909,0.605,2.972,0.808,0.33,1.878,0.109,0.0179,4.138,0.9571,0.497,0.483,26.56,151.18,27.26,13.85,2.029
0.5145819663837506,0.011773535634069243,0.5993322546006029,0.42247278580158554,0.7978658952619575,0.9762398509374749,0.8157099767715463,0.24993093780416886,0.9014922383975084,0.712,0.674,0.68,1.085,0.573,2.698,0.591,0.035,0.407,0.311,0.0163,3.299,0.7907,0.9,0.241,47.48,404.38,65.4,32.66,0.124
0.43467825621921513,0.665667532417653,0.6171001189250487,0.5789720793488983,0.6268591870310662,0.9585814722315711,0.7824007365679135,0.059906855741580944,0.9380940746775437,1.573,1.298,1.16,1.912,0.411,1.879,1.298,1.212,1.054,0.399,0.0049,4.013,0.1589,0.478,0.278,20.23,52.91,48.6,18.14,2.122
0.48591651234739425,0.7580554360048708,0.1409769944304411,0.6788606508901749,0.03127535214477495,0.9555594281649716,0.9250249438038195,0.8017521805372493,0.9367164055777566,1.087,0.874,1.56,0.454,0.71,1.025,0.216,0.647,1.573,0.214,0.0408,2.556,0.4926,0.354,0.05,49.08,105.94,81.53,5.72,2.136
0.17414151867318337,0.740472841372231,0.8609929984604305,0.6878067864229604,0.9114636890731278,0.9810827935582419,0.9714052569737001,0.7859783514529756,0.9396610521071898,1.13,0.791,1.948,1.552,0.572,2.96,1.404,2.203,2.47,0.2,0.01,3.375,0.0258,0.672,0.476,8.6,437.79,14.82,8.89,2.194
0.3572090777890275,0.28509156024603544,0.6587426933052929,0.5552068076345235,0.7373511282766445,0.9537440468943591,0.8386128042693392,0.6931874925062295,0.936037458268373,0.162,1.502,0.133,0.416,0.709,1.833,0.571,1.456,1.008,0.401,0.0242,4.014,0.2377,0.704,0.188,20.88,296.94,154.08,87.93,1.86
0.32065199835710295,0.3898433608516252,0.7352128443048407,0.5423077664139608,0.9146657454839272,0.964758276520642,0.8866885724141903,0.6184334672195051,0.9391750300205072,1.656,0.938,0.804,0.219,0.606,1.222,0.987,0.127,0.769,0.341,0.0072,2.002,0.6222,0.891,0.154,41.65,496.51,78.24,54.79,0.46
0.36540941986572645,0.491528621416051,0.7016192098930837,0.5179022177744425,0.7076079200839807,0.9556985397660002,0.9321414704072707,0.3773135347500459,0.9083436809504455,0.403,0.134,0.652,1.303,0.611,1.401,0.179,0.182,2.987,0.179,0.0606,5.299,0.5843,0.349,0.478,31.38,359.65,158.0,44.11,1.051
0.25100979015542346,0.6110996599157479,0.7738259629332176,0.5937894852748757,0.8689103465665546,0.999194325373208,0.9290448813338494,0.6673158283047922,0.9388147657795184,0.243,0.468,0.3,0.452,0.424,1.725,1.544,1.561,0.735,0.218,0.0039,2.618,0.8216,0.705,0.187,4.73,151.0,23.55,20.93,1.006
0.5826536996725387,0.46832954517310166,0.022437611049734296,0.5381758814672146,0.024807080988120345,0.9613390896554526,0.9869081865132144,0.4469652370213716,0.923942674715585,1.046,0.671,0.118,0.767,0.471,1.632,0.505,0.177,1.007,0.147,0.0581,2.94,0.2293,0.73,0.081,28.08,103.7,60.62,24.39,0.564
0.27627039182489477,0.570724971814937,0.6849599813247219,0.5899749424252307,0.7488752118604027,0.9687566344124237,0.9898901732018158,0.7047214754193658,0.9126879081945349,1.779,1.847,1.12,1.396,0.545,1.678,1.666,0.803,2.587,0.196,0.0554,2.279,0.922,0.654,0.483,40.39,397.7,167.84,17.38,-0.186
0.5207870955932101,0.5640274953375504,0.13661489024383144,0.5793775134298587,0.03605428737854599,0.9650321769689316,0.9637487944627203,0.6527759686004353,0.9290656691056163,0.93,1.249,0.727,0.118,0.653,2.311,0.885,1.511,1.138,0.44,0.0576,4.644,0.0154,0.2,0.178,18.56,359.41,186.86,97.77000000000001,1.666
0.34793136826081783,0.3743514539833097,0.7469816877244759,0.5280772513485319,0.8493568762902918,0.9737777936645391,0.9745698182785557,0.4917046064650925,0.9111597505229829,1.682,0.921,1.371,0.426,0.572,1.185,0.07200000000000001,0.003,0.52,0.186,0.0216,3.252,0.2139,0.85,0.338,26.06,182.79,165.96,18.560000000000002,0.343
0.40872473784145363,0.34602772975430474,0.5917678118705161,0.4515817932343188,0.7486994941185166,0.9642447549138795,0.9812746895363601,0.4011583599715115,0.8659881254898958,1.071,0.381,0.146,1.629,0.412,1.751,1.254,1.497,1.616,0.122,0.0385,2.212,0.939,0.818,0.207,17.82,365.67,207.19,9.29,-1.487
0.4013116930494241,0.39712316142597204,0.6331037065797114,0.45855235682842344,0.69343307371148,0.952028951490988,0.9481668695183069,0.3828195129898797,0.8685209211915472,0.933,0.316,1.262,1.588,0.584,1.584,0.6890000000000001,0.355,1.533,0.072,0.0445,3.142,0.9133,0.836,0.204,23.03,248.79,101.14,58.49,-0.865
0.19662450809495471,0.6682712675047708,0.8758405141087325,0.6481197028419508,0.9503960549734782,0.9786445032387184,0.9956689872277226,0.771700218066832,0.9296142959510236,0.172,1.459,1.337,0.878,0.507,2.25,1.519,0.41,1.201,0.197,0.0177,2.374,0.6058,0.637,0.227,28.66,230.62,90.99,38.1,0.389
0.32166068315105284,0.6055406345087363,0.5289136357978543,0.5948776008512855,0.5610517210061348,0.9509195279231397,0.9396139067342649,0.7165102720444163,0.9164376978449826,0.344,0.265,1.045,0.95,0.542,1.63,0.645,0.57,2.966,0.064,0.0607,2.269,0.023,0.872,0.29,22.67,161.32,100.81,54.9,-0.175
0.4702775643408962,0.423184709831676,0.7245785399786182,0.45052258208924756,0.7454951401124661,0.972314421192699,0.9707193135263295,0.01097760330144193,0.8807199387110195,0.395,1.47,1.383,1.123,0.529,2.751,1.52,1.144,1.715,0.213,0.0313,4.406,0.7928,0.475,0.392,12.03,453.81,64.58,16.28,-0.023
0.5147365598907401,0.10898768838048867,0.5160907799255946,0.42216093044469705,0.5597297283243698,0.9997836433747977,0.978906346518084,0.2584492632631288,0.8838950932716849,1.996,1.259,0.818,0.23,0.5,2.629,0.999,1.004,0.768,0.377,0.0443,4.87,0.1016,0.54,0.143,34.61,238.72,230.26,24.19,0.124
0.5124167619040201,0.20086092804972744,0.4720845555400639,0.41123897975318024,0.554237527092543,0.9622869021799482,0.9788643814672623,0.21304055070001504,0.8706491513378962,1.847,0.533,1.842,0.702,0.411,2.875,0.595,2.576,1.656,0.129,0.0399,3.63,0.6131,0.851,0.118,16.98,326.28,246.84,173.72,-0.697
0.5083924281033408,0.28952717663496186,0.5329139922157007,0.41683277290320697,0.5145509455247573,0.9485808063168435,0.891316872163824,0.13765085310463,0.8955245959222999,1.15,1.018,1.688,1.552,0.708,2.089,0.576,1.877,0.37,0.066,0.0536,5.893,0.6208,0.492,0.21,39.06,430.7,159.56,27.39,0.837
0.2863878450426413,0.5776443472375896,0.7859069157444345,0.5800965794086385,0.8391073534882991,0.9976149727635741,0.9835636012531503,0.5324663910603906,0.8958127129335032,1.701,0.524,0.827,0.82,0.609,2.454,1.399,1.756,2.868,0.442,0.0296,2.542,0.1745,0.378,0.084,36.77,252.0,125.39,37.33,-0.594
0.3040492917982605,0.4529034375984988,0.7613379727432766,0.5764528579106816,0.8090004947751847,0.9714947274551696,0.9862315856827453,0.5983049283639765,0.9288696973303824,0.251,0.446,0.294,1.26,0.761,1.154,0.909,0.903,1.931,0.188,0.0226,5.286,0.163,0.703,0.132,30.57,126.11,78.22,6.56,1.824
0.33595914908218744,0.5359457245894066,0.814917996637861,0.5406350304237757,0.8463061215353361,0.9635065622858046,0.9858190768661633,0.35984149444568325,0.9141343202502554,1.795,0.976,1.532,0.137,0.766,1.73,1.048,0.708,2.617,0.145,0.0159,4.945,0.7004,0.63,0.249,4.16,307.91,223.1,36.81,1.247
0.2783232492479566,0.6808119310601097,0.6162860051269432,0.6379271101203899,0.6126409235113277,0.9617048299489601,0.9441554878665989,0.717780128568722,0.9277768858243229,0.544,1.618,0.347,0.986,0.592,2.762,1.575,2.449,1.558,0.294,0.0599,3.164,0.9968,0.283,0.386,44.01,219.52,154.48,17.65,0.916
0.38470795444881256,0.355075630396697,0.6813118915178882,0.4915426334771221,0.7177637805997761,0.9681305542138358,0.9861223469074919,0.43570414458252293,0.9067911573440248,0.147,1.944,1.221,1.899,0.529,2.701,1.609,2.221,2.819,0.183,0.0319,5.065,0.2374,0.59,0.124,9.2,447.96,53.25,47.17,0.859
0.3686803938264273,0.644745467065818,0.4354938379009652,0.6130045088906941,0.3842552448546729,0.9564946810087178,0.9514708453288354,0.6761614582177181,0.9328988397060582,1.273,0.98,0.349,1.943,0.777,2.153,1.688,1.635,2.306,0.22,0.0397,4.806,0.2713,0.33,0.117,28.01,311.54,68.5,36.03,2.159
0.19609880540465113,0.6915314175273446,0.8561644432929614,0.6743015849333385,0.929507785560141,0.973551018745665,0.9878305958048468,0.7250482194455806,0.9344129312161041,1.536,1.828,0.659,1.358,0.772,1.859,1.169,1.513,1.9,0.18,0.002,2.41,0.2626,0.882,0.178,16.09,294.8,137.94,34.07,2.006
0.37408132121205984,0.46081407076752356,0.47772863228026763,0.5526191554614748,0.5402407236052045,0.9977212278193395,0.9904998242039447,0.6293387751353632,0.9163792539860897,0.245,0.53,0.139,0.428,0.549,2.675,1.464,1.194,1.058,0.327,0.0481,2.736,0.2134,0.508,0.148,31.21,466.03,61.27,28.25,0.185
0.29125400750708585,0.4834710308775386,0.7860571733448832,0.5759963022524275,0.893415649887518,0.9157921487848703,0.754848542098735,0.6781806327669286,0.9355003716645399,0.794,0.875,1.454,0.575,0.623,1.685,1.48,1.3760000000000001,0.644,0.446,0.0067,2.532,0.5174,0.661,0.189,34.87,319.13,203.08,116.35,0.662
0.42827160023691857,0.4236196542337016,0.6537893627727306,0.49584416429761013,0.7082947605971641,0.9775213235463545,0.790045946506601,0.21016431307094985,0.9130233419071757,0.763,0.571,0.996,0.789,0.471,2.504,1.917,0.949,1.896,0.318,0.0075,4.36,0.5541,0.626,0.396,25.62,147.58,51.39,15.91,0.924
0.6249534659485332,0.1767153903243105,0.15833927639291667,0.4317247883068761,0.17213201537632072,0.9622450020481588,0.9809299881614725,0.15267132355127344,0.8985739319845643,1.353,1.351,0.409,1.857,0.42,2.101,1.001,0.819,1.079,0.154,0.0508,5.151,0.8823,0.765,0.094,32.38,70.89,58.13,42.71,0.837
0.3449635319075485,0.47195568874532356,0.7132917512713887,0.49901221295146336,0.7611607752458291,0.9606169974004207,0.9622619900292277,0.4834598084540169,0.8853509424114074,1.978,1.883,1.579,1.694,0.777,1.314,0.47900000000000004,1.217,1.757,0.162,0.0356,2.783,0.3504,0.519,0.101,26.09,481.33,55.97,24.05,-0.666
0.3166698264672213,0.7490501714786131,0.5155534854671004,0.6640811042400414,0.5184683514580914,0.9528058148767935,0.8934094428564853,0.6222022031500603,0.9405042546235671,0.586,1.296,0.825,0.239,0.629,1.165,0.669,0.578,1.24,0.24,0.0384,3.486,0.0982,0.211,0.221,26.71,278.44,212.33,84.58,2.334
0.28322901458480104,0.5580094432033174,0.762361769309147,0.5666036271489252,0.8080972401169825,0.9606087646454181,0.9681083644119756,0.6107871488014998,0.8941352655243178,1.161,1.78,1.301,0.444,0.424,1.694,0.204,0.436,1.138,0.171,0.0456,2.821,0.1286,0.533,0.384,33.76,265.99,241.28,87.2,-0.456
0.26059407700160836,0.6689927783553011,0.6866121437462528,0.6257355874272583,0.6939520288292793,0.9700330998752661,0.9467890643890008,0.6942672895727862,0.9325067829681288,0.665,1.008,1.314,1.633,0.682,2.651,1.575,0.172,1.299,0.317,0.058,3.072,0.8678,0.293,0.425,3.92,336.75,78.92,68.74,1.065
0.2636157185321477,0.7374711329086852,0.8217178690128923,0.6607376175122974,0.8569212946002593,0.9636260924113723,0.9300147795145001,0.44366748979881565,0.9372089344278036,0.94,1.599,1.934,1.136,0.767,1.254,0.56,0.442,2.785,0.285,0.0406,3.471,0.5414,0.338,0.409,45.98,257.05,58.08,43.05,1.54
0.4511437244365821,0.28087357497556653,0.5060685665109211,0.5033929611516459,0.5845608055713398,0.9788586229381038,0.9534753338610202,0.33713801051939496,0.9230038322497791,1.918,1.72,1.185,0.945,0.527,2.932,1.162,1.394,0.245,0.209,0.0184,3.8,0.21,0.891,0.061,24.11,170.89,87.99,40.28,1.018
0.35455760446587126,0.32226860942825053,0.772344466878533,0.5291717595409959,0.8433950054152447,0.9915539396676962,0.9566605747869048,0.5115885429800939,0.9114441975609594,1.148,0.897,1.644,1.167,0.629,2.026,0.423,0.472,2.557,0.349,0.0403,4.528,0.6732,0.606,0.468,16.66,277.05,159.93,130.66,0.939
0.5837522844324329,0.353743825515908,0.0933302421456258,0.4962595261192666,0.11337688804627744,0.9735332443343194,0.986554357128444,0.338177700067562,0.9122976343391958,0.142,0.327,1.058,0.492,0.78,2.737,0.893,2.462,0.365,0.197,0.0654,3.24,0.4563,0.634,0.165,33.17,189.37,150.83,61.72,0.382
0.43828999760040444,0.43279856607224,0.7121818996175819,0.4704266325221692,0.717275486118112,0.9533814726799086,0.8956949229337092,0.13345861820180605,0.9111161119017194,1.341,0.758,1.892,0.29,0.647,1.487,1.3840000000000001,1.115,2.154,0.162,0.0467,5.779,0.2464,0.281,0.339,6.87,174.82,11.18,5.65,1.269
0.45050684890584075,0.43599128150060995,0.6400528290443499,0.43244598903961196,0.673426812309282,0.9555211113702958,0.9278871677301642,0.15604548974105392,0.8333323153924844,0.445,1.924,1.571,0.694,0.641,2.612,0.816,0.37,1.77,0.151,0.0451,2.371,0.6033,0.22,0.186,24.46,182.25,36.65,36.43,-2.155
0.41947779321168205,0.22878639955855773,0.742986741157953,0.4841655317552871,0.807939521342124,0.9986797019984448,0.9622278912888218,0.3414908747755986,0.9060236743813996,0.855,0.151,1.062,1.763,0.784,3.0,1.218,0.911,0.569,0.345,0.0303,5.439,0.407,0.602,0.247,47.5,287.36,110.71,37.11,0.969
0.21290352898619277,0.7261481294953065,0.8106806765301178,0.6641241726944423,0.8406185665889244,0.9489349511765612,0.8833727761421638,0.6937076513908547,0.9404425994255166,0.2,1.888,0.132,1.282,0.687,1.997,0.224,1.1380000000000001,2.934,0.061,0.0377,2.659,0.7251,0.613,0.4,16.77,143.42,42.39,12.55,1.085
0.2285405078501391,0.7116771374217639,0.8372444084529215,0.6558848063231295,0.880035727977281,0.9755564658279938,0.9668705077518276,0.5877560911273639,0.9385193440275154,0.679,0.253,1.783,0.134,0.472,1.022,0.9460000000000001,0.364,2.905,0.271,0.0319,3.138,0.3345,0.4,0.292,4.08,468.6,17.44,11.01,1.424
0.25438163209655346,0.48097833093544096,0.846635709155394,0.6112579366029962,0.9598836820738776,0.970051678847282,0.8714935599338134,0.7738279224097084,0.9409941295966984,0.201,1.227,1.684,1.467,0.77,1.631,0.562,0.743,2.195,0.319,0.0099,2.597,0.2168,0.815,0.189,48.46,498.79,101.91,21.630000000000003,1.513
0.2096977207309414,0.6484542804571347,0.8546659343144479,0.6507990685755904,0.9262379146887547,0.9943889810945373,0.9942669029637081,0.7270889996040522,0.928224048237789,0.671,0.154,1.137,1.98,0.441,1.765,0.185,0.376,2.996,0.345,0.0246,2.409,0.6672,0.528,0.22,22.52,330.59,116.04,62.92,0.387
0.14524723053279237,0.7706087283667993,0.8867757832419638,0.7206272778617021,0.9452406177859597,0.956416936686901,0.970701466589252,0.8789621008588727,0.9301557679840097,0.353,1.523,1.037,1.705,0.692,2.872,0.291,2.658,0.651,0.108,0.013,2.708,0.197,0.809,0.402,15.97,383.23,222.51,163.8,2.492
0.3193725867567043,0.5922106609529212,0.8306327321081762,0.6049345731985618,0.8986938352054067,0.9868910616908474,0.9743901821939813,0.3311746104023787,0.9192619196506223,0.834,1.798,1.593,1.427,0.554,2.413,1.141,2.13,0.617,0.387,0.0217,3.953,0.1051,0.502,0.358,38.45,424.15,210.23,172.99,0.955
0.4903595601964742,0.20879274713124774,0.42116056127029,0.46368548836533585,0.5413550823048173,0.9957737792455749,0.9340383545122586,0.32865528924237475,0.9025575185533062,0.839,0.125,0.219,0.904,0.565,1.955,1.032,1.51,0.784,0.258,0.0498,3.296,0.597,0.802,0.413,29.01,383.88,161.26,65.77,0.114
0.5773365680874434,0.13379075237318883,0.1738347785446951,0.4974738246216853,0.16260456600880147,0.958242551772234,0.8991454908712323,0.487809805696628,0.9248010136563748,0.923,1.916,1.078,1.017,0.496,2.891,1.124,0.259,1.676,0.437,0.0445,4.36,0.766,0.652,0.205,10.74,318.49,221.26,132.63,1.468
0.3518609084859445,0.38619446241657507,0.7261436404556529,0.50495504086045,0.8020707193578017,0.9804774731675431,0.9804628471614834,0.5069450895343155,0.8971274482713054,1.603,0.339,1.518,1.899,0.793,1.738,0.165,0.023,2.615,0.409,0.0447,2.926,0.8071,0.478,0.35,16.34,135.63,27.5,9.58,-0.203
0.33540510767126364,0.43265012982740214,0.7878345180241906,0.5341384432183003,0.8394267482273288,0.987889036431629,0.9872941239496322,0.46929929569119355,0.9088379929008746,0.279,1.696,1.468,0.631,0.633,1.203,0.262,0.187,1.29,0.284,0.042,4.419,0.2616,0.53,0.462,24.53,144.84,119.15,41.51,0.689
0.35328749723856634,0.5024413771802019,0.6910018758417631,0.509410141371669,0.7310911319810749,0.9502847832007889,0.9195672303541623,0.43563410584427587,0.8774776045924325,1.418,1.415,1.039,0.299,0.546,1.298,0.7000000000000001,0.9430000000000001,1.662,0.093,0.0556,2.939,0.821,0.337,0.22,46.4,221.83,63.21,54.67,-0.732
0.43131872928250337,0.5461989892592777,0.6532283776655967,0.5493682644043489,0.6879306351928395,0.9426585741091764,0.74512623612185,0.1119442307064108,0.9310588595690329,1.539,1.187,1.08,0.585,0.601,1.687,1.118,0.209,1.661,0.458,0.0071,4.92,0.5654,0.536,0.357,48.58,186.77,167.72,80.9,1.872
0.3992328432232297,0.5312544613424992,0.4323164222230478,0.5497827192192443,0.3944463515803385,0.9664431941486362,0.9524903119907577,0.6059544196418536,0.9288528969357949,0.417,1.483,1.756,0.26,0.709,1.149,0.525,0.622,2.823,0.38,0.0579,4.666,0.0878,0.207,0.269,6.03,423.67,9.56,8.76,1.645
0.31586372689544506,0.430530829199136,0.7949871626146693,0.5179916300873888,0.8971613255989205,0.9779925642323193,0.976003734059664,0.5788690540068627,0.8974599177822246,1.684,1.617,1.951,0.721,0.789,2.711,0.796,2.38,1.457,0.172,0.0146,2.495,0.4839,0.801,0.36,13.56,481.55,197.05,127.36000000000001,-0.533
0.4685175749124681,0.43450445226150525,0.7393074199232583,0.46307770553299266,0.7464990586513816,0.9547935834471347,0.9031148226275879,0.003233086830993992,0.8960721704503671,1.816,0.832,0.703,0.36,0.735,2.293,1.668,2.097,0.504,0.182,0.0481,5.419,0.619,0.337,0.415,22.37,158.39,145.86,42.17,0.701
0.4353551514713422,0.3625704641783798,0.6709129152509045,0.4571081002789823,0.744624509106515,0.9488791793931871,0.8391700040094452,0.22321964750133227,0.9007904100145365,0.401,1.436,1.485,0.318,0.589,1.273,0.705,1.09,1.453,0.341,0.0123,3.124,0.0471,0.57,0.148,3.88,495.29,6.7,5.33,-0.041
0.3405277205889554,0.5847819091618831,0.49785264110769256,0.5841452123156481,0.5772480779116971,0.9610344170591432,0.9849369192237497,0.619311682676077,0.9307772086546462,0.119,0.122,0.521,0.169,0.463,2.339,0.904,1.459,1.911,0.114,0.0273,2.07,0.947,0.87,0.092,43.51,174.83,102.8,100.07000000000001,0.202
0.33764067593303165,0.6314050296650098,0.4704140987422033,0.6173175188976636,0.48889376714058197,0.9694015144323234,0.9935448829954012,0.7108768760757886,0.9413420922963329,0.536,0.333,0.335,1.84,0.621,2.134,0.392,0.63,1.979,0.168,0.0551,2.22,0.4222,0.716,0.464,6.87,359.57,146.26,6.47,0.712
0.3899024244845203,0.4379364345849036,0.6770081488951367,0.4669719856213912,0.7235321806504418,0.9505687461477058,0.9276857283771227,0.3588936136902763,0.8707386486578161,0.715,0.621,0.709,1.121,0.459,1.131,0.896,0.055,1.296,0.069,0.056,3.225,0.4565,0.425,0.206,18.48,53.59,52.06,41.6,-0.855
0.23698271868534973,0.6897103204743313,0.6803921315467205,0.6634555848894872,0.6957092514760879,0.9688977553150261,0.992497991832888,0.798989990287745,0.9402175601720554,0.254,1.323,1.431,1.022,0.625,2.703,1.64,1.62,1.925,0.202,0.0276,2.966,0.2637,0.589,0.092,39.5,413.03,107.21,25.509999999999998,1.377
0.2846960485927437,0.6841870025306558,0.682487628465658,0.6236930810171012,0.6949441843512506,0.9569965985159891,0.9228639675593123,0.5514353458548077,0.9352905856707583,1.654,1.578,1.301,1.544,0.698,2.058,0.463,0.598,1.829,0.245,0.0404,4.279,0.5834,0.285,0.273,15.71,499.23,245.39,126.83,1.864
0.3123859665790672,0.5046006311725779,0.6856459794883032,0.5335273486505696,0.7483265913593342,0.9978732922151303,0.9788935148885803,0.6224351266939593,0.8881989586377579,1.948,1.086,0.128,1.47,0.481,1.078,0.782,0.971,1.39,0.43,0.0483,2.325,0.4705,0.295,0.173,3.77,300.89,238.13,156.89,-0.902
0.3873580864535097,0.57036141499807,0.5259566461650916,0.5609300373197448,0.5002142245206577,0.9471964714972881,0.8692036741591702,0.4313762892884896,0.9274271901382083,1.811,1.663,0.817,0.301,0.628,1.628,0.739,0.402,1.436,0.052,0.0488,5.501,0.1853,0.371,0.272,31.32,74.09,32.88,26.17,2.022
0.3273090241854329,0.6048921718178968,0.8253108785428312,0.5615169980546046,0.846502478108365,0.9511666562289709,0.9249161783836374,0.3377945554802406,0.9102451407800184,0.63,0.772,0.829,1.918,0.424,2.036,1.483,0.772,0.733,0.077,0.0238,4.417,0.1744,0.626,0.421,6.9,311.51,112.69,20.630000000000003,0.76
0.4458116760752138,0.7283376831192923,0.22263788390114914,0.6670341628329937,0.13343656420809658,0.950815287888502,0.9310962355898711,0.8012988333024148,0.9413086465729333,0.625,0.145,0.612,0.153,0.781,1.811,0.86,0.648,0.213,0.087,0.049,2.573,0.1524,0.722,0.368,33.17,148.33,113.59,102.79,1.863
0.3853556433433868,0.42804439444255116,0.5223639080330773,0.549469381010466,0.5243775753792981,0.9872714422562544,0.9945248522408954,0.5554338324432526,0.9245233574921372,1.89,1.146,0.356,0.951,0.724,2.733,1.333,1.814,2.01,0.36,0.048,5.118,0.7116,0.494,0.317,27.08,154.26,68.28,46.81,1.672
0.5046514616614373,0.0487916771436836,0.5981635657798978,0.37324165680623755,0.7614267114618185,0.9559172074634085,0.8572337213285706,0.3097293498476431,0.849757926777598,1.555,1.949,1.138,1.439,0.762,1.116,0.598,1.1,1.592,0.357,0.0458,2.452,0.0794,0.638,0.354,16.200000000000003,204.98,28.56,14.520000000000001,-1.828
0.3329755684707772,0.5257744404299881,0.64153463962161,0.5310340875668733,0.644281069624913,0.9510955775064736,0.8791352937111079,0.5929213342588833,0.933542544977455,0.737,0.284,1.581,0.172,0.478,2.339,1.588,1.528,0.912,0.09,0.0668,2.727,0.6715,0.467,0.465,1.93,115.14,13.57,7.27,0.807
0.48173408663069645,0.11134358136550837,0.5358403219107829,0.4162878450760251,0.684592882960078,0.9707064496282968,0.9068791438165293,0.37717288903294066,0.8827709112873309,1.513,1.844,1.318,1.447,0.754,2.734,0.764,1.865,0.851,0.343,0.0438,2.803,0.8989,0.667,0.159,11.950000000000001,428.28,34.99,31.160000000000004,-0.631
0.4517952490887168,0.5180915868421196,0.5640162554266654,0.4782868658407664,0.6044756084763379,0.9945699707227391,0.8849193991898315,0.1284246315754065,0.904641512182229,1.921,0.674,1.194,0.641,0.581,2.432,1.923,0.279,0.893,0.234,0.0029,2.87,0.982,0.592,0.392,6.09,393.02,204.78,79.33,0.046
0.2257243989272265,0.8024242712137697,0.8668764734199412,0.7183267267044261,0.9778236879517237,0.9944399784291973,0.9903786565514263,0.4846931697921609,0.9268032980226537,1.085,0.497,1.696,1.273,0.634,2.372,0.913,1.394,0.765,0.35,0.017,2.165,0.5202,0.441,0.182,21.68,248.95,147.58,42.6,2.144
0.5200169249202982,0.2790728268969226,0.2935344741705984,0.48479820119673056,0.2531124173843653,0.9880796084227407,0.9925820459910721,0.440232026220734,0.9122501924608015,0.18,0.1,1.347,0.697,0.505,1.031,0.051,0.185,2.043,0.411,0.0579,5.91,0.1439,0.36,0.238,22.82,231.87,231.67,86.02,1.323
0.31216525024439434,0.6397732633797182,0.8370003733461819,0.6146518772403831,0.888627526303048,0.999425608369529,0.9886560270245419,0.32407395798338023,0.9269046234076647,0.955,0.279,0.488,0.571,0.573,1.94,1.912,0.072,2.359,0.371,0.0241,3.933,0.1309,0.399,0.242,5.3,386.42,58.06,42.32,1.185
0.2989174214196367,0.5484802594946627,0.7585037636941359,0.544051795009892,0.8209779850286985,0.97531539205256,0.9764912857206061,0.5566243872514267,0.8777669462274454,0.443,1.822,0.272,1.807,0.704,1.118,1.061,0.378,1.682,0.25,0.0303,2.286,0.4896,0.417,0.082,34.81,273.11,210.88,31.84,-1.169
0.27963441482537194,0.593600728778377,0.8401130655870734,0.5791263171803405,0.8802855306647042,0.9628027744507176,0.9802614536817905,0.5143298234523587,0.9243423966356087,1.864,0.637,0.872,1.45,0.771,2.818,1.871,1.728,1.248,0.159,0.0343,4.013,0.5756,0.585,0.494,11.1,76.03,14.55,10.93,1.221
0.5153071852609997,0.2064288503840871,0.4449969230107409,0.4013203877064375,0.5767944202520117,0.9701431145417759,0.9754180810170086,0.20437871745036817,0.8795043321078622,1.237,0.48,1.396,0.514,0.657,1.818,0.399,0.856,0.849,0.145,0.0531,2.984,0.7692,0.768,0.058,5.22,162.36,24.98,6.96,-0.7
0.48894691228482196,0.28102297533967324,0.6822224949705675,0.41766297239499983,0.7372609281559128,0.9917394837425192,0.9518847277424942,0.06844159718178788,0.8722911414076835,1.018,1.928,0.225,0.478,0.723,2.385,0.94,1.503,0.334,0.255,0.0193,4.151,0.3376,0.629,0.254,32.12,187.71,125.15,18.63,-0.459
0.43299431541364186,0.05341444188893041,0.8006971730605954,0.4948576687847527,0.9646940283690902,0.93677952413355,0.6447554851524264,0.5835561377223429,0.9360428968091421,0.171,0.713,1.747,0.725,0.46,1.07,0.08600000000000001,0.52,1.42,0.383,0.0124,4.203,0.2874,0.822,0.485,8.95,331.38,18.95,8.200000000000001,2.067
0.2304923776022835,0.5536311577412556,0.8756439308514756,0.6316462028224415,0.9694545311711484,0.9885498393800383,0.9217892951729922,0.7486718135042906,0.9346326505626698,0.714,0.261,1.907,1.947,0.453,1.28,0.999,0.928,2.705,0.307,0.0204,3.155,0.6183,0.693,0.498,23.66,322.09,147.94,116.69,1.125
0.21745725153324574,0.791521718162949,0.8595133296499435,0.7083670153354775,0.9555563750697478,0.9524715981880425,0.8987599496019638,0.5404250654727192,0.9339780291043704,0.365,1.33,0.194,1.319,0.4,1.659,0.882,0.597,0.472,0.118,0.0324,2.366,0.3445,0.444,0.495,18.91,307.68,155.02,9.530000000000001,1.991
0.6023403374312374,0.001848197755697334,0.5122748414155144,0.2946676426038013,0.6242093770076894,0.9742771971187172,0.9366994113182919,0.005136797628376821,0.8123981320275979,0.162,1.728,1.188,1.877,0.669,1.556,1.325,0.365,0.563,0.37,0.0521,2.978,0.0015,0.411,0.132,7.48,204.0,28.26,17.61,-2.483
0.4798875692257265,0.0716054633448836,0.7348007797867455,0.43116468207355096,0.8078769261229364,0.9888941628519986,0.9531932316092895,0.26766117644689347,0.8952606540946473,0.385,1.445,1.208,0.459,0.601,1.283,0.361,0.964,0.604,0.242,0.029,5.759,0.3623,0.718,0.32,17.24,325.34,170.9,136.02,0.734
0.4667348670656756,0.2789766844604826,0.5948785137869015,0.40595991577040946,0.6903647502393907,0.9949091541403784,0.9837276889693456,0.23922430456833255,0.824200467030749,1.368,0.87,1.686,1.688,0.433,1.167,0.67,0.543,2.008,0.469,0.0578,2.592,0.537,0.261,0.087,33.35,152.41,133.56,96.93,-2.28
0.33039906604517155,0.5826217534178495,0.5888137569615711,0.5799617673003244,0.5745490400816179,0.9654463452142723,0.955567225818932,0.5960976343142735,0.9207306373673807,0.782,0.291,1.738,1.484,0.523,2.902,1.146,2.403,2.455,0.343,0.0489,4.647,0.4997,0.267,0.259,17.43,204.84,100.38,97.85000000000001,1.364
0.43887332194804585,0.09686845486913054,0.6994717658051299,0.500116663374271,0.7782035692285646,0.9744622572219787,0.8940518033457392,0.4371549362881407,0.9153491581930024,1.186,0.874,0.719,1.935,0.617,1.271,0.751,0.944,1.763,0.412,0.0382,5.748,0.696,0.67,0.435,36.28,430.8,104.15,67.21,1.505
0.3383738998186272,0.41757404765492623,0.6336615668457393,0.5549649447045694,0.7105995497458708,0.9959527706923423,0.9364144154299189,0.6084918178692356,0.9416532202934673,0.554,1.57,1.79,0.917,0.8,2.097,0.85,1.635,0.789,0.249,0.0152,2.826,0.3999,0.883,0.183,6.21,353.89,239.54,43.24,1.558
0.3552618360507246,0.514558971639336,0.5822102608230635,0.5472123387817622,0.5730654497225739,0.9623283654428574,0.962016801026729,0.5507315138285579,0.9134396478613628,1.623,0.746,1.29,0.558,0.513,1.791,0.099,1.162,2.191,0.258,0.0402,4.616,0.4309,0.341,0.093,12.66,405.51,176.25,33.78,1.06
0.4309287032283858,0.2987284728455958,0.4863600333689937,0.4882215884041341,0.5831143159072337,0.999956699715275,0.9648557892181457,0.4677459850770128,0.9012663279043123,0.879,1.606,0.654,0.456,0.68,1.748,0.684,1.479,1.353,0.295,0.0475,2.916,0.7743,0.664,0.223,25.34,435.84,62.88,22.980000000000004,-0.082
0.43074980416956227,0.2675038007189634,0.7383744111365688,0.4440961465359978,0.8088619199669097,0.9887634689401256,0.9421097883874057,0.28120909961689267,0.8831078916761387,0.731,0.409,1.874,1.361,0.476,2.762,1.453,1.825,1.34,0.223,0.023,4.464,0.4569,0.687,0.455,11.1,190.53,127.27,6.050000000000001,0.036
0.47395788284316026,0.3596999499240707,0.6785685019695877,0.4281855666858063,0.7131676290654585,0.9870611297094651,0.968597677675329,0.07561018677560993,0.8625531613572324,1.627,0.178,0.563,0.492,0.48,2.967,0.306,2.71,1.7,0.361,0.044,3.833,0.6619,0.359,0.327,14.96,292.02,90.59,27.07,-0.784
0.34561535334269683,0.520797013029328,0.7780322032950077,0.5276834872363378,0.8126996623314067,0.9762250834763725,0.9716811836551414,0.3609436146327767,0.9063517014548654,1.293,1.768,0.388,1.921,0.503,1.367,1.333,0.744,2.636,0.278,0.0303,3.9,0.1058,0.384,0.151,7.23,101.84,9.32,8.49,0.446
0.5456508005566058,0.09549726837386907,0.44821183350069593,0.37273660335069625,0.6398437608396133,0.9899376902258393,0.9227348045439066,0.15739909762431414,0.8583537137678289,1.514,0.437,0.126,1.044,0.723,1.322,0.099,0.464,2.218,0.2,0.048,2.609,0.5325,0.832,0.277,12.27,465.67,188.43,142.46,-1.487
0.23316612644454715,0.5456543068229063,0.8680171381365832,0.6255162838630761,0.9568975542899459,0.9974754336962268,0.9424436963428331,0.7514569953437926,0.9376024498248309,0.251,0.857,1.476,0.57,0.773,2.082,1.938,1.833,0.949,0.274,0.0191,3.657,0.8954,0.687,0.295,15.73,69.83,47.11,19.07,1.749
0.26818523188719023,0.7777888101519379,0.8403795146719597,0.6974000568746576,0.9026771310103725,0.979061051791051,0.9408561377087971,0.3738613781850977,0.9407922264046219,0.726,0.243,1.709,1.19,0.526,1.03,0.047,0.65,1.031,0.438,0.0277,3.191,0.7808,0.288,0.225,27.08,268.78,76.99,74.14,1.914
0.39455899905738084,0.38403933515771005,0.5317933536642668,0.4860429266893581,0.6541020314052401,0.9822558187588887,0.9892471159160956,0.4995663090871869,0.8898737623329209,0.688,1.298,0.511,0.944,0.601,2.334,1.552,1.619,0.296,0.273,0.0666,2.351,0.0601,0.424,0.184,12.6,137.35,42.59,17.4,-0.855
0.566688513446515,0.06228809965107618,0.4639375132451107,0.38412874974869515,0.4891320637651543,0.9664118196866816,0.9811791667503618,0.13564339450909035,0.8836290578355197,1.692,1.542,1.726,1.173,0.432,2.71,1.474,1.893,0.526,0.189,0.0416,5.594,0.2227,0.696,0.14,42.62,418.71,228.74,43.34,0.366
0.23463498238796296,0.6481348681061485,0.740215566986395,0.6215211049302216,0.792936184956073,0.963404652142918,0.9677528836347995,0.768492955206151,0.916123473479757,0.306,1.621,1.24,0.606,0.544,1.903,1.07,0.935,0.502,0.184,0.0579,2.015,0.6799,0.458,0.448,33.46,408.1,84.77,72.59,-0.355
0.5478597872438419,0.12407524669349101,0.6039729896915438,0.34102714971250114,0.6481099215846986,0.992059024868253,0.9730869368675678,0.052107950676829495,0.8594203017659809,1.905,1.66,1.741,0.49,0.561,1.177,0.67,0.445,2.524,0.394,0.0539,4.201,0.3141,0.316,0.206,6.4,321.19,8.05,7.26,-0.783
0.5118443682567574,0.1743780504222483,0.5122339231689945,0.3838824637437629,0.6352041637505575,0.9723561581727763,0.9774398021901425,0.1968440903098022,0.8684685255015681,1.572,1.652,1.417,1.474,0.405,1.975,1.3800000000000001,0.062,1.76,0.198,0.0657,3.385,0.9705,0.491,0.094,8.28,80.23,15.72,8.75,-0.734
0.4506372995003634,0.35772869234503546,0.6535333144192537,0.5021948800831403,0.7199310306825899,0.9081647177329687,0.5742320106406942,0.24460009786174697,0.9261722831102905,0.597,0.522,0.65,0.275,0.598,1.747,0.19,0.846,1.976,0.489,0.0056,4.825,0.5497,0.593,0.374,34.93,301.22,129.03,61.04,1.649
0.269328062761242,0.6191305999838788,0.7305602512419471,0.5864481858834958,0.7597848469727453,0.9501101478444076,0.9052788794583575,0.6601034898586648,0.9167989380334832,1.183,1.567,1.85,0.9,0.601,1.104,0.89,0.092,0.217,0.069,0.057,2.614,0.2718,0.584,0.442,9.58,136.15,21.34,7.79,0.14
0.4839072439228832,0.09545728778583962,0.5445859679359639,0.4584124827363981,0.6295118160822348,0.9972627480867262,0.9083029094375756,0.36559762910990756,0.9208194688531477,1.652,1.165,1.225,1.913,0.486,2.911,1.761,1.905,1.137,0.27,0.0271,4.758,0.0856,0.782,0.127,7.04,84.58,8.68,8.37,1.34
0.48901052829502717,0.5135975642749475,0.21647252758855795,0.5802376789091843,0.13418988636469797,0.9648202873344498,0.9947832759962058,0.6385730554584954,0.9305311361080992,1.867,1.695,1.461,0.428,0.457,1.803,1.413,0.417,0.692,0.224,0.0413,5.264,0.1705,0.519,0.145,18.32,488.69,208.63,197.26,2.136
0.6031378828235854,0.2002084216848179,0.0824148613236163,0.498829949267373,0.06871836687410837,0.959183663700822,0.9370345985768332,0.45391193817557496,0.9207932843106653,0.185,1.883,1.521,1.567,0.602,1.907,0.53,0.521,2.801,0.47,0.0698,3.877,0.9328,0.548,0.348,27.61,140.55,111.32000000000001,88.43,1.12
0.31051331933205933,0.7275273597669757,0.48671711292499953,0.6780077356203513,0.45944588364206196,0.9751244713684192,0.9657915420632701,0.8199423950520546,0.9403343702726609,1.435,1.864,0.486,1.934,0.474,1.002,0.166,0.723,1.909,0.364,0.0449,2.264,0.482,0.367,0.194,27.15,223.14,176.74,66.3,0.885
0.46344261065264025,0.7028341401460302,0.19459819343387874,0.6511453547553552,0.10446478930696945,0.9541842384024488,0.9449699183009163,0.7784494384471173,0.9420527279433304,1.255,0.997,1.213,1.321,0.736,2.724,0.816,1.233,0.42,0.148,0.0447,2.693,0.707,0.503,0.089,46.2,286.47,118.61,5.81,1.511
0.4487458873485136,0.5099480778255971,0.27560609869571184,0.5683409000439936,0.27730787703113224,0.9952957036494565,0.9979480310810246,0.635128594662197,0.9343144305489752,0.256,1.307,0.479,1.507,0.411,1.241,0.51,1.101,1.14,0.358,0.0698,2.719,0.4302,0.401,0.27,5.71,166.67,8.25,6.85,0.8
0.5580653765833501,0.05208809225461852,0.5749936394028916,0.33038696954041846,0.6732893057205274,0.988038243643556,0.9575501420865975,0.08863991157559326,0.8428868185267016,0.286,0.823,1.222,0.58,0.77,2.967,0.008,2.839,1.204,0.34,0.0424,3.533,0.7851,0.472,0.074,20.42,60.31,22.61,19.65,-1.377
0.4135276388328983,0.33024038580389625,0.5753261694971845,0.44853690212501507,0.6234758557620037,0.9780351833505786,0.972789379180376,0.4700453065947122,0.8943674582456119,0.691,1.83,0.169,0.696,0.43,2.806,1.565,1.698,0.375,0.292,0.0676,2.681,0.5544,0.361,0.263,1.83,370.1,35.42,5.9,-0.488
0.31553400940967713,0.35939807688248404,0.8380709136296738,0.5617882898295716,0.9779802464209847,0.9712827849117853,0.8403125798179473,0.6316661631648446,0.9265636507179148,0.714,1.673,0.532,0.21,0.547,1.584,0.171,0.245,0.57,0.339,0.0097,3.061,0.5543,0.806,0.49,46.41,453.84,238.59,174.76,0.724
0.3487927447649156,0.46070805855425045,0.6804781167159625,0.48537197255561104,0.7460568483805323,0.9572278997582377,0.9575259568655398,0.5171996672575323,0.8805755078796763,0.343,0.121,1.517,1.3,0.416,1.729,0.997,0.47200000000000003,2.773,0.168,0.0566,2.809,0.5082,0.227,0.169,6.83,268.68,14.36,13.6,-0.796
0.3914990780569079,0.5961058969209951,0.8169387504772625,0.5655369713458216,0.8496801061061929,0.9626207254528439,0.9532413758297651,0.10121169729527446,0.9177067959668723,1.976,0.303,0.167,1.563,0.466,1.391,0.782,0.555,2.042,0.242,0.0323,5.99,0.5501,0.395,0.374,31.93,412.12,180.1,158.08,1.671
0.49574393227290053,0.26919895986098785,0.6418855976626262,0.37463292701351547,0.6826608286535962,0.9535903875151814,0.9414444404780647,0.11390623516203224,0.8542351405848376,0.472,0.786,1.287,0.333,0.527,2.86,0.602,1.179,2.712,0.075,0.0374,3.854,0.6778,0.812,0.36,14.55,254.68,31.11,13.120000000000001,-0.968
0.3588260606241683,0.6432926900277772,0.7714541091407245,0.5909539080745486,0.8038808608774934,0.9630266236173657,0.8961433583133507,0.2074470782076081,0.9329103840125853,1.236,0.715,1.787,0.443,0.798,2.96,0.846,2.822,0.878,0.338,0.0388,4.532,0.354,0.216,0.31,5.76,99.84,8.01,7.63,1.992
0.44753338729972525,0.31573567709731654,0.6246636639583392,0.42625817575411806,0.6576834547950579,0.9739608944078667,0.957718229060102,0.27401047936876666,0.8684432898601488,1.198,0.322,1.844,1.378,0.495,2.985,0.668,2.668,0.45,0.369,0.0546,4.158,0.8222,0.269,0.18,12.26,378.42,224.54,103.15,-0.479
0.42999507497856027,0.27706594441860843,0.6041830352696658,0.4158187629530622,0.7519598314349606,0.9741956291728837,0.9774856915332976,0.39265365178376055,0.8355998525296717,0.995,1.696,1.758,0.325,0.535,1.981,1.576,0.644,1.616,0.161,0.0448,2.09,0.3516,0.662,0.118,14.5,473.58,231.92,8.43,-2.389
0.2827426303180618,0.5391064682642235,0.7805737912174152,0.5956329658820569,0.875185992324059,0.9357073336401113,0.7239407762958958,0.6593969698219659,0.9405647377634577,1.479,1.992,0.738,0.885,0.727,2.204,0.326,1.284,2.66,0.446,0.0017,3.574,0.0753,0.653,0.496,37.55,226.5,182.38,150.0,1.968
0.29506033393587594,0.5992288205723593,0.5928312555106515,0.6226034063472516,0.6025948830829428,0.9965960628589072,0.9943443565834189,0.7458470545615759,0.9286938156128769,0.133,1.545,0.475,0.495,0.798,2.425,1.071,0.263,1.047,0.471,0.0445,3.111,0.3376,0.347,0.204,48.98,258.53,157.74,62.05,0.817
0.40867914753455153,0.7370938762686106,0.28525693570275346,0.6741455668310127,0.2173715081275046,0.9671248078502526,0.9542912431810701,0.824342758028784,0.9411962253948681,1.579,1.054,0.151,1.962,0.693,1.675,0.9440000000000001,0.276,1.116,0.28,0.0497,2.136,0.7585,0.347,0.146,11.8,331.09,39.71,19.42,1.404
0.341746608254049,0.7045521789107855,0.6470897766959918,0.6067837729909408,0.6627058980757815,0.9828689701379918,0.9788916774207809,0.3292868335014363,0.9407596778414775,1.382,0.396,1.448,0.78,0.406,2.387,1.858,0.735,2.618,0.204,0.002,2.232,0.0893,0.517,0.486,19.63,267.51,228.77,87.8,0.646
0.4079591757735257,0.5594550973592303,0.6516543540922215,0.5341658150522024,0.6839294670563969,0.9776533157094642,0.8368244388304527,0.1835398580390617,0.9266096642400561,1.128,0.972,0.358,0.251,0.415,1.445,1.18,0.548,0.742,0.314,0.0067,4.026,0.1222,0.557,0.233,13.14,290.35,16.08,6.470000000000001,1.256
