0.3566837923101889,0.4718617021355648,0.3569645871971413,0.5953066123336223,0.7428887652532081,0.9640798937662178,0.9855060490842065,0.7001259576134138,0.9363264357181023,1.376,0.405,0.186,1.129,0.562,2.905,0.156,0.849,0.347,0.184,0.0888,2.609,0.1113,0.36,0.482,33.69,300.02,221.45,131.39,-1.0
0.18244021112271566,0.7128423274333666,0.7511706951090515,0.7221548800317864,0.9093850685001373,0.9529533094834207,0.8709529290891672,0.8775907609948628,0.9486155928740131,0.769,0.956,1.528,0.783,0.77,2.283,1.894,1.516,2.602,0.825,0.0365,2.019,0.1677,0.163,0.414,32.68,280.68,166.25,28.44,-0.143
0.283391820964207,0.47543902522681813,0.6269348950536437,0.6119390029397438,0.9065014440473099,0.9487810128080832,0.9681760265096192,0.7636545572865017,0.9034755518125779,1.098,1.05,0.112,1.891,0.744,2.351,0.091,2.324,0.63,0.068,0.0355,5.87,0.08,0.13,0.211,3.18,83.53,51.91,19.58,-0.744
0.29865774358675173,0.45936948401123723,0.5584189246282146,0.6019737039801004,0.9424691266025629,0.9877448423493769,0.8933959527337783,0.7805837017712587,0.9299748326550792,1.161,1.48,0.545,1.385,0.759,1.313,0.194,0.95,1.252,0.173,0.018,1.969,0.9121,0.705,0.264,27.4,213.06,95.95,42.42,-1.795
0.3095718119935152,0.5368897566468499,0.4619944815819489,0.6285915590720745,0.7886839899753548,0.9589952129492253,0.9925428379518316,0.7289478068433983,0.929632112625483,1.417,1.328,1.92,1.876,0.613,1.197,0.28800000000000003,0.539,1.805,0.089,0.0761,1.974,0.8788,0.767,0.341,22.53,216.33,200.67000000000002,98.59,-1.825
0.29712685612458023,0.4742469152221118,0.5465969472575851,0.6198663728020415,0.8756515333109235,0.9659702118519479,0.987876355459223,0.7612409952070701,0.9224801486614803,0.159,1.155,1.728,0.471,0.498,2.503,0.27,2.2680000000000002,1.758,0.248,0.0671,4.288,0.349,0.242,0.487,29.07,180.88,39.26,36.8,-0.606
0.19129428009460886,0.6911505331589644,0.7060785359604713,0.713420024980669,0.8973313157242796,0.942054812515331,0.9691945680726423,0.8939041383171342,0.9476712266902497,1.76,1.09,1.978,1.523,0.486,1.202,0.202,0.209,1.793,0.608,0.037,2.848,0.797,0.315,0.492,20.35,164.39,162.38,45.78,0.607
0.2450068528889201,0.6333483038533813,0.5950911266373847,0.6775266327413962,0.8346328318777191,0.9506609244695696,0.9409090610745351,0.7978471604200266,0.9390494067800275,1.694,0.502,0.377,0.894,0.575,2.997,1.603,0.68,1.578,0.117,0.0611,2.322,0.0516,0.189,0.355,43.92,365.9,210.01,203.35,-1.107
0.20193458689249275,0.7205336377720979,0.7831666651732869,0.7169110437381185,0.9334616190502419,0.9550876902311211,0.7350529517124685,0.803770219297776,0.9237400349973046,0.208,1.001,1.982,0.997,0.545,1.821,0.089,1.809,0.373,0.166,0.0188,2.466,0.6014,0.282,0.453,44.15,388.81,93.35,34.46,1.542
0.28312904251296234,0.48180317918376425,0.6025206390221289,0.6136326940578034,0.9284233383397813,0.9547580469639669,0.9807458793672739,0.7750435876014146,0.9142515676150565,1.305,0.268,1.462,0.364,0.621,2.698,1.352,1.38,2.773,0.16,0.0695,3.173,0.9785,0.138,0.449,9.2,163.05,83.60000000000001,59.81,-1.447
0.35115199796332075,0.7710173570900369,0.3042694372703464,0.7332558506857635,0.4395170414601508,0.9670329931636439,0.931049348587418,0.7632404288043183,0.947103494546283,1.779,1.605,1.793,1.027,0.573,1.503,1.502,1.323,2.649,0.406,0.062,2.552,0.1237,0.187,0.379,21.240000000000002,151.21,43.980000000000004,27.64,0.82
0.19112782387095303,0.7373495627273625,0.7464485292888605,0.7317972413266451,0.8804720745229544,0.9594698611170532,0.8055646638971519,0.8312458685631887,0.9305754634675617,1.597,0.361,1.343,0.713,0.628,2.605,0.311,2.488,2.933,0.271,0.0498,1.008,0.3369,0.165,0.369,25.39,105.91,51.33,18.22,-1.092
0.4345505914197609,0.18513919120368294,0.33359762461119036,0.5305527257300788,0.8287458817037499,0.9910613020544572,0.8544407411703862,0.6486768841676693,0.9095598420663384,0.712,1.678,0.307,1.542,0.641,2.29,1.739,2.182,0.371,0.341,0.0583,5.532,0.2492,0.411,0.434,31.19,238.88,160.8,115.63000000000001,-0.574
0.5380021831736458,0.3463656701142237,0.411547336955977,0.5272602544990088,0.5915664125006264,0.612211233027087,0.6115687606975,0.07906026665166122,0.9513521978098213,1.058,1.533,0.166,0.112,0.691,1.269,1.129,0.275,1.757,0.995,0.0066,1.706,0.4997,0.141,0.225,40.49,87.19,67.86,15.25,-0.922
0.37840960316122335,0.3692757010853839,0.37934880575165886,0.5781394687177472,0.7561413474689528,0.9708069833830152,0.967994167294206,0.6593502863367553,0.9152805056636537,0.398,1.955,1.593,1.022,0.744,1.37,0.34500000000000003,0.44,2.178,0.281,0.0694,3.959,0.2766,0.156,0.112,5.62,384.12,176.7,6.25,-1.1
0.43541737177585244,0.29938210074386984,0.2491123118644042,0.5635204867161068,0.6738542716461872,0.958622749705671,0.9311788874402855,0.6093059059505108,0.9223286342284139,0.205,1.635,1.532,1.034,0.446,1.122,0.681,0.184,1.308,0.095,0.0224,5.606,0.7432,0.883,0.325,25.65,344.99,173.55,34.19,0.001
0.29606295926172477,0.5437305958916243,0.48825060274028753,0.6441842634094803,0.7651579508686253,0.9917729940051115,0.9220183129229115,0.7991845231148096,0.9459104196350729,0.495,1.328,1.861,1.957,0.513,2.352,1.46,1.081,2.063,0.303,0.0207,3.361,0.023,0.596,0.173,12.97,132.45,66.3,13.23,0.825
0.31473913142501597,0.578205402216837,0.6700927512587167,0.6430419834798076,0.8663376095489396,0.9680990393245431,0.6000967277126887,0.5650350592032256,0.8984281883064741,0.928,1.841,0.567,1.448,0.482,1.199,1.002,0.984,0.359,0.313,0.014,2.036,0.1389,0.182,0.422,40.81,367.26,127.69,117.88000000000001,1.695
0.512279956707197,0.22428710779099714,0.06502262046857554,0.5181780430419002,0.5598389145882996,0.9369490065543365,0.6848158098930026,0.6970667518847011,0.9494667695728631,1.059,1.609,1.964,0.105,0.737,1.742,1.143,0.094,0.68,0.344,0.0254,1.94,0.8062,0.772,0.102,38.22,102.81,41.07,9.74,-0.824
0.27834813203765285,0.48422534598818656,0.6487558048188905,0.6318906103797819,0.9787915339439797,0.8927933770598642,0.7514183546879779,0.8643466234865094,0.9472436942670959,0.677,0.838,1.475,0.474,0.489,1.491,0.375,1.252,0.499,0.48,0.0172,2.006,0.4707,0.505,0.265,28.29,121.19,92.17,58.09,-0.912
0.5227805693482539,0.28127248225855106,0.36969721191013316,0.5000019059395567,0.6491855065341043,0.8430346885455953,0.6025810273133168,0.163042348010635,0.8719438517393456,1.789,0.674,1.239,1.726,0.768,1.895,1.862,1.51,1.814,0.604,0.0135,5.297,0.0548,0.206,0.448,44.57,73.59,65.58,56.98,-1.878
0.48679991906677655,0.21584446489212772,0.19462629603402914,0.5648638550418055,0.5286569405558017,0.7492311268061534,0.679995250460252,0.7720108397738603,0.9409092702671903,0.411,1.134,1.021,0.547,0.585,1.709,0.381,1.665,1.593,0.753,0.0422,1.661,0.8118,0.569,0.44,26.81,250.81,69.4,40.09,-0.08
0.46167531004263923,0.31381507466705405,0.19910931361297712,0.5878510557340391,0.4948046902891846,0.8269627430534555,0.733095793918815,0.7601122466000967,0.9048046378857602,1.838,1.103,1.04,1.775,0.524,1.322,0.895,0.532,1.354,0.57,0.0238,1.293,0.2985,0.728,0.403,21.33,256.92,106.34,80.97,0.389
0.4355423522406464,0.5850370738342189,0.1508062614960083,0.6621601414217406,0.33654234828340324,0.9623404173450061,0.9859319386904917,0.7448198945011888,0.9433605902798342,0.793,1.88,1.166,1.324,0.736,1.047,0.229,0.262,2.582,0.685,0.0487,4.071,0.6089,0.236,0.265,1.77,245.78,6.84,4.95,1.697
0.28782782636450555,0.697999004127811,0.4500208621731995,0.6983250520317574,0.6520056560129815,0.9753548814666558,0.9713487459673998,0.7694174903792788,0.9512886066872196,0.802,1.837,1.499,0.547,0.415,1.117,0.084,0.971,0.677,0.575,0.0609,2.442,0.1079,0.134,0.256,20.61,121.71,101.27,88.08000000000001,-0.234
0.24230400417603248,0.6297630651244515,0.6031602307835845,0.6772498316313565,0.8454121153915319,0.950256825112932,0.9514803318648478,0.8049703839658898,0.9351734998922585,0.267,1.873,1.044,0.415,0.457,1.648,1.196,1.526,1.191,0.086,0.0565,2.597,0.6896,0.239,0.27,36.13,363.86,160.67,70.25,-1.131
0.48758653053598516,0.26096700968257824,0.12129335949481646,0.5419706764533736,0.5274428396144988,0.8700494256844239,0.8043409283717184,0.6964534138947845,0.9432673624460389,0.986,1.126,1.469,1.777,0.423,2.257,1.715,2.207,1.537,0.617,0.0538,2.991,0.4393,0.494,0.366,21.05,313.6,159.05,143.92000000000002,-0.315
0.4557222648904888,0.7006622037903711,0.09571393081075086,0.6874969538900269,0.24417099958669986,0.9944066492378729,0.9857955931521718,0.7258158785229238,0.9011049260308148,1.139,1.659,1.626,1.774,0.519,2.215,1.522,0.439,0.308,0.256,0.0165,2.074,0.148,0.779,0.123,48.87,328.0,62.02,46.65,1.69
0.48198308504572746,0.10196459145456116,0.2692449262582589,0.4881623155592162,0.8917144934692766,0.9593312799561698,0.8368023321626963,0.5489641585991369,0.8878988786101447,1.815,0.315,1.762,0.197,0.533,2.751,1.049,1.683,1.654,0.913,0.0905,4.169,0.7095,0.117,0.291,31.9,238.24,111.5,54.79,-1.736
0.2865090190825248,0.5010251192592181,0.5580283356017127,0.6261342202917677,0.8722805074759061,0.9864992081847151,0.994803356203656,0.7760392636045677,0.9230007633599654,1.65,0.719,0.211,0.119,0.672,2.439,1.052,0.561,1.333,0.527,0.064,4.401,0.9421,0.148,0.451,7.87,290.48,243.59,232.16,-0.402
0.27156901146043405,0.6431696612192184,0.502433615618908,0.6787055972195899,0.7282694109276361,0.9944106250365524,0.9804253170245312,0.8132447314682247,0.9476733299529102,1.95,1.559,1.977,1.382,0.467,1.901,0.316,0.712,2.862,0.33,0.046,2.611,0.2163,0.499,0.495,9.0,241.97,50.3,38.75,0.235
0.5214225389951015,0.32548451866212835,0.001304439920415068,0.5580418695175065,0.4038854838843229,0.997593115316808,0.9614264105730069,0.5936440500212355,0.9265876121629677,0.212,1.876,0.949,1.826,0.433,2.811,0.408,1.13,1.377,0.494,0.0934,5.21,0.5256,0.244,0.382,47.05,288.17,240.24,153.58,0.039
0.24576700011178226,0.6442488865198492,0.7288017859640878,0.6756308109361655,0.8488825431778619,0.9565953974044635,0.7363008249985655,0.716442137174857,0.9432030973579881,1.483,1.04,0.438,0.119,0.755,2.242,0.811,1.916,2.455,0.263,0.0126,4.984,0.9105,0.127,0.132,36.03,297.02,124.6,10.83,1.193
0.39765003334525845,0.23828806817339854,0.4635657203390522,0.5416715517699633,0.9615687833466894,0.9942368225676559,0.7331617879649972,0.6798700186075063,0.8914798949475771,1.614,1.232,0.928,0.627,0.633,2.137,1.119,1.04,1.564,0.222,0.0267,3.826,0.9478,0.612,0.474,40.92,382.38,113.78,47.51,-1.692
0.5651772128375335,0.0003183283917899127,0.30911200605263334,0.4818321481544072,0.9886161179452819,0.8696369546905227,0.18058665390644868,0.6562136124319911,0.941150705324055,0.632,1.094,0.571,1.832,0.454,2.368,0.396,0.479,0.48,0.446,0.0032,2.911,0.7699,0.671,0.289,13.98,95.96,51.74,44.49,-0.49
0.42987551467449386,0.4869132082923623,0.5777785644950655,0.5978192006141498,0.7328053236426004,0.9528569289271565,0.3934036015202992,0.3457076637856904,0.9265686918765268,1.458,1.173,1.461,1.352,0.478,2.484,1.455,1.879,1.734,0.208,0.0108,1.732,0.157,0.118,0.335,23.92,151.44,123.09,39.83,0.657
0.48043049616591815,0.10618841039906457,0.2777677260507494,0.4907445268034659,0.8977049173070929,0.968933209703032,0.8597574330510177,0.5292073771286017,0.8820812134845124,0.437,1.309,0.381,1.458,0.426,2.337,0.568,0.031,2.154,0.335,0.0769,5.57,0.1931,0.111,0.279,16.88,190.29,76.34,22.31,-1.525
0.318301341563724,0.3995795892820694,0.5568590271911977,0.6096337930269147,0.8997074118624142,0.9178730076256572,0.7656154965149774,0.8379635766844699,0.9428489603912797,1.947,0.678,1.192,1.839,0.535,1.653,1.189,0.995,1.723,0.495,0.0155,4.232,0.4852,0.556,0.198,33.36,269.54,141.54,37.59,1.137
0.40446418988216915,0.2634467948109669,0.5298985016281662,0.5546947217301569,0.9294743691460324,0.7240995452580135,0.5703612091932885,0.731536107557347,0.904239173822733,0.465,1.073,1.214,0.652,0.551,2.365,0.778,1.409,2.435,0.834,0.0255,3.052,0.2003,0.294,0.418,35.34,94.87,54.83,46.82,-1.909
0.35502697771439956,0.39534236813691226,0.4094849184459034,0.5975606224149905,0.7598835475301792,0.9539737266154243,0.9624802667766734,0.7435040769369773,0.9285531261805507,0.456,0.988,0.376,1.838,0.428,2.269,1.721,1.8900000000000001,1.145,0.636,0.0366,5.804,0.5463,0.254,0.09,5.29,375.72,63.32,36.22,0.337
0.18646168231105809,0.7694908248568123,0.706631629749098,0.7454378423956177,0.837638754163032,0.9558555628534711,0.8515224981612577,0.8542841381182057,0.9494657269553209,0.154,1.843,1.798,1.079,0.492,2.097,1.959,0.744,1.039,0.178,0.0562,1.523,0.3432,0.231,0.434,2.42,287.84,113.92,71.59,-0.945
0.34982129476674184,0.5071686237027897,0.3679570113046855,0.6199037245934492,0.6968207100126306,0.9599255270720523,0.9829471684012964,0.6928507993878786,0.9366742799606667,0.6,0.582,0.826,2.0,0.792,1.624,1.228,0.262,0.355,0.272,0.0652,3.008,0.1345,0.124,0.124,22.61,181.6,144.93,64.65,-0.699
0.30331739728173096,0.5356400202896036,0.6257751389611519,0.6136401987563849,0.7553622281546575,0.9979725062487745,0.8448633174198206,0.6271973616507639,0.9096547346541238,1.631,1.265,1.87,0.148,0.514,2.036,1.903,1.467,1.351,0.438,0.0134,3.294,0.3491,0.133,0.094,7.98,218.61,190.74,46.55,-1.606
0.33555586366550594,0.4623811336503264,0.6113718708272636,0.5993892907072372,0.8754569533769228,0.9042743947214039,0.7852636450684194,0.5425494654152445,0.8579435436395895,1.301,0.333,1.413,1.192,0.605,1.629,1.448,1.561,2.287,0.739,0.0116,1.004,0.4677,0.184,0.186,32.01,176.81,48.0,19.96,0.551
0.4386772359273103,0.1474858407800388,0.40464525546637153,0.5304128413786404,0.8676969290099628,0.7354088415260844,0.6944054687198289,0.7722277897668788,0.9294224222822364,1.799,0.829,1.529,0.716,0.718,1.754,1.055,0.6,1.952,0.886,0.0377,2.593,0.0636,0.378,0.105,27.8,157.31,138.48,106.36,-1.331
0.21323718589810292,0.7612253379580822,0.6768236479502492,0.7361232748941408,0.825634442321336,0.9539350994473269,0.7630236746270627,0.8218849316862712,0.8892503694238967,1.297,0.176,1.557,0.175,0.574,2.476,1.986,1.513,0.672,0.132,0.0281,1.558,0.4408,0.436,0.384,10.06,286.79,58.58,13.41,1.206
0.4900601214129358,0.12959726595398258,0.21528984174411003,0.5018267111696506,0.8053830535336703,0.9733248270325657,0.7434083248633854,0.5648203914819244,0.9230850920744371,1.46,1.864,0.489,1.388,0.619,2.974,1.815,2.214,2.361,0.124,0.0143,4.159,0.3592,0.88,0.239,10.89,166.72,16.97,14.770000000000001,-0.653
0.2662069141640559,0.5772639099176655,0.5534527951139983,0.642811892347815,0.8717308491084311,0.9950222876637477,0.9224385372886867,0.8095343983026959,0.9503538694975954,1.111,0.997,1.947,0.961,0.617,2.276,1.482,1.058,2.44,0.229,0.0185,1.621,0.0596,0.729,0.273,43.85,178.27,105.92,36.64,-1.095
0.27539571587131295,0.48447898331663963,0.6492322302930618,0.6201209018422066,0.9047438431732672,0.9748943132130674,0.939526539067801,0.7718451451848589,0.9093434047501187,1.108,0.55,1.579,1.425,0.756,1.41,1.0,0.0,0.997,0.377,0.0228,4.623,0.3163,0.308,0.362,16.01,310.75,207.34,126.61,-0.918
0.37837466434425493,0.36240160626288065,0.3737156072678389,0.5728495704147919,0.797768845069724,0.9646083291698009,0.9729695419657775,0.6614835047646996,0.9184912423501088,0.247,0.482,0.952,0.885,0.594,1.467,1.307,1.385,1.858,0.188,0.0644,3.619,0.9706,0.317,0.265,10.64,379.42,124.3,88.76,-1.031
0.3348297986403415,0.364462894818561,0.5148002502028854,0.5894018617073518,0.8834121224937773,0.896607582421546,0.9282967747070809,0.7708380921325121,0.9161450401211658,1.922,1.895,1.924,0.391,0.519,2.849,0.2,0.898,1.44,0.751,0.0432,4.159,0.5378,0.266,0.216,41.76,357.54,115.96,34.910000000000004,-0.874
0.2649725805350263,0.5528985957021992,0.6589420548618466,0.6247614454243209,0.8415604789233795,0.9963668947992194,0.9679296773877567,0.7349726396262977,0.9090313331709017,0.822,1.429,0.922,1.158,0.784,2.527,0.735,0.9390000000000001,1.909,0.588,0.0359,5.368,0.7156,0.114,0.5,13.02,126.87,19.12,17.04,-0.577
0.43558815611784896,0.29129576217138686,0.44238956215523295,0.528516202881745,0.7568914240041483,0.9944110584805225,0.8041883227108815,0.39383672691537985,0.8677157478874082,0.301,0.385,1.38,1.744,0.462,2.12,1.334,2.055,1.678,0.198,0.0079,5.384,0.0991,0.346,0.186,33.56,235.17,228.23,199.17,-1.996
0.2900620164543319,0.5616398367467847,0.5027115962484838,0.6412701601151587,0.7866597528680637,0.9710986975293402,0.9951235630798481,0.7661898369421823,0.9375101484837056,1.104,1.818,1.807,1.525,0.715,1.907,0.862,1.786,2.267,0.173,0.0501,2.475,0.9428,0.534,0.325,43.29,211.81,146.27,104.04,-0.962
0.43740529291214264,0.3276106218856232,0.47870273747749814,0.5466424768745084,0.8451090085705162,0.8765483543360857,0.42690124209468516,0.5229167925049627,0.9230996396498664,0.994,1.666,1.965,0.789,0.48,1.402,1.129,0.126,1.887,0.455,0.0095,2.781,0.1883,0.401,0.392,30.96,99.57,79.68,74.27,-1.511
0.3946074651128934,0.370257629320763,0.3078510384255071,0.5711640240138739,0.7206817876381282,0.9087355193720101,0.9373128440924634,0.6973981134700015,0.9342046428944917,1.049,1.421,0.271,0.912,0.461,2.104,0.923,0.508,1.675,0.814,0.0604,2.548,0.1687,0.227,0.068,3.6,366.5,157.64,100.13,-1.196
0.43447057709948844,0.2730183847163917,0.24804650053990895,0.5298180264981752,0.7808208808187714,0.9296796259745387,0.9023108202559478,0.6453155338351269,0.9176510550236295,0.313,0.73,0.771,1.676,0.564,1.67,0.616,0.212,0.816,0.656,0.0995,2.326,0.7526,0.275,0.394,29.78,248.59,156.83,64.56,-1.939
0.26434137856201423,0.5792922340500186,0.5629835348813634,0.6589591558363499,0.8216567408645385,0.975745757142228,0.9955017350006533,0.8060107415280062,0.9316114798297221,0.18,1.878,1.859,0.526,0.434,1.038,0.554,0.617,1.423,0.822,0.0576,3.541,0.0319,0.145,0.356,22.6,359.02,109.39,80.59,-0.484
0.48571608324633314,0.735134672312761,0.05562499948108468,0.709103890367361,0.17475066050480625,0.9493568020237125,0.7966580430075099,0.6730108808823951,0.9058111639071037,0.752,0.49,1.45,1.425,0.723,2.891,0.314,2.228,1.686,0.103,0.08,1.402,0.9977,0.212,0.406,16.68,123.88,39.28,12.65,0.715
0.5449845594180409,0.10320641794633845,0.12326894886339068,0.554847097707668,0.42675838946822875,0.7582589485263129,0.6729624110851162,0.7069435138714071,0.8414824295681378,1.46,0.718,0.654,0.25,0.504,2.062,0.062,1.861,0.751,0.673,0.0158,1.08,0.7719,0.723,0.156,11.03,305.4,99.08,37.72,1.039
0.3127626863997347,0.3989419749659594,0.5913761273340159,0.5921872854339165,0.9346049282462232,0.9593416947235129,0.9394362800852212,0.7389253392288375,0.8987527815919193,0.715,1.394,0.315,0.753,0.488,1.097,0.683,0.816,0.747,0.489,0.0305,4.95,0.8161,0.254,0.396,22.53,103.98,89.28,62.85,-1.154
0.35520220940845976,0.5858893244008709,0.3167827796901498,0.6427734404730132,0.6028520816617071,0.9863265562462997,0.997908965676513,0.7122759243694734,0.9474481996680495,0.997,1.192,1.22,1.211,0.731,1.208,0.588,0.634,1.568,0.34,0.0707,2.071,0.8281,0.306,0.193,22.79,136.19,131.66,122.59,-0.787
0.4602125859115457,0.2880036780420465,0.17269162222111212,0.5487108180020461,0.6018338090731518,0.922830082515262,0.9443815389990871,0.644064152007259,0.9289373460547278,1.805,0.306,1.264,0.146,0.522,2.683,0.154,2.305,1.739,0.898,0.0997,4.458,0.1482,0.21,0.466,39.86,370.14,199.26,81.26,-0.201
0.20554249411789421,0.765886308263016,0.6479997488876175,0.7384078408607317,0.7894479801861068,0.9693101996508883,0.9299814258483926,0.8203941883041949,0.9083320408960642,1.634,0.22,1.827,0.805,0.633,2.388,1.401,1.599,1.543,0.165,0.0195,1.189,0.9172,0.633,0.083,46.6,239.61,60.44,10.52,0.034
0.46235171939480674,0.45253659380519584,0.4700882134767266,0.5550619946723935,0.5893831085361598,0.9164588142022608,0.8314963828224176,0.1492283995292164,0.9377967704568971,1.203,1.897,1.512,1.778,0.722,2.641,0.246,1.054,1.024,0.638,0.0121,3.265,0.6534,0.13,0.442,9.33,336.44,246.39,166.01,-0.375
0.23872816386848456,0.7824555691688435,0.5503037493964846,0.7450149634307649,0.690508846980695,0.9720093985545996,0.9348168447913361,0.8057517831196582,0.9469909189404746,1.758,1.616,1.172,0.612,0.42,2.984,1.806,1.593,0.461,0.244,0.0423,1.873,0.3913,0.404,0.346,14.45,320.43,183.36,141.31,-0.121
0.2929142971399685,0.49573539287445845,0.536908838702985,0.6350372165349171,0.8364237150433466,0.962426427342362,0.9708915884910486,0.7736390073734692,0.9351875027435567,0.176,0.107,0.88,1.391,0.763,2.537,1.736,2.023,1.596,0.154,0.0368,5.852,0.3668,0.473,0.421,14.82,236.92,54.69,30.98,0.914
0.2893532993714998,0.6919092185603899,0.44851711424076,0.6985431896039447,0.6602935620979518,0.9526277858826255,0.9583341385235684,0.7590156387804999,0.9508161973574004,0.837,1.543,0.717,1.897,0.698,2.333,0.558,1.466,0.251,0.088,0.0579,1.815,0.8943,0.475,0.137,41.2,280.67,121.94,12.16,-0.83
0.20446584769731443,0.6742100796282409,0.7478783524310092,0.6932596279272506,0.8987512563715522,0.972406924226627,0.9770473045206718,0.7642336208514999,0.9405785218540681,1.546,0.382,0.172,0.302,0.59,2.297,0.099,0.778,0.69,0.186,0.0114,4.358,0.2896,0.366,0.355,16.1,59.54,21.6,17.99,1.488
0.41212243770469353,0.23147552271917315,0.405040989708084,0.5578401710847224,0.8181732416944181,0.9642105440333354,0.6600940533336204,0.7446875747951265,0.9401211504276211,0.135,0.82,1.133,0.448,0.689,2.976,1.117,1.863,1.485,0.35,0.0141,4.627,0.5418,0.683,0.214,14.99,80.33,34.65,22.34,1.483
0.4081251973735652,0.24788757496988678,0.3973391523431373,0.533827346715837,0.9156309639227946,0.9606138853589518,0.6942350109791036,0.7211057221614465,0.9200273359242159,1.659,0.496,1.902,1.735,0.555,2.118,0.074,1.057,2.458,0.291,0.0263,2.671,0.7512,0.682,0.408,20.21,348.19,219.39,102.58,-1.625
0.2672680066240799,0.5721067949948937,0.5647689337407272,0.6529158423074166,0.8351897293219486,0.948373013092689,0.9604343548851679,0.7934078100785262,0.9336835905482297,0.35,0.878,0.548,0.162,0.741,2.92,0.867,0.462,2.748,0.059,0.0391,4.09,0.5564,0.525,0.26,28.81,95.56,84.1,83.60000000000001,-0.07
0.600186779016429,0.1510292731370818,0.38074128844757527,0.49871478659046975,0.8117326595817167,0.694119886371878,0.012796163204786382,0.3547733444499047,0.920139134957801,0.491,0.373,0.26,0.41,0.694,2.926,0.657,2.6350000000000002,1.053,0.728,0.0063,4.083,0.2043,0.324,0.331,17.4,366.97,186.48,67.28,-0.818
0.3656416824142921,0.5128010977320945,0.5780755176027698,0.5980057433072472,0.6703889472833109,0.9616651703667228,0.7357292308525482,0.44509725340671624,0.9314493261865449,0.663,0.162,1.46,1.007,0.483,2.287,1.168,1.258,0.389,0.193,0.0123,3.085,0.1879,0.158,0.351,3.17,307.02,207.67,108.09,-0.786
0.36701306512654047,0.3333494401056477,0.4381480616933974,0.5673150241071638,0.8964796466843558,0.9707753847293732,0.9156573351403151,0.6795505523524965,0.9056613200359116,1.018,1.349,1.712,0.946,0.407,1.846,1.331,0.425,1.186,0.119,0.0289,3.406,0.715,0.803,0.492,12.28,326.51,217.8,146.86,-1.608
0.19872861528881197,0.7007797572118045,0.7747216495295579,0.704720445297481,0.8955862335854841,0.9641352499872826,0.7858180377269822,0.83379231288882,0.9472366335576186,1.948,0.748,1.025,1.823,0.546,2.447,1.089,0.391,0.436,0.406,0.0211,3.211,0.5013,0.109,0.257,12.93,118.76,31.06,9.29,0.161
0.5242548784223862,0.10330924993547164,0.10516957465585708,0.4924243181754443,0.6679107353524837,0.9592277886020065,0.7401250320973556,0.6109336687947695,0.9259507305334588,0.914,1.462,0.594,1.69,0.779,1.564,0.017,0.456,2.937,0.376,0.0647,3.456,0.9464,0.555,0.375,24.21,130.05,62.26,24.45,-0.768
0.4310899821930237,0.25993623361100426,0.269417068825508,0.5270068910777177,0.8124203053896447,0.9877630494306234,0.9165773948379754,0.6369050118855422,0.913935390497032,0.228,0.367,0.471,0.372,0.726,2.395,0.521,0.958,0.247,0.225,0.0446,2.884,0.9345,0.522,0.086,45.07,359.51,244.78,70.49,-1.629
0.5017810919106618,0.6811901392566748,0.04736313404246251,0.6792154961162976,0.193226547350967,0.9681827896681602,0.7088186468791389,0.6129301956093614,0.8746631047013181,0.391,1.794,1.277,0.627,0.551,1.64,1.072,0.72,0.636,0.41,0.0376,1.407,0.107,0.207,0.112,28.39,293.4,216.68,51.79,1.143
0.42817578005747936,0.19297225640681215,0.3585597930796772,0.5223757910301894,0.8866617797423986,0.9580400987061166,0.7575119904436535,0.6898117064756456,0.9213336899326748,1.085,0.158,0.417,1.429,0.552,1.045,0.377,0.256,1.962,0.38,0.0431,3.968,0.9266,0.516,0.458,42.21,154.86,121.62,70.46,-0.687
0.2432519653618746,0.5707370452607553,0.6829575091220985,0.6412128346533092,0.872197262412108,0.9478242693142211,0.963858818916878,0.8216019594916373,0.9124020466368566,1.998,1.089,1.32,1.035,0.686,1.541,0.914,0.238,1.804,0.832,0.0404,2.523,0.9856,0.116,0.446,16.75,341.63,30.11,29.300000000000004,-1.915
0.4003175148768995,0.625380362766389,0.2073212443839545,0.6548161616235673,0.4514317875719769,0.9685693796282183,0.9904625221769048,0.7009181926730395,0.9476007756280453,0.54,1.246,1.935,0.874,0.748,1.011,0.035,0.026,0.356,0.14,0.0901,1.392,0.0511,0.596,0.276,1.85,345.89,31.85,19.45,-1.253
0.2902953617732308,0.7490122348852338,0.447178079510571,0.7174247092564108,0.6037519454501249,0.9886659580179095,0.8505329516993999,0.7954374187262312,0.9337563726886573,0.55,1.312,1.681,1.057,0.54,1.065,0.362,1.058,0.972,0.629,0.0504,3.188,0.3393,0.184,0.493,1.37,151.98,79.16,54.38,1.777
0.5205097669482687,0.0695648755923417,0.15167807997005756,0.47873668388187063,0.789978581890059,0.9639019420366375,0.7237517756045504,0.5761230151812736,0.9052822675061029,1.419,1.939,1.599,0.158,0.461,1.551,1.178,1.039,1.673,0.407,0.0979,3.661,0.9507,0.428,0.476,25.61,215.9,55.69,53.74,-1.414
0.36544348155121364,0.5198960357421625,0.6045939158709495,0.6166595790082378,0.8146459080547162,0.7937264756126716,0.4975575318891311,0.5519183320822149,0.9331769628921335,1.726,0.908,0.272,1.22,0.553,2.471,0.211,1.604,2.59,0.637,0.003,2.846,0.7058,0.356,0.363,23.14,364.9,141.07,57.85,1.618
0.41207775873921954,0.36116309829425797,0.2703410574303038,0.578997267889848,0.6347918037184812,0.9243651313644343,0.9724360510662514,0.6900069112229645,0.9310548933708342,1.631,0.722,1.094,0.812,0.641,2.142,0.997,0.368,1.568,0.908,0.0825,4.821,0.9295,0.209,0.481,15.58,286.59,101.79,69.26,0.252
0.26820435216943067,0.544444629135076,0.5859976230754643,0.6296502262907198,0.9381508710468275,0.9597423674393731,0.9738589114685665,0.776345389327971,0.9431647630838473,0.962,0.309,0.938,1.156,0.407,2.181,0.092,0.17,2.24,0.089,0.0058,1.875,0.6474,0.871,0.237,13.75,343.33,34.03,16.75,-1.332
0.34289280264764105,0.35015026818100303,0.5210925108978095,0.5725403428296384,0.9187574617616213,0.9540699130832108,0.9722829133324139,0.7058982858660418,0.8987527815919193,0.594,0.358,0.548,0.457,0.789,1.152,0.502,0.923,0.215,0.172,0.0562,5.01,0.7102,0.112,0.305,8.8,233.13,106.65,82.25,-1.155
0.26603012954562133,0.5793411621254185,0.5564441085854708,0.674455373390328,0.7707319535827238,0.914367602104661,0.9647177785033108,0.8509757232055486,0.9438623735951731,0.764,1.005,1.19,1.882,0.733,2.967,0.353,2.138,1.468,0.671,0.0358,3.604,0.2444,0.301,0.351,1.4,301.54,6.33,6.27,1.26
0.30951959059880224,0.4872207734336026,0.5988281009182597,0.6076324097387618,0.8887399736511538,0.9649666710992942,0.7263881682766982,0.6892754887251054,0.9402841892436024,0.496,1.302,1.39,0.732,0.636,2.993,0.409,0.353,2.029,0.299,0.0075,2.325,0.7964,0.462,0.087,33.59,61.66,35.54,20.18,-0.988
0.38543775385405193,0.2683566333639914,0.44267465825555363,0.5512412270878904,0.8964440150411132,0.973413342822824,0.9163373157538258,0.6633324701849774,0.9029178426169419,1.545,0.27,1.444,0.878,0.643,1.252,0.111,0.292,0.868,0.188,0.0504,4.79,0.4521,0.462,0.367,24.31,229.99,128.79000000000002,42.67,-1.1
0.4222003838859887,0.6226037241343201,0.16966321737119872,0.6684309377126003,0.3746368956937455,0.9605334778335509,0.9945719328463754,0.7030175606090494,0.9422462406510481,0.39,1.955,1.822,0.969,0.418,2.989,0.909,2.324,0.471,0.18,0.0363,4.387,0.3163,0.467,0.157,26.01,140.16,87.46,13.4,1.318
0.47626290973774044,0.7450416134104516,0.038655321840379786,0.7133528351251405,0.18616394067963216,0.9542909517924492,0.9525898974264143,0.7311878807676788,0.9341912963541036,0.632,0.191,1.68,1.111,0.671,1.921,0.882,0.079,0.652,0.119,0.0522,1.998,0.8259,0.376,0.055,10.96,86.73,17.53,13.54,0.804
0.5661206838313195,0.26155420505851923,0.35248086256095346,0.49626859141932345,0.5954517923450628,0.6620289625713002,0.5686200020434391,0.06740221171138261,0.8909061868362135,1.924,0.176,0.929,1.736,0.62,1.956,0.038,1.736,1.98,0.961,0.0076,4.97,0.2485,0.141,0.225,25.84,135.6,132.8,115.65,-1.488
0.3143908652697127,0.4893035670912198,0.4900239894990116,0.6278592883912057,0.7777834944889108,0.9501050129200932,0.9745914258664592,0.7290790665491762,0.9262137591910005,1.88,1.96,1.305,0.18,0.625,1.305,1.051,0.945,2.589,0.063,0.0404,5.838,0.4316,0.691,0.32,24.83,322.46,79.36,55.64,0.215
0.39004637040754353,0.2854543895444699,0.6308791401800581,0.5928919780199051,0.9684607218074495,0.7167303506540077,0.4680360665507355,0.8081879453839412,0.9407304689371642,1.628,1.859,1.275,1.552,0.489,2.329,1.157,0.399,1.421,0.838,0.0113,4.819,0.5322,0.365,0.179,7.03,126.47,12.72,6.26,1.679
0.2410045414909271,0.6233144492408309,0.7272187044057585,0.6770085471392755,0.8945106526537511,0.9975156398430048,0.8903979256674563,0.6955679514264624,0.8320275831854571,0.179,0.366,0.282,1.765,0.513,1.498,1.088,1.103,0.842,0.252,0.012,1.116,0.9147,0.361,0.484,7.66,62.11,13.51,6.09,1.3
0.18559417474208284,0.6652949016963333,0.7616644667481884,0.7040090518213871,0.9749718938264728,0.9631451997289585,0.9318234441395868,0.9037826865706912,0.9431747031085826,0.438,1.883,0.893,0.928,0.54,2.969,2.0,1.927,1.157,0.424,0.0145,3.849,0.118,0.41,0.232,4.36,121.88,61.68,54.29,1.47
0.31572705983174976,0.42030411495837083,0.565191931633928,0.6503234033763732,0.8204700528971126,0.7377496055694188,0.8497507066621948,0.8481080495420505,0.9413721332888171,0.718,1.899,1.915,1.563,0.579,1.283,0.677,1.226,0.988,0.903,0.0323,1.452,0.6833,0.375,0.271,43.02,266.43,222.56,60.95,-0.286
0.35369307358621327,0.3715999360788891,0.4521990902687242,0.578854135541401,0.8697031614592945,0.9571725850047998,0.9756099426317693,0.6853741299720566,0.8997092245731954,0.37,1.543,0.89,0.904,0.558,2.555,0.355,0.188,0.691,0.151,0.065,3.631,0.1792,0.165,0.171,44.06,270.9,187.94,162.27,-1.686
0.39481044881075106,0.31779311438886537,0.362323668142958,0.5718140396752369,0.7319703987069097,0.9442764360094544,0.9660359492449858,0.6689889165221586,0.9228320569534695,1.952,1.968,1.537,1.111,0.794,1.181,0.896,0.6960000000000001,2.528,0.957,0.0605,4.957,0.0797,0.14,0.138,7.15,188.24,149.16,41.72,-0.329
0.43697957684978433,0.15814883921570932,0.41435840512714206,0.5203777694386975,0.9170250299987163,0.9710433100641362,0.8311794335967445,0.5623267454183971,0.8654612728344482,0.992,1.041,1.635,1.941,0.716,1.495,0.139,1.291,0.271,0.141,0.0309,5.895,0.1972,0.521,0.054,36.79,314.0,51.3,8.34,-1.958
0.3155006722640853,0.6912609382348505,0.3860249286515749,0.6917157439726216,0.5908089344648313,0.974808179832952,0.9832983746166587,0.7580134453940088,0.9542548170429318,1.72,1.177,0.191,1.84,0.796,2.169,0.775,1.68,1.046,0.441,0.0936,2.183,0.5486,0.165,0.467,29.3,326.6,221.58,121.64000000000001,-0.354
0.18559607180799448,0.7049430863351538,0.7653882912665735,0.7106997330455209,0.9164975831604842,0.9480225909529241,0.8562857793462322,0.8751840121021643,0.9378371364400689,0.16,1.401,0.305,0.764,0.706,1.599,0.29,0.457,0.219,0.13,0.0272,5.781,0.1845,0.135,0.37,17.43,169.92,65.95,32.66,1.088
0.14621538827682773,0.7801985870990841,0.7817621018434961,0.7545314806891488,0.9431242266767834,0.9970440127522388,0.9771406710124471,0.9200676105636679,0.9315824904034556,1.285,1.738,0.785,1.811,0.578,2.19,1.23,1.973,2.772,0.305,0.0196,2.072,0.3898,0.512,0.379,48.32,162.6,108.97,7.03,0.918
0.4679989977291553,0.3243760986573725,0.14810502185367314,0.5952034131788639,0.44773919837384246,0.8503494088643924,0.899301170922967,0.7454998271863037,0.9380837350459769,1.138,1.474,1.228,0.651,0.593,1.931,1.048,0.156,1.465,0.882,0.0397,5.606,0.4535,0.355,0.307,26.16,140.06,66.16,54.339999999999996,1.874
0.4822342842020355,0.16104319852238913,0.3812090106869077,0.5289677361708057,0.912618157502824,0.8599035847180347,0.30351187692339177,0.8100968406412091,0.9420730234188145,1.326,0.142,1.917,1.355,0.476,1.962,0.116,1.002,1.689,0.429,0.0101,1.254,0.745,0.757,0.338,16.27,88.56,20.53,4.92,-1.005
0.18886028506833785,0.7455947974228361,0.7445419110145344,0.7212844413206057,0.9103555396931575,0.9784550016173021,0.792983069716086,0.8486724511356191,0.9414670986208792,1.053,1.667,1.933,0.464,0.609,1.783,0.14,1.094,0.995,0.554,0.0215,4.101,0.5652,0.141,0.216,22.14,278.61,44.34,9.16,1.855
0.31618585092811646,0.45824238525603167,0.49508929499110366,0.6161437938928134,0.8237345499938782,0.8556432202528303,0.9223395379864732,0.7928077910148952,0.9439815125576937,1.262,1.526,1.232,1.737,0.666,1.56,0.417,0.741,1.046,0.788,0.0745,1.67,0.6142,0.309,0.423,43.4,212.65,130.82,41.52,-1.613
0.4569078786881431,0.38574740278899033,0.44213268552980145,0.53782973111193,0.6097519354088775,0.9834994116861578,0.9137319727511244,0.2251512011239375,0.9128434127403521,0.962,0.641,1.207,1.623,0.739,1.932,0.266,1.283,2.242,0.183,0.0071,3.686,0.8771,0.299,0.425,45.85,198.85,136.41,12.1,-1.257
0.34826492324335995,0.36430265949059737,0.48377585735780704,0.5676954582036565,0.8933860219287074,0.9765810055866257,0.9147854828674656,0.7062118210933358,0.9143614254932899,0.423,1.779,0.881,0.75,0.564,1.024,0.659,0.545,0.554,0.165,0.0384,2.904,0.6239,0.501,0.132,2.05,104.5,17.24,13.99,-1.637
0.41497990491913345,0.18674037842848568,0.441214306312092,0.5331367659916674,0.9139621395764596,0.9485614436259994,0.7839634515683964,0.6600087969793346,0.882703869722296,0.26,1.869,1.659,0.916,0.713,1.974,1.141,0.804,1.998,0.413,0.0462,5.87,0.2874,0.366,0.287,3.79,297.53,230.71,117.31,-1.441
0.21066768186408913,0.6473309538707144,0.6855648683527138,0.6878628920550022,0.8993487776829815,0.9899995205991698,0.9792938129874532,0.8601941187574385,0.9354447025016931,0.118,1.445,0.715,0.318,0.708,2.613,0.965,0.094,2.181,0.566,0.0318,3.379,0.7449,0.147,0.073,26.37,213.92,61.59,41.62,-0.392
0.3650932770863511,0.34437431109418937,0.670904395779681,0.6282281945065651,0.9872293262098903,0.6421254832082199,0.5130657070634388,0.8850299608347548,0.8931300026306979,0.371,1.946,1.209,1.953,0.535,2.77,1.532,1.912,1.642,0.849,0.0067,2.059,0.3847,0.462,0.052,29.65,377.93,190.76,74.93,1.825
0.4770084845777577,0.10410063716993001,0.2603552537607067,0.5010078553630517,0.8171174370105055,0.9434921436927859,0.8534492164169253,0.6072891301224149,0.9037947696515936,0.214,0.539,1.122,0.596,0.612,2.208,1.13,0.31,2.879,0.629,0.0607,5.719,0.1422,0.275,0.281,35.32,207.68,114.42,27.22,-0.75
0.369965407632731,0.48245625722575347,0.3025658939867826,0.5930066500635269,0.7181177018537758,0.9626644495985913,0.9516697745074887,0.7022754597665597,0.9429167969912747,1.022,0.136,0.976,1.098,0.777,2.209,1.691,1.681,0.688,0.1,0.04,2.026,0.9636,0.865,0.199,31.31,55.3,34.0,29.57,-1.094
0.4879281571875466,0.642523529288316,0.001728738827064702,0.659684758513007,0.2605173647397888,0.9693479985355985,0.9973303899502712,0.6620380509855546,0.9505816614784919,1.935,0.513,1.831,0.588,0.44,1.361,1.117,0.894,1.069,0.198,0.0887,1.582,0.351,0.44,0.246,26.44,223.03,103.76,92.53,-0.711
0.294021184420069,0.7004907951732792,0.42897833863728607,0.7086559472800907,0.6100116025713773,0.9909891610232389,0.9879162980113814,0.8124213632425249,0.941426197357018,2.0,1.507,0.298,0.296,0.77,1.97,0.668,1.455,0.791,0.458,0.0374,4.193,0.3237,0.359,0.389,34.18,378.89,220.05,117.46000000000001,1.743
0.37094367444116677,0.46704982413961604,0.3235812103834812,0.6014308585294256,0.6971753807116225,0.9623813392791052,0.9857411013446625,0.6801839996486754,0.9310468022375546,1.376,1.608,0.581,1.941,0.446,2.855,1.212,2.835,2.368,0.126,0.0633,2.649,0.0473,0.645,0.39,22.12,262.03,194.37,114.14,-1.188
0.40788914006943117,0.34707388023324914,0.5034810267737296,0.5510998378442162,0.8268557822304822,0.8569745321516833,0.5387621623368977,0.5688457702971674,0.9130291820275876,1.628,1.611,1.3,0.112,0.622,1.912,0.602,0.252,1.872,0.517,0.0112,2.927,0.3609,0.331,0.104,10.42,112.66,18.259999999999998,18.19,-1.693
0.4108679218187687,0.26099149077276385,0.3621530713160078,0.5371142966575122,0.8633368192660529,0.9519237625553603,0.9025935733831364,0.6195276818602031,0.9104522945879306,1.186,0.171,0.358,1.08,0.699,1.106,0.991,0.521,0.712,0.069,0.0652,5.507,0.2464,0.346,0.278,24.91,125.19,78.17,63.38,-0.536
0.2579153846716103,0.543484367614892,0.6248658990411633,0.6392636695112954,0.9228039859079378,0.9568551861048921,0.9897828237528293,0.802840267493613,0.9218789504447685,1.848,0.936,0.215,1.438,0.444,1.573,0.224,1.025,0.603,0.101,0.0323,2.201,0.2213,0.464,0.078,3.82,251.26,172.25,128.38,-1.963
0.18589547523907468,0.7342874209767685,0.6999047186040697,0.7260208337420136,0.8778539809666638,0.989294081590377,0.9111282718959011,0.8810357903255607,0.9396083473497207,1.245,0.895,1.363,0.526,0.43,1.494,1.331,0.012,2.466,0.86,0.0344,4.935,0.1274,0.131,0.432,29.36,66.54,48.91,38.27,1.783
0.27056622076941617,0.4844246730827464,0.6613318014768789,0.6277551920417314,0.9351204029681895,0.9944488668367361,0.9165316814955122,0.7763592129006044,0.926883407737176,1.431,0.516,1.259,1.308,0.63,2.769,1.111,0.865,1.025,0.312,0.015,4.912,0.6505,0.368,0.17,16.43,287.66,42.72,23.73,-0.074
0.22686203183390555,0.6145529641491467,0.7103936936011237,0.6644612491396167,0.912475423392003,0.9094179445658264,0.9457246036372805,0.7898961738990222,0.9387752357977623,1.673,1.373,1.04,0.855,0.715,2.176,0.593,1.453,1.984,0.759,0.0233,5.183,0.0964,0.188,0.45,6.01,158.1,6.59,5.46,1.874
0.34098552331533727,0.4894008405545657,0.4063109442034232,0.6254496752848057,0.7133411159637786,0.9514280266661632,0.9802279450796796,0.7065638387797559,0.9246700107266504,0.999,1.132,1.207,0.332,0.549,2.409,1.229,2.238,1.919,0.07,0.0487,5.128,0.1181,0.714,0.347,21.26,351.17,221.59,103.61,-0.157
0.45033442834077303,0.4246015051378522,0.4478759293024581,0.546144036056886,0.6039987743410791,0.9872905232696583,0.902447453896223,0.22053869329947684,0.9197242500168281,1.026,1.654,1.384,1.31,0.675,1.476,1.353,1.419,0.873,0.181,0.0064,2.544,0.6204,0.307,0.256,24.89,192.88,29.07,8.0,-1.718
0.32012687801116047,0.5101706911065911,0.4548866883189605,0.6332232511601422,0.7449449921661706,0.9516601062795789,0.9756704051336266,0.7263056715786752,0.9268360105885404,1.85,1.538,0.5,0.992,0.602,1.054,0.33,1.043,1.861,0.151,0.0786,4.802,0.4941,0.143,0.455,11.89,299.27,167.1,121.42,-0.148
0.41642339210739854,0.42661644619333705,0.22121847616906842,0.5872280865386904,0.6102285057535637,0.9096976410315765,0.8273730618846705,0.7016258584636215,0.9479039741251403,1.518,1.273,1.911,0.923,0.537,1.805,1.727,1.126,2.577,0.474,0.0816,1.188,0.2846,0.524,0.396,24.2,372.16,89.97,63.82,-1.882
0.4568385191577739,0.14966207488521777,0.3049656575746401,0.49975774699014874,0.9065736792460318,0.9818885560292266,0.8328305423179206,0.5942190608922735,0.8924754678345163,1.125,0.519,1.75,0.317,0.518,2.997,0.741,1.493,1.935,0.452,0.0836,3.571,0.6274,0.27,0.389,20.2,179.11,64.78999999999999,39.26,-1.927
0.3352810117518854,0.350210331220685,0.5594723468770162,0.5779577614918637,0.9477065817338031,0.9656792449671789,0.9151903096741361,0.708164856480902,0.9071397477838808,0.596,0.363,0.789,0.261,0.762,2.771,0.339,1.89,1.681,0.133,0.0172,4.709,0.8296,0.527,0.078,41.53,84.28,74.07,19.46,-0.898
0.294711033117864,0.5292737022341427,0.6321719637176726,0.6235681519284321,0.936308760256313,0.9686375999054241,0.7356975116911395,0.686357613903621,0.8483834752980906,1.089,0.827,1.783,1.007,0.487,1.298,0.597,0.484,2.702,0.651,0.0292,1.334,0.2288,0.188,0.472,4.59,69.25,5.89,4.9,1.524
0.3084781405451998,0.5720500479049189,0.44108054564770216,0.6419377612163798,0.7566403373359695,0.9609344487953195,0.9935130913443181,0.7305111194907772,0.9358670026078336,0.539,1.437,0.675,0.324,0.521,1.719,1.055,0.068,0.646,0.175,0.0817,2.025,0.8019,0.228,0.279,37.31,373.53,227.73,152.97,-1.617
0.21271278919855963,0.7430595004882503,0.6268978305104691,0.727283302802752,0.796113978325482,0.99738018688464,0.9213971224916445,0.8430607715765257,0.9000445479928234,1.66,0.884,1.995,0.154,0.705,1.195,0.8210000000000001,0.255,2.386,0.345,0.02,1.843,0.4255,0.472,0.149,28.53,387.19,128.15,25.11,1.37
0.4193953459246433,0.259713963671512,0.31814839190999145,0.5338057692020413,0.8203423816891142,0.9425395876766295,0.813370062724952,0.6823175901357743,0.9256619090042443,1.485,1.237,0.391,0.533,0.763,2.394,1.668,0.645,0.851,0.488,0.0764,2.724,0.0644,0.368,0.387,14.83,187.49,44.050000000000004,41.339999999999996,-1.422
0.44668216325275895,0.7407798252919362,0.14205732234853208,0.7076319974688693,0.25983041184028244,0.9517555639221903,0.8041393114029061,0.6730979098684533,0.8902050865899133,1.705,1.764,1.422,0.879,0.638,1.715,1.581,1.594,2.007,0.09,0.0288,1.478,0.3788,0.79,0.33,25.84,380.08,106.74,57.01,1.028
0.25894907626756086,0.5618234446459325,0.7016589695579631,0.6529262753061204,0.9089478422946526,0.815189506786784,0.8848884533683448,0.7265079216667086,0.9330914100057214,1.95,0.59,0.268,1.162,0.632,1.571,1.263,0.198,0.863,0.831,0.0123,1.959,0.7251,0.216,0.157,9.32,238.17,15.49,13.04,0.754
0.2193318824748717,0.5922242164678482,0.7150113993613514,0.6717903720184649,0.9410064192148017,0.9825904704028978,0.9898169506376305,0.8555510189886866,0.9301565434233172,1.576,1.708,1.808,1.392,0.437,1.912,1.722,0.386,2.163,0.26,0.0224,4.437,0.4309,0.361,0.262,11.9,343.06,122.37,81.13,-0.133
0.3692447770288425,0.7833314066960704,0.2800261529817445,0.740704968885896,0.39637433902949526,0.978266162988276,0.8644832159220137,0.7330818880290859,0.9387975939091044,1.58,1.181,0.512,1.027,0.474,1.189,0.35100000000000003,0.983,2.616,0.494,0.0638,1.873,0.3264,0.211,0.434,30.3,255.95,215.0,135.36,0.416
0.49921992352288047,0.0997307153431285,0.22432120840876302,0.5209048895139223,0.6822830341708666,0.7562889067659215,0.6414537620733632,0.7542482930154977,0.9472621078667366,1.101,0.306,0.493,1.533,0.516,1.462,0.31,1.443,0.854,0.821,0.0563,2.776,0.9199,0.463,0.48,29.28,207.74,40.730000000000004,34.49,-0.154
0.41994758733609183,0.16492422584675326,0.4660543601202417,0.5457567430745143,0.9398221936195791,0.9798340823868267,0.646384456597907,0.7034009197402041,0.9291594894974703,0.191,0.444,0.959,1.558,0.632,2.856,0.715,0.892,0.92,0.299,0.0143,5.836,0.4336,0.589,0.094,12.16,282.06,37.55,8.34,0.458
0.33773437633403747,0.33690560287837,0.5996694717312316,0.59212629556158,0.9470486060037979,0.7358779606502608,0.7961403892316745,0.840672007704611,0.9182201143088212,1.728,1.809,1.326,1.504,0.683,2.84,0.67,0.527,2.33,0.944,0.0436,3.055,0.5616,0.273,0.473,34.7,246.29,154.75,48.29,-1.441
0.4560564590259888,0.1876411077964043,0.47654142488363926,0.5455443074611314,0.9605322057462317,0.7952738839886946,0.3273113651114894,0.8445219186814227,0.9427269537260806,0.719,1.835,1.43,1.347,0.466,1.024,0.862,0.012,2.434,0.505,0.0127,1.022,0.003,0.704,0.365,2.02,330.44,88.07,22.67,-1.785
0.5373800994579083,0.122453409095302,0.0532883624358923,0.5061814689091655,0.6093414164641221,0.9833303342247413,0.8596795624592021,0.5313785351702933,0.9115501517663709,1.313,1.888,0.497,1.046,0.689,2.15,0.323,0.139,0.521,0.374,0.0944,4.739,0.4931,0.211,0.222,42.96,300.3,123.31,67.85,-0.771
0.16498609985213566,0.7376468814544372,0.7693980410018972,0.7314426540354183,0.9292769708732016,0.950530702101797,0.9477639995058029,0.9018167356185753,0.9382236020487383,0.925,1.257,0.942,0.343,0.482,2.782,0.653,0.794,2.825,0.116,0.0153,5.659,0.1859,0.337,0.052,26.01,208.0,45.79,44.91,1.739
0.40575383780397783,0.287270029821592,0.33868567807905225,0.5427376746727441,0.8274521752830053,0.993842845834452,0.863572249816396,0.6712109062195966,0.9215495274825989,1.826,0.72,1.429,0.406,0.568,1.45,0.998,1.298,2.928,0.234,0.0491,3.051,0.2866,0.552,0.311,8.9,212.59,31.14,11.7,-1.343
0.4126443417856637,0.567942466657648,0.18009709177760225,0.6306892771944933,0.47042059649233237,0.981337243707569,0.9182005695019055,0.7249330137363474,0.9388257848493995,1.2,1.534,1.62,0.226,0.552,1.657,0.5760000000000001,1.645,0.948,0.268,0.0175,1.451,0.5163,0.839,0.237,38.17,150.67,91.61,46.37,-0.244
0.4032425751939884,0.37040974195650556,0.4761594571504906,0.5448846846009727,0.7662239717611344,0.9738482346068719,0.7424894620204461,0.4597717016814731,0.9029412536719659,0.462,0.107,1.225,1.186,0.504,1.848,0.619,0.138,2.733,0.276,0.0171,3.797,0.9663,0.331,0.458,2.91,234.7,9.3,9.23,-1.437
0.36483596270993096,0.31200690007561804,0.5092288846081792,0.5570394454950454,0.9034029564721413,0.9555439729921478,0.9508730532758595,0.6422652192987711,0.8871176097675592,1.085,1.116,0.937,1.688,0.646,2.302,1.988,0.087,1.564,0.104,0.0487,5.321,0.1683,0.194,0.206,4.73,149.07,10.12,9.01,-1.472
0.4222896985299954,0.2580293479962148,0.35937812935979874,0.5778201744455642,0.7100460485456428,0.7208909305084756,0.7057946879860432,0.8085601771798657,0.9520944347832699,0.803,0.901,1.369,1.147,0.501,2.124,1.483,1.775,1.214,0.839,0.0281,1.683,0.4944,0.486,0.107,49.04,214.5,87.88,32.74,-0.58
0.46416754872095073,0.16120225334264326,0.4222495846001114,0.5250213271962199,0.9931431040001775,0.9294137620369367,0.3954041181744623,0.7055098041733159,0.9422066214578454,1.503,0.901,0.653,0.845,0.619,2.256,1.293,1.431,2.455,0.351,0.003,3.371,0.6083,0.682,0.133,9.91,339.63,39.96,5.59,-0.097
0.2931218603951262,0.4637632022861813,0.5680848291219192,0.6102726935244621,0.9201369680187267,0.9489730942321913,0.9695666917693216,0.7889265240404528,0.916841348199238,0.179,1.358,1.92,0.422,0.531,1.348,0.273,0.594,2.587,0.586,0.0506,2.438,0.6247,0.25,0.252,32.18,240.45,113.75,20.69,-1.926
0.33868862379229236,0.3747641966926609,0.621335906461457,0.5979554840501249,0.9377463197942035,0.7752029907149601,0.6754842623257451,0.7613217263277593,0.9289593467911815,1.161,1.772,1.481,0.212,0.515,2.753,1.749,0.96,2.799,0.807,0.0142,5.023,0.3205,0.292,0.211,44.93,393.15,54.61,29.81,0.116
0.3274177074690167,0.7206120295593166,0.3600649226664957,0.7151216126041792,0.5210590988100265,0.9892134264265886,0.9398717565861309,0.7711165906621746,0.9418205641843723,1.402,0.219,1.99,1.746,0.742,1.38,0.725,1.199,2.3,0.921,0.0858,1.747,0.8943,0.12,0.433,23.01,112.83,96.75,37.86,0.143
0.2204805465258481,0.6260960806742641,0.7276376426633397,0.6803064301367107,0.9490106064534901,0.9865310177685039,0.8715343256258334,0.7760791611565572,0.9427401128164162,1.472,0.18,1.017,1.365,0.604,2.757,1.742,1.2,0.593,0.212,0.0042,4.236,0.995,0.54,0.231,2.04,111.34,83.28,47.24,1.742
0.4819547873778895,0.6486248693775021,0.041257597592286865,0.6788121532576935,0.22278573144230562,0.9510504017120641,0.9772446368912676,0.6804938692591205,0.9419468298122929,0.678,1.961,0.663,0.711,0.627,2.02,1.85,0.718,0.365,0.092,0.0553,4.411,0.5934,0.646,0.467,46.68,396.28,162.92,93.24,1.334
0.291462360210706,0.7317761442432331,0.44317261361763416,0.719383039954136,0.6041169668577121,0.9942574225515867,0.9734913259890632,0.7587973759271303,0.9432722529462696,0.41,0.955,0.436,1.727,0.411,1.602,0.182,1.035,1.404,0.354,0.0519,1.449,0.4488,0.439,0.427,46.23,337.86,107.83,25.98,-0.423
0.32782593408427896,0.4127599780530161,0.5088219702164547,0.5974437549844975,0.8714907159866604,0.953530682777241,0.9809271610499117,0.7106200411963259,0.9060747824973676,1.744,0.491,1.008,1.809,0.402,1.241,1.236,0.762,0.551,0.106,0.0905,3.804,0.2565,0.193,0.487,2.85,378.44,138.77,124.29,-1.443
0.3615246837966226,0.5447005544075049,0.6198117303895624,0.6277069592702715,0.720303779799299,0.9521135168313053,0.6178059634724407,0.44222816651815633,0.8678895476344408,0.962,1.218,0.65,1.49,0.74,1.578,0.592,0.362,0.262,0.097,0.0043,1.162,0.9528,0.316,0.166,40.36,242.89,220.96,132.53,0.891
0.5299041267439055,0.09847054583949122,0.08150738287940373,0.48309461848572943,0.7135537736482606,0.9951226075348357,0.8376400730051298,0.5451015075748362,0.9137258056746363,1.892,0.574,0.187,0.259,0.408,2.468,0.427,2.071,0.55,0.357,0.0811,4.307,0.5767,0.317,0.297,41.55,206.12,110.97,41.49,-0.892
0.5062569192326876,0.016702807965259248,0.27177072846939143,0.4918251576332927,0.8323587946364595,0.8942026562354428,0.6768652119721137,0.6223086513021343,0.9074141577911368,1.093,1.258,0.205,0.794,0.774,1.902,0.532,0.758,1.138,0.608,0.0683,5.906,0.8634,0.353,0.431,10.28,317.27,45.74,16.54,-0.385
0.48161573797951474,0.663834012108506,0.02091822018885703,0.6670504803436578,0.2534369885864478,0.9667469689490717,0.9915729576005401,0.6650814313329565,0.9503803448492129,0.138,1.18,0.805,1.405,0.431,2.125,0.271,1.764,2.238,0.335,0.0841,1.925,0.2995,0.176,0.206,30.29,144.47,55.24,31.9,-0.226
0.41790236663062835,0.5633633795001559,0.18919319053973382,0.6544202232127218,0.4141008213473705,0.9786614064870078,0.9915857424104032,0.7134525983037598,0.9388354247767103,0.457,0.566,1.124,0.912,0.64,2.267,0.59,1.551,0.292,0.278,0.0448,5.682,0.0145,0.469,0.443,32.98,240.42,168.68,152.07000000000002,1.712
0.5124453402799257,0.031226586246297483,0.2726193036543595,0.46730521128520064,0.9399721681296589,0.9339882821592892,0.6574842324702228,0.5407110192007163,0.8850688672325829,1.395,0.284,0.263,1.292,0.536,2.812,0.116,1.925,2.192,0.541,0.0619,4.266,0.6128,0.269,0.232,6.14,130.9,13.59,11.63,-1.788
0.3846981712991841,0.40420741298645846,0.3234501791273553,0.5774008990537368,0.7299749571533751,0.9675882059222415,0.9784149832193283,0.6638990780408776,0.9274107020770236,1.358,0.54,0.391,1.186,0.449,1.318,1.079,1.004,2.015,0.361,0.0664,3.553,0.508,0.16,0.214,30.63,206.73,155.0,88.58,-0.681
0.5391055588048626,0.054112486976479746,0.4068643634087711,0.49551025267046267,0.941713211142828,0.7669865523205162,0.22945717934381749,0.6033084360161649,0.876458911814672,1.723,1.694,0.369,0.766,0.714,2.225,1.149,0.966,2.214,0.657,0.0168,4.582,0.5198,0.378,0.115,32.31,260.69,51.25,15.31,-1.982
0.5247861971042477,0.22629157489437912,0.026170609824313407,0.5249903778762091,0.518254962814957,0.9985684511527705,0.8547457525845406,0.5839228359076184,0.9344062582738306,1.756,0.134,1.903,0.277,0.63,1.446,1.308,1.08,0.746,0.352,0.0716,3.89,0.1438,0.376,0.177,47.25,161.24,51.06,14.96,-0.202
0.47523950739494497,0.4442236984784983,0.491326137109694,0.5666454191319455,0.6940398486752499,0.7906428181431103,0.4336369707961789,0.2320676291547139,0.9411877955079506,1.535,1.314,0.838,1.741,0.766,1.994,1.294,0.17,2.17,0.679,0.0043,4.553,0.1123,0.275,0.452,20.9,166.01,159.09,119.96,1.857
0.5263154323214482,0.19972940506898218,0.04119091477047321,0.523544482436118,0.5381024029433472,0.9871930899580953,0.8673753194113002,0.5605081191282617,0.9289373460547278,1.854,1.0,1.372,1.869,0.537,1.631,0.306,0.9460000000000001,0.554,0.345,0.0717,4.485,0.1368,0.327,0.177,33.23,88.32,40.43,13.57,-0.183
0.28492384325744446,0.4796102606320988,0.5808956270441394,0.6385783320514007,0.865918289709515,0.8374036357270004,0.9493663371883432,0.8514633616163465,0.9422868311507934,1.948,0.272,0.993,1.503,0.799,2.762,0.357,0.281,2.283,0.917,0.0477,3.701,0.4995,0.269,0.485,35.8,353.74,177.63,167.88,0.142
0.4727801661916128,0.43409589213692457,0.4393596626488053,0.5371848407297726,0.5762442404057005,0.9687537225510777,0.8997874117342858,0.1380624019633857,0.9233090217713772,1.263,1.399,0.894,1.835,0.695,1.115,0.483,0.777,0.698,0.386,0.0144,4.923,0.018,0.176,0.492,2.37,138.67,6.19,5.32,-0.338
0.34938007184860864,0.5820746284270699,0.3450914251007463,0.6583730722351366,0.5862596347795634,0.9477689662769632,0.9595645238706885,0.7226803431437631,0.9383131223084946,0.773,1.132,1.805,1.375,0.613,2.401,0.683,0.937,2.29,0.054,0.05,5.235,0.0733,0.477,0.208,30.88,161.14,57.41,8.28,0.799
0.5008670409621473,0.08085610034302926,0.22261907301838457,0.49919905856353464,0.8004052832306945,0.9718654538984035,0.8047363322684945,0.5342810367481887,0.8934988797829565,1.51,1.048,1.2,0.809,0.674,2.197,0.057,0.43,0.344,0.131,0.0448,5.316,0.7044,0.802,0.43,37.06,258.34,150.55,11.18,-1.261
0.27486410889317586,0.5924356906118429,0.656192510722101,0.6301079565212839,0.7889792257713883,0.9791771854116138,0.913759981878265,0.6454370027208541,0.9282070300586132,0.147,1.834,1.89,0.193,0.755,2.575,0.34,1.7810000000000001,0.669,0.373,0.0259,5.719,0.938,0.142,0.499,14.23,104.8,22.26,12.42,0.383
0.4360334281895202,0.15393484445891947,0.3867056442736875,0.5190327286456728,0.9297721756982211,0.990248933242145,0.8154105781592277,0.6222818774623241,0.8737296221153362,1.696,0.85,0.845,0.54,0.459,1.185,0.641,0.107,0.287,0.276,0.0493,5.434,0.9738,0.479,0.445,7.16,221.23,192.1,181.96,-1.639
0.4567611501772217,0.10056097927104946,0.5533324418602972,0.5550038499014927,0.9678144084101705,0.6997193297040547,0.40148664634397213,0.8976189700595925,0.9488389764830469,1.304,1.774,1.395,0.58,0.726,1.272,0.441,1.2590000000000001,1.589,0.769,0.0145,2.727,0.1596,0.566,0.322,27.4,218.34,143.83,28.160000000000004,0.81
0.2247131699738502,0.580782709176138,0.715734252837705,0.6650713824347037,0.9374456636135504,0.9506934935077155,0.973089862704969,0.8494005870142621,0.9258904593603092,0.464,0.957,0.626,0.528,0.589,1.568,1.443,0.965,2.209,0.087,0.0229,4.821,0.4407,0.393,0.304,45.48,195.24,76.3,49.94,-0.196
0.2680652156590254,0.5347870109202173,0.6678356849652978,0.6395957218582895,0.9142055372321113,0.892744932359773,0.7660289540472508,0.7966880832047375,0.9427142910896217,0.318,1.528,0.76,0.638,0.709,2.228,0.787,1.171,1.568,0.448,0.0123,1.837,0.5657,0.396,0.264,15.96,362.4,248.11,226.75,-1.469
0.20254088287540575,0.6404786479463662,0.7244907062801086,0.6901821981885125,0.9755642934570119,0.9951494926132747,0.9063875101649443,0.8823050312106042,0.9383688800023622,1.231,0.631,0.227,1.441,0.696,1.769,0.913,0.807,0.622,0.24,0.0062,3.297,0.5598,0.684,0.436,33.79,375.73,146.16,21.56,1.675
0.23479093431171041,0.718033368726805,0.6429765741739415,0.7162428638658429,0.8313598640838236,0.9910229218986047,0.7077438723814822,0.8108447360619324,0.9382602133675265,0.246,1.594,0.813,0.232,0.429,2.199,0.254,0.447,2.507,0.872,0.0273,2.638,0.7423,0.101,0.234,22.8,295.52,200.82,128.38,1.261
0.35143876677572106,0.5296240368871036,0.35847729218790847,0.6328765851597085,0.6462909239534946,0.9535075964979719,0.9767741713225191,0.7029568125119132,0.9333413704470975,1.492,0.716,0.496,1.544,0.427,1.721,0.334,0.607,1.699,0.199,0.0859,4.329,0.8074,0.164,0.496,22.31,315.81,151.1,145.88,0.061
0.2868882837094102,0.7250173203752454,0.45020679398959906,0.7135798246425817,0.643491329429789,0.958674392570145,0.9601906580613432,0.7447717100523136,0.9453919731094999,1.844,1.813,1.25,0.555,0.577,2.573,1.193,1.228,0.233,0.215,0.0874,1.257,0.0435,0.141,0.298,24.96,209.78,73.9,40.97,-1.208
0.27944206434563107,0.6053121210592345,0.5098592814719369,0.6643467108996663,0.7598323370475363,0.9726000089106641,0.9841440412436439,0.769551476483484,0.9349295526265975,0.455,1.149,1.476,0.57,0.553,2.737,1.516,1.386,1.914,0.482,0.0514,3.752,0.0468,0.14,0.213,34.86,215.95,162.45,67.34,-0.273
0.36080074743652274,0.3004302693370383,0.5725260043624973,0.576637396046725,0.9397040351790444,0.7296250108799869,0.7282855839084361,0.8189574320287102,0.9181077419481303,1.862,0.373,1.288,0.685,0.669,1.233,1.157,0.664,1.764,0.892,0.0342,2.266,0.8786,0.267,0.283,2.99,399.8,14.96,14.860000000000001,-1.963
0.23805394999136142,0.5812749400818804,0.664250768682539,0.6624453981181848,0.8926194106680245,0.9513583673318338,0.9563869059688422,0.8291982279004443,0.920098893941317,1.267,0.757,1.992,0.491,0.516,2.643,0.273,0.421,2.931,0.155,0.0307,5.278,0.9936,0.169,0.091,38.58,200.22,135.42,19.98,-0.154
0.4856049633122291,0.2954642625257229,0.10654454567061955,0.5617756062933621,0.5004063706032638,0.9904275403233105,0.9273180855364975,0.6256033529083573,0.9315702323745889,1.595,1.088,1.533,1.851,0.428,1.435,0.384,0.519,2.889,0.354,0.0701,5.547,0.5188,0.37,0.41,10.16,149.05,42.52,42.21,0.582
0.39658234521667796,0.3046106041540444,0.3473250164014473,0.5669695988310949,0.7516682050501173,0.9648405524105924,0.9002905930308165,0.7112228294433858,0.9298930054634196,0.489,0.155,1.015,1.804,0.424,2.486,0.643,2.077,0.846,0.494,0.046,5.624,0.1801,0.368,0.354,12.55,386.85,85.56,81.66,0.403
0.2414519994636153,0.6976295197430273,0.5731556740170631,0.713320622578161,0.7602320927555071,0.9354191387849307,0.9049481153942611,0.8182121099782431,0.9172808470737316,0.13,0.657,1.043,1.892,0.537,1.775,1.602,0.893,2.364,0.792,0.0334,2.136,0.0375,0.242,0.36,3.56,88.83,73.74,38.48,1.325
0.24307564720048452,0.7195288428995392,0.5603934540440985,0.7144208028868981,0.7319592814959721,0.9488619640121315,0.9139519758924594,0.8130317214259986,0.9511085496986174,0.15,1.876,1.86,1.693,0.711,1.545,0.913,0.495,1.755,0.055,0.0502,2.246,0.6921,0.425,0.108,33.07,272.9,111.51,34.82,-0.397
0.480523187123954,0.6631555989952014,0.03731679525508069,0.6820913209834161,0.21961610089812544,0.9532163401986449,0.9746359652547579,0.6983013749272706,0.9445193718617588,0.74,0.121,1.875,1.38,0.778,2.96,0.611,0.52,0.318,0.187,0.0749,3.691,0.5493,0.176,0.344,18.7,136.81,103.0,77.32,1.198
0.4493625179140541,0.33373755779291137,0.1927533917080303,0.592450822054442,0.496449620527769,0.8468969707568251,0.888803949665929,0.7529818431566716,0.9418771520012182,0.776,1.408,1.26,1.309,0.706,1.882,1.768,1.335,1.323,0.798,0.0518,4.679,0.0659,0.375,0.443,9.81,297.75,171.82,144.26,1.201
0.23908718718138958,0.6541434755333906,0.5893418729619755,0.6807964517092997,0.832029264890092,0.955082003390175,0.9769936186443514,0.816841194050354,0.9466568609677709,0.22,0.321,1.057,1.577,0.692,2.97,0.381,0.077,0.221,0.174,0.071,2.177,0.9701,0.171,0.391,14.79,106.23,52.43,10.56,-0.7
0.21602915555096366,0.6083588093135553,0.7060961839600856,0.6835069122896781,0.9298621772739186,0.8987698926374457,0.9432515191287267,0.8890075584251023,0.9479225815768267,1.225,1.624,1.462,1.961,0.604,2.241,0.293,0.881,0.665,0.628,0.0254,2.091,0.8439,0.335,0.176,29.21,347.73,124.74,114.71000000000001,-0.767
0.3790691565682028,0.40828374248880006,0.3338447023151825,0.5885882158543103,0.7121893015552465,0.9693223486500021,0.9513276792093941,0.6905835471293198,0.9328205018606531,1.254,1.141,0.234,1.227,0.452,1.787,0.864,0.976,0.971,0.24,0.0472,4.373,0.1428,0.295,0.096,3.99,56.13,30.21,26.94,0.037
0.2626026873023713,0.5163475929680384,0.6206849153078386,0.6542141139905772,0.893685358497496,0.8608918312277548,0.9423204769191271,0.8698457979829786,0.9417507213884594,1.449,0.928,0.803,1.014,0.652,2.246,0.324,0.925,2.482,0.874,0.0338,5.045,0.9716,0.284,0.446,41.29,151.02,59.36,17.76,1.328
0.5598202426346927,0.007536032336432075,0.4391405398496112,0.5080391254070378,0.9843824430078921,0.7504925848573558,0.10936269527938591,0.6759616093915906,0.9301249416321838,0.449,0.171,0.797,0.441,0.697,2.712,0.924,1.584,3.0,0.681,0.0122,4.639,0.4657,0.487,0.418,28.04,238.47,180.1,81.5,-0.042
0.21063405464699175,0.7952566186824421,0.6045012262829299,0.7528422764518808,0.7456342866790093,0.9650339464266643,0.9509104201982608,0.8454911181564411,0.9425522422346553,1.145,1.087,0.386,1.982,0.744,2.309,0.118,1.752,0.381,0.2,0.0366,2.636,0.5018,0.479,0.49,28.95,271.46,181.1,152.3,1.026
0.25576238800552276,0.7402729061097308,0.5225302464033514,0.7218025851810013,0.6992979254632296,0.9708433415827382,0.966564762375492,0.7666565085318185,0.9396103158838313,0.203,1.414,1.289,0.48,0.535,1.443,0.9,0.764,0.206,0.201,0.0694,1.173,0.5841,0.438,0.46,18.61,139.67,64.54,37.42,-1.026
0.21644600765804323,0.6154516986882976,0.7224325574004589,0.6678059132811542,0.9082855291036425,0.9953670713260538,0.965658690382326,0.8431720188016415,0.9271326415189499,0.321,1.85,1.597,0.496,0.571,2.018,0.032,1.774,1.446,0.444,0.0302,5.729,0.2681,0.219,0.437,3.56,386.1,205.63,53.42,0.252
0.2725301617940983,0.7612215566572624,0.4968586976403241,0.7282166134257662,0.6454120367769678,0.9812967977030055,0.803177329688133,0.7975478035260262,0.9341175327393031,0.982,1.423,1.123,1.069,0.79,2.929,0.714,2.591,1.551,0.724,0.0323,2.579,0.3982,0.123,0.115,20.27,278.34,38.46,27.03,1.272
0.47296974895757327,0.11535026854772179,0.29207223868684373,0.5019355484617094,0.8640697553690564,0.9660768603200101,0.8486098508283272,0.5483597095919392,0.8939704430261985,1.405,1.785,0.772,0.32,0.561,1.698,0.122,1.352,0.863,0.221,0.0736,5.563,0.0157,0.219,0.274,16.68,107.87,68.47,29.88,-1.226
0.17866716877008293,0.7436913979084785,0.7326672742326987,0.7287045159508733,0.8757326611610943,0.9668675030374776,0.8972184641403781,0.8787452332107257,0.9470223094789475,1.608,0.981,0.886,0.619,0.781,1.309,0.211,0.032,2.03,0.365,0.0496,2.414,0.1452,0.169,0.44,37.37,399.24,78.7,73.02,-0.59
0.20146439663689966,0.7504825500029348,0.6679603070444702,0.7350973255980923,0.8183812066008057,0.9615411768189513,0.897524704491194,0.8173789143604528,0.9391364794330593,0.552,0.774,1.568,1.756,0.623,2.199,1.638,1.855,0.738,0.261,0.0431,1.161,0.6742,0.162,0.053,11.91,150.04,17.31,13.450000000000001,-1.093
0.429330248511885,0.4533917852361449,0.16167987560580688,0.583773445322969,0.5799917548523479,0.998804679395628,0.9640441622744198,0.6553155437898699,0.9427162268569806,1.0,0.96,1.241,1.204,0.455,2.35,0.519,1.192,1.475,0.627,0.0828,2.199,0.3281,0.17,0.117,45.24,85.49,70.48,27.07,-1.036
0.46363340589669155,0.7048854329008918,0.07529178115501134,0.7020287651218173,0.2321899435292265,0.9510854513856142,0.9571929004953038,0.6966514468947003,0.9461017842999324,1.323,1.503,1.728,1.635,0.498,1.569,0.459,0.659,0.438,0.104,0.075,3.408,0.2569,0.487,0.495,44.15,255.8,208.97,57.62,0.89
0.4440027542191322,0.5618461237030288,0.12525421853954966,0.635649299060354,0.3826761728405126,0.9845323021314749,0.9956382858471933,0.679181693844698,0.9459096691600302,0.356,0.966,0.435,1.964,0.659,2.954,1.064,0.497,1.393,0.415,0.0451,4.06,0.9859,0.267,0.05,19.81,284.23,105.61,11.07,0.816
0.17002348633440764,0.7170112037834218,0.7903724218684395,0.718369230893122,0.9356959019608502,0.966539561492378,0.9450024002676835,0.8725144140211355,0.9417789706474774,1.91,1.781,1.182,0.229,0.535,2.849,0.561,1.887,2.725,0.245,0.0154,5.328,0.7445,0.276,0.209,40.16,387.92,117.83,19.74,1.556
0.3096839385688201,0.6859361820972276,0.3979487938143722,0.6890815804082764,0.6140470126711409,0.9687655477980588,0.9945618182823144,0.7605478418697593,0.9535357670108116,1.146,1.977,0.882,1.985,0.579,1.748,1.351,0.798,3.0,0.211,0.0664,1.93,0.1869,0.423,0.384,38.26,193.25,67.56,7.53,-0.515
0.39767149421484915,0.4695488210879766,0.23398414873898565,0.5954882311222305,0.6392766509070062,0.9429679015349719,0.9666548450072385,0.6901347650798212,0.9466139369700941,0.467,1.442,0.561,0.721,0.522,2.18,0.117,0.378,1.699,0.913,0.0786,1.601,0.3438,0.156,0.05,27.1,106.18,95.43,18.67,-1.573
0.30881874753657435,0.4576711121027698,0.5245678852568878,0.6003844498380634,0.9038908965323211,0.9712115093911512,0.9857610360233793,0.7437554082279705,0.9153036691240545,1.862,1.015,0.844,0.259,0.536,2.349,1.13,1.163,1.025,0.368,0.0845,2.63,0.4899,0.143,0.441,35.45,164.84,90.02,14.520000000000001,-1.789
0.41571729166401933,0.5570392809847938,0.20226723942422975,0.669256895454069,0.4057095204883241,0.8723496122901718,0.9490005635776961,0.7590363895612754,0.8978042269709514,0.669,1.308,0.913,0.548,0.667,2.281,1.13,0.061,2.316,0.76,0.0293,2.208,0.6832,0.405,0.21,37.11,232.31,55.31,34.050000000000004,1.934
0.4539092291825015,0.16589019645386482,0.30264485819625175,0.5005885220505645,0.9006668561149004,0.9584208756386897,0.8897453394427024,0.5730811729581111,0.8960680409945765,1.028,0.283,0.668,0.746,0.485,1.947,1.544,1.262,1.776,0.145,0.0922,4.348,0.8124,0.228,0.431,44.38,210.21,84.59,65.72,-1.451
0.4988146222096541,0.060670431845768036,0.4490467140997807,0.5082108045547784,0.9580920015967795,0.8354508804486998,0.3562650758405733,0.6688584876610653,0.9005012654370712,0.225,1.46,1.832,1.914,0.78,1.619,0.564,1.281,2.163,0.515,0.0227,4.978,0.9593,0.484,0.386,3.34,240.43,233.12,27.81,-1.04
0.42489473711455367,0.6315347775584761,0.15931586265858988,0.6770201175843422,0.36064277140585566,0.9500324345836665,0.9719509556634377,0.7136927314338344,0.9415292091865771,0.927,1.63,1.958,0.955,0.459,1.371,0.705,1.347,2.017,0.128,0.0399,5.987,0.8531,0.254,0.081,28.17,279.26,68.89,7.96,1.678
0.44155279263064273,0.3939080548159243,0.18943342869855428,0.6013066297719518,0.461335835395977,0.9398864360014567,0.9273376020518599,0.7270342930597062,0.9464639429822072,1.504,1.579,1.929,0.506,0.693,2.971,0.203,1.784,1.993,0.513,0.0509,3.482,0.7,0.473,0.381,1.11,68.88,54.32,35.77,0.952
0.20254811722034713,0.7964335028398448,0.6217689486893649,0.753339020346834,0.7700315688780813,0.9871541684509902,0.9356817326906826,0.8568838881635344,0.9279120203274229,0.925,1.21,0.972,0.233,0.634,1.851,0.237,1.637,0.423,0.347,0.0296,2.625,0.5188,0.377,0.358,8.72,168.88,71.36,40.9,1.591
0.32685257676894414,0.7177025730338336,0.36615113019379086,0.7226367509475778,0.5175832139212478,0.9535873347372252,0.9262046254359155,0.7720976449869821,0.9366839289132247,1.143,1.228,1.538,0.616,0.405,1.375,0.579,0.445,1.285,0.833,0.0607,1.977,0.8143,0.213,0.477,16.86,219.88,101.51,45.2,0.712
0.5795293928879798,0.002584601557550359,0.02522359800942864,0.46996369854639997,0.6680893001250612,0.9724704181797204,0.7453061260762154,0.4738597146527356,0.9091463477002658,0.53,1.986,1.81,1.881,0.621,2.041,1.458,0.073,2.007,0.851,0.0934,4.717,0.9725,0.112,0.105,6.26,137.42,25.72,8.620000000000001,-0.797
0.2650408815970591,0.6737278861623304,0.509758024261087,0.6829735977544587,0.7395575716648581,0.9802195878486561,0.9797470347654545,0.7964570239057855,0.932062707761789,0.953,1.938,0.491,0.786,0.547,1.656,0.419,1.515,1.499,0.192,0.0095,2.416,0.7546,0.806,0.284,10.76,117.31,83.88,45.9,1.239
0.447741402491096,0.31849100708893785,0.18145073479399532,0.5481142554114473,0.6360354930842812,0.9542518673041916,0.8696854180338829,0.668891655519223,0.9373653858485758,1.183,1.079,0.125,0.493,0.689,1.527,0.001,0.488,2.099,0.442,0.062,2.782,0.8775,0.448,0.272,49.47,304.38,118.19,47.73,-0.736
0.22861758065526544,0.5774943963391485,0.7076167018240138,0.6614276328429252,0.9443080126033384,0.9518973739288041,0.9822910450603667,0.8285688127155512,0.9338181267720829,0.283,0.368,1.536,0.945,0.793,2.819,1.514,0.93,0.294,0.072,0.0162,4.506,0.0903,0.65,0.425,26.91,337.12,42.22,28.69,0.213
0.2709826987079835,0.6998345395974748,0.50715202866022,0.7116275817564492,0.6762511250682692,0.9498740657291425,0.8703518235543666,0.7993474152607487,0.9169346450548963,1.902,0.182,0.987,1.399,0.795,1.809,1.434,0.085,2.689,0.871,0.0337,1.961,0.6896,0.197,0.231,15.63,210.66,85.54,62.91,1.135
0.42403971727307865,0.24529131294361617,0.3510709637691518,0.5369333722020843,0.8730779525620368,0.9251611877687472,0.6069178462313989,0.7663317621741264,0.9497190143670822,1.654,0.844,1.364,0.491,0.525,2.483,0.995,2.368,0.759,0.355,0.0085,2.613,0.2433,0.774,0.377,6.46,380.12,187.92,145.54,-0.224
0.3350769498579951,0.36842843114884616,0.6653700587249074,0.6184426107610649,0.970175841381672,0.6577514987702888,0.7380638396191008,0.8004312143203406,0.876287252947119,0.931,0.759,1.183,0.888,0.734,1.195,0.41100000000000003,0.298,1.573,0.959,0.0137,1.46,0.6721,0.332,0.24,9.3,105.43,23.17,23.09,1.304
0.15043578805318936,0.7701039409348847,0.7812250621578213,0.7494061670166023,0.9357109990965375,0.972414873909029,0.9667256050749357,0.9099736668307957,0.9414378172666025,0.287,1.971,0.139,0.885,0.418,2.495,0.272,2.122,2.634,0.284,0.0223,4.577,0.6669,0.29,0.337,24.43,148.68,66.93,66.75,1.882
0.4371793541347267,0.2340194875929401,0.28740601569476243,0.5353578653686021,0.7963680922981363,0.9712393519989165,0.9021280825849282,0.6036441785792541,0.9018792671109852,0.751,1.632,0.693,1.228,0.765,1.443,0.783,0.89,0.745,0.149,0.09,3.72,0.0461,0.558,0.469,25.54,277.04,207.26,13.9,-1.631
0.41980433013923363,0.6296916046164569,0.16882570726781843,0.6786708857633007,0.3575598399867187,0.9686890685991495,0.990557024613784,0.751911159267347,0.9424933370869876,0.559,0.547,1.651,1.475,0.78,2.571,1.683,1.498,2.77,0.551,0.0545,4.213,0.7924,0.353,0.483,11.62,307.1,183.89,93.62,1.912
0.4521095229481177,0.1894597266537591,0.2801443788498883,0.5099934119399351,0.8473644301484402,0.9217684906374481,0.7254338302153587,0.669359542245575,0.9236941717311162,1.884,0.87,1.141,1.971,0.464,1.219,0.112,0.111,2.948,0.53,0.0872,2.484,0.6297,0.38,0.451,15.47,69.08,17.93,14.98,-1.619
0.26732803167358077,0.5023242030873651,0.6552625013479257,0.6247471735991501,0.9065646402745062,0.9484923064129207,0.9558540871481283,0.7985166218953164,0.897790585576799,1.246,1.301,1.128,1.42,0.65,1.902,1.467,1.677,2.992,0.059,0.0364,4.619,0.5209,0.305,0.335,19.09,122.25,122.24,83.02000000000001,-1.353
0.3074417903312778,0.4404871771686113,0.5400338893042658,0.5970724640035032,0.9217758485910651,0.9968012528308092,0.9867501512836809,0.7662182350453159,0.9092757341839547,0.978,1.737,0.383,1.872,0.417,1.797,0.303,1.382,2.96,0.425,0.0624,2.932,0.673,0.255,0.422,31.7,312.92,119.97,76.76,-1.778
0.39688664768674387,0.32164548886356537,0.3732072959012308,0.608730539770966,0.6738151081224496,0.7329936170629314,0.7855941061235261,0.8406819380916688,0.92939378709949,1.224,0.865,0.545,1.965,0.624,2.934,0.106,1.175,1.105,0.898,0.0261,2.544,0.3853,0.473,0.321,13.18,154.44,115.85,93.22000000000001,1.439
0.33641359705278945,0.37141663703435046,0.5968791348725865,0.5890795874503765,0.9154595333653269,0.7415015077682646,0.7920718748916025,0.7752383228345239,0.8942014792659172,1.065,1.973,1.674,0.418,0.45,1.576,1.1400000000000001,0.833,1.159,0.915,0.0283,3.529,0.1616,0.228,0.43,37.23,360.7,171.38,137.51,-1.933
0.37912389549325637,0.2818315100328551,0.5126068859524681,0.5509046669815043,0.9057377688328792,0.960512116014108,0.9152769779471555,0.6002985773887082,0.8677468320958802,0.149,1.48,0.998,0.316,0.709,1.469,1.178,1.175,2.203,0.085,0.0137,5.593,0.1996,0.624,0.15,22.58,327.4,114.09,108.85,-1.92
0.4160691388399496,0.25555500520830576,0.4995719715688668,0.548721406220251,0.9169255833504163,0.9715962371874654,0.5752477752113362,0.5766993144989929,0.9034430738149133,0.23,0.863,0.941,1.199,0.789,1.163,0.5700000000000001,0.388,1.992,0.278,0.0084,5.205,0.8287,0.488,0.164,37.71,391.91,89.07,55.64,-0.875
0.25036037725236787,0.5701589200010118,0.713353536357539,0.6668893930212294,0.9947948842708947,0.8717353555130269,0.6983915474237902,0.8922461458730426,0.932971212687077,1.891,0.451,1.388,0.83,0.433,1.947,0.801,0.589,1.752,0.503,0.0083,1.972,0.5344,0.561,0.453,23.15,245.18,83.4,72.03,0.756
0.35143782829323433,0.31329481437987183,0.5529942088455322,0.5729910656118413,0.9462161487658065,0.9392935351497713,0.8026070579364208,0.7195040167279545,0.899334165792258,0.494,1.807,0.552,0.886,0.702,2.234,0.207,1.836,2.342,0.456,0.022,5.089,0.0092,0.338,0.118,32.18,206.09,46.0,23.76,-1.173
0.19959865694184287,0.6888791857731387,0.7560944086982679,0.6930134941884832,0.8869195345812073,0.9998059404104527,0.8641789439441072,0.815649640425504,0.9454973954910072,0.989,0.365,1.572,1.549,0.709,2.166,0.725,2.161,1.753,0.608,0.0195,3.098,0.2154,0.127,0.185,8.65,74.94,20.509999999999998,10.82,0.196
0.4926094909988535,0.5286663722389826,0.025357795394798988,0.6319543841451649,0.2748063195120011,0.9737992379729069,0.9961972702899615,0.6779460250598796,0.9412895555060816,0.176,1.033,1.732,0.83,0.517,1.916,1.467,0.431,0.987,0.964,0.083,5.621,0.1638,0.142,0.471,12.34,271.42,204.79,132.11,1.176
0.17603864656908513,0.7354438555409251,0.7504264608251461,0.730691979151979,0.8989677472858078,0.9561694558609285,0.8750138103628309,0.887525955840855,0.9479180005275564,1.365,0.538,0.979,1.888,0.706,2.398,1.237,1.6360000000000001,0.381,0.291,0.0488,2.051,0.0353,0.122,0.415,36.53,153.82,49.96,28.28,-0.829
0.3741627128363192,0.3360678056353741,0.5234721604034793,0.5613973339624451,0.8637369358221768,0.9735545581006605,0.7481673513015792,0.5975034462115127,0.8773839190064634,0.319,1.442,1.571,1.572,0.652,1.623,1.232,0.981,0.905,0.28,0.0158,5.192,0.0624,0.384,0.334,25.28,332.6,248.44,96.93,-1.78
0.4231377784836262,0.2820581153024829,0.4803917061953096,0.5458190794369053,0.9302167570289466,0.9882613132561168,0.526047429026076,0.546634254104207,0.9260272861602816,1.459,0.435,1.057,0.626,0.716,2.144,1.281,1.631,2.743,0.231,0.006,3.777,0.5205,0.564,0.321,22.5,67.81,33.53,29.42,-0.623
0.4413431532430484,0.6923864938958799,0.15901643935648724,0.6933427984269502,0.2908055103649656,0.9945649341282022,0.8988054756149643,0.6361536155118311,0.8706118773269462,1.803,0.256,1.907,1.922,0.429,2.501,1.595,0.847,0.414,0.3,0.0379,1.002,0.0304,0.484,0.19,4.37,389.54,174.76,64.08,0.32
0.38361223480122175,0.46303616007350756,0.27622356674661463,0.589513337330736,0.6803782909262848,0.9756452426054231,0.9351303581453306,0.7055969743156235,0.9456623567208206,0.177,0.562,1.199,0.829,0.516,2.323,0.266,0.454,0.305,0.167,0.0609,2.232,0.0533,0.685,0.48,10.9,62.41,40.38,21.799999999999997,-0.858
0.20081584961860915,0.7734878570961656,0.6645553934846047,0.7477452017018278,0.8036303644807603,0.9473719947135654,0.829342841366305,0.8541565141378933,0.9414526121759554,1.738,0.655,1.867,1.987,0.434,2.449,0.476,0.856,1.271,0.062,0.0337,1.922,0.0333,0.576,0.39,23.44,99.25,35.53,18.88,0.306
0.3608573499944741,0.5096121327401457,0.32770027217337083,0.6122863685035386,0.6842323305781546,0.959378810872162,0.9796277133023156,0.6939655974308498,0.9406385289833528,0.165,1.172,1.896,0.292,0.546,1.705,0.921,1.16,2.518,0.114,0.0643,2.302,0.1606,0.578,0.24,24.52,104.67,91.2,63.04,-1.079
0.37469953120960425,0.5045077444583002,0.5378321292112103,0.5880428039658474,0.6543656745078725,0.969755160554328,0.9674258394810135,0.392305270699704,0.9396206589167914,1.933,1.537,1.632,0.236,0.463,1.56,0.218,1.348,0.309,0.139,0.0048,1.873,0.381,0.346,0.105,35.93,205.44,49.48,29.28,-1.677
0.46370609242882577,0.31174861267182796,0.16422987172844727,0.5634109691092851,0.5668663462134867,0.9587279936023277,0.9083925220590254,0.6055660427353249,0.9359934169958397,1.767,0.216,1.525,1.943,0.595,1.107,0.942,0.76,0.301,0.106,0.028,5.158,0.6254,0.837,0.335,18.95,158.45,85.05,64.46000000000001,0.675
0.1856871804545335,0.6987366217781864,0.7396804148853859,0.7075643805071598,0.9055183426140386,0.984781370241017,0.929238589340798,0.882012226599598,0.9391177472771715,1.424,0.71,1.288,0.817,0.746,2.855,1.383,0.27,1.353,0.506,0.0321,3.898,0.9627,0.17,0.323,35.95,145.28,142.39,89.77,0.244
0.1738787108317924,0.7511015309349,0.720761355944884,0.7344491117990493,0.8868470626672873,0.9723361962234427,0.9665736070662841,0.8855250220828319,0.9396859170417017,1.238,1.273,0.188,1.8,0.771,2.005,0.413,1.821,2.082,0.288,0.032,4.911,0.4561,0.297,0.477,7.0,209.48,201.15,152.78,1.801
0.4704407902387156,0.665114228243014,0.06231494070231047,0.6852541693734248,0.2313385030128281,0.9778299800516312,0.9926145313203327,0.7081121853818158,0.9411394843213855,1.394,0.884,1.834,1.809,0.63,1.422,0.079,0.342,1.518,0.377,0.0505,4.415,0.8349,0.32,0.319,23.32,167.55,85.34,58.92,1.721
