0.603975881791183,0.0017683866134002857,0.006570349974864498,0.5065949449235665,0.39480916069590355,0.7468117510851986,0.5762345960589406,0.7192320358011752,0.9479467029745549,1.273,1.477,0.41,0.456,0.537,2.614,0.231,0.239,0.858,0.769,0.0319,3.022,0.1078,0.59,0.365,35.47,315.9,99.38,20.69,0.891
0.20367086994254027,0.6243939809905477,0.7470306048602953,0.6877112398383155,0.9604460166530269,0.9110704106241391,0.9415785246987753,0.8836896978418805,0.9466823166411611,1.591,1.267,0.83,0.348,0.541,2.25,0.319,1.098,2.792,0.607,0.025,3.1,0.1345,0.303,0.478,6.76,166.32,136.43,45.81,0.376
0.47698320951239137,0.3029744366163778,0.44046939754427816,0.5314793630356509,0.7721309843527087,0.9743285271549127,0.5017046425556602,0.2970339823615391,0.9185730948483517,1.017,0.24,1.73,0.304,0.493,1.224,0.969,0.805,1.453,0.272,0.0053,5.054,0.0908,0.366,0.237,24.85,106.86,24.87,23.59,-0.44
0.19786610384548584,0.707159478515111,0.7977931872738275,0.7188415789319456,0.919509730709041,0.9497688979684842,0.7294336463899025,0.8498609507335126,0.9474166979764541,0.936,0.541,1.183,1.296,0.405,1.5,0.637,1.009,1.291,0.163,0.02,2.767,0.7102,0.151,0.287,32.3,100.03,59.33,57.46,0.341
0.546936701441243,0.2729274746693202,0.38001514205855424,0.5090549102768951,0.582543803269076,0.9935565834456603,0.683267825315008,0.021966370706316796,0.9111459823036357,0.126,1.227,0.817,0.572,0.453,1.887,0.06,1.315,2.091,0.23,0.0023,5.462,0.1013,0.259,0.314,15.07,320.51,212.89,41.59,-0.542
0.271442721475044,0.6137125361807203,0.5201844796974915,0.6611663777047967,0.7885076279559876,0.9526977206796405,0.9738344421938107,0.7897620366719276,0.942130493279358,1.587,0.131,1.477,0.552,0.493,2.419,0.842,2.381,0.98,0.154,0.0523,3.24,0.1438,0.204,0.279,32.51,185.21,63.52,49.49,-0.146
0.2547901937405261,0.7636557551700762,0.5694822903424827,0.7386903201905465,0.6984303145992306,0.9564800670625702,0.7631498258210122,0.7683901238126101,0.9146882541274323,0.37,0.522,0.224,0.164,0.531,1.125,0.562,0.126,0.99,0.183,0.0279,1.383,0.8365,0.284,0.082,45.13,352.69,72.28,40.54,0.419
0.2675793563902297,0.5679870911760418,0.67943960072842,0.6391227946088005,0.8103666583970617,0.962720658545014,0.8053114159981869,0.7330939436251509,0.9183288657480331,0.182,1.736,1.738,1.749,0.58,2.639,1.51,2.186,0.447,0.216,0.0228,2.603,0.7103,0.171,0.449,9.61,185.6,180.67,144.45,-1.709
0.5138341530515554,0.0015833337063251296,0.4588005471134904,0.5344024217179699,0.894218321958655,0.6146243068414834,0.3430571436982479,0.8942690445480473,0.9431373336484029,0.243,0.533,1.301,0.133,0.513,1.628,0.405,0.161,1.195,0.875,0.0159,2.389,0.0083,0.573,0.386,24.21,382.61,193.75,113.88,0.827
0.39371450400877117,0.23684559497655644,0.4469297540373408,0.5393332565694255,0.93477031328254,0.9157453080873245,0.8050665987403376,0.7174079711013011,0.8981538263170047,1.659,1.601,1.962,1.414,0.587,1.234,0.177,0.574,2.937,0.507,0.0367,3.305,0.1849,0.377,0.173,7.14,315.64,77.26,36.63,-1.938
0.42208041482905695,0.6369811644017456,0.13784954277317663,0.6615634420700607,0.4135992698431511,0.9606420296413739,0.995040027849663,0.7037608180763053,0.9510867847165598,0.28,0.541,0.828,1.646,0.692,2.58,0.24,2.045,1.635,0.095,0.0827,1.587,0.931,0.708,0.125,6.79,229.4,20.77,18.380000000000003,-0.61
0.3804048140605293,0.5684157404884527,0.5597306766182282,0.6067954068608004,0.6417118493138558,0.9944943808395647,0.9180179328350953,0.3034923043659268,0.9479813680503318,1.393,0.476,1.591,1.938,0.787,2.007,0.366,0.597,2.937,0.274,0.0067,2.737,0.2256,0.237,0.275,1.16,278.99,117.98,18.87,0.434
0.47145361410097564,0.7505907983963132,0.07224736547457045,0.7150537680734552,0.1958703926110995,0.9486002281774549,0.8277398356465906,0.70048639045501,0.92668221471018,1.394,1.156,1.315,1.638,0.672,2.856,1.376,1.115,0.793,0.065,0.0482,2.081,0.7102,0.55,0.227,3.1,306.16,9.86,6.24,1.049
0.42369388747752623,0.4458231070051657,0.48795266583116215,0.5645367432368981,0.6829452538513069,0.8935969407330291,0.6392191616888612,0.342588145889147,0.9452199777084711,0.495,1.974,1.36,1.531,0.563,1.05,0.05,0.61,0.735,0.418,0.0079,1.734,0.3087,0.291,0.432,8.620000000000001,141.18,33.480000000000004,11.47,-1.575
0.5292934419596361,0.0021084800358923683,0.19057893332640907,0.48035565199641395,0.7773316022216055,0.9367585948366961,0.684085453577961,0.6005550432466,0.9145996510810828,1.879,0.918,1.676,1.172,0.68,2.342,1.946,0.817,1.375,0.46,0.0473,5.2,0.5745,0.45,0.245,11.82,220.95,33.4,29.03,-0.452
0.17975442450346443,0.744259091996935,0.8056088740491615,0.7333787728143101,0.9375615968016479,0.962592333311315,0.7621003950526432,0.8642770272031937,0.9375485046781064,1.563,1.364,1.927,0.936,0.66,1.449,0.139,0.9480000000000001,2.292,0.209,0.0236,1.604,0.3448,0.281,0.369,6.92,395.49,44.96,8.43,0.024
0.401053292014565,0.2304063625306937,0.5082534772295573,0.5548381168552083,0.963670377770007,0.8034018855714131,0.5891590645652,0.7987968080554841,0.9275557188949325,1.483,1.772,1.427,0.612,0.452,2.212,0.838,1.37,2.657,0.644,0.0324,2.735,0.7382,0.45,0.469,11.93,224.29,82.65,11.84,-1.202
0.3041655449076501,0.5030685157732813,0.6262087172933635,0.6127964930071712,0.8116644731970067,0.8556972932969769,0.912159134304129,0.632881440672278,0.931003951606547,0.48,0.796,1.875,0.309,0.658,2.886,1.222,2.005,1.212,0.821,0.0118,3.952,0.2445,0.156,0.113,9.7,363.85,39.22,29.77,-0.32
0.2728633090481666,0.5488474259803129,0.6607772184544716,0.6325921230377121,0.8278707936625331,0.9925692840935902,0.9630463378849599,0.6734563346604774,0.9340016890414516,0.123,0.877,1.285,1.504,0.74,1.001,0.4,0.754,1.748,0.282,0.0143,4.242,0.4671,0.277,0.456,19.78,200.6,143.36,108.98,0.041
0.20958097347482973,0.636611211836042,0.7589041048534311,0.6906365443225007,0.940084325677239,0.9003323615490972,0.8572666887859548,0.8331901417591763,0.9384595036389972,0.106,0.356,0.74,0.836,0.789,2.955,0.567,0.375,2.165,0.912,0.0182,1.543,0.0161,0.154,0.078,6.4,317.68,55.67,11.600000000000001,-0.107
0.3408760436563016,0.363017803517958,0.5080248393070275,0.5741858658117363,0.9200175324474867,0.9508223175765511,0.9640039415500136,0.7143475407284928,0.9064073742990737,0.227,0.522,1.185,0.484,0.67,2.226,1.568,0.249,0.263,0.064,0.0589,4.787,0.3611,0.537,0.481,32.08,186.45,128.26,56.55,-0.982
0.22603190652825364,0.6075660624168582,0.6733512965869972,0.6673613525784946,0.9408483264103362,0.9896434750733859,0.9156320269853072,0.8470135637362926,0.9430600409617925,1.393,0.216,0.207,1.672,0.591,2.615,1.175,1.718,1.378,0.244,0.028,1.022,0.9989,0.506,0.168,14.22,112.97,16.33,11.88,-1.834
0.3193311247512918,0.6400871572116283,0.395725633921838,0.6789010035721154,0.6334900152596167,0.9600639340898242,0.9826058053216228,0.7221043774566339,0.9326456003131052,1.72,0.539,0.114,1.556,0.652,1.991,0.066,0.618,0.61,0.561,0.0812,1.032,0.2691,0.255,0.318,23.25,166.23,30.83,6.640000000000001,-1.15
0.1900802152863723,0.7384849588375784,0.6841242381023942,0.7293943392863452,0.8503978885403196,0.9982335717545121,0.9131843581945932,0.8781224311988123,0.9463916129066966,1.528,1.427,1.152,1.304,0.408,2.272,0.328,0.024,2.217,0.819,0.0319,3.365,0.775,0.11,0.206,8.28,68.61,36.41,30.24,0.794
0.5180764858850465,0.05584206973058781,0.24188703065277417,0.47342765948351107,0.8958538243868268,0.9883302538834209,0.5863947862534016,0.5378751639265955,0.9096295700332623,0.705,1.853,1.733,0.869,0.747,1.067,0.374,0.044,0.467,0.146,0.0152,3.465,0.908,0.854,0.309,3.35,61.89,16.58,11.920000000000002,-1.445
0.23400514722497032,0.7284209070235881,0.5687891323506037,0.7190362252803467,0.7475187924391543,0.959020811045665,0.9537698427242713,0.8297074122965498,0.946467153732736,1.954,0.637,0.317,1.45,0.763,1.514,1.224,1.04,1.678,0.217,0.0449,2.841,0.3339,0.257,0.338,12.78,216.64,83.18,63.99,0.263
0.44981485464254306,0.5288600854791574,0.09907588923130817,0.614888847811161,0.42202353592222386,0.9988747794591697,0.9858742732503005,0.684346035084062,0.9468536471149371,1.364,0.317,0.447,0.873,0.419,2.373,1.275,1.162,2.652,0.804,0.0659,2.869,0.0385,0.113,0.075,11.13,374.09,37.15,16.97,0.055
0.472202302255524,0.14325167623014023,0.24083638937891272,0.5070243148778307,0.7854747768384541,0.9592885175355064,0.7894134115713104,0.6372570973821565,0.9174143526674563,1.66,1.038,0.297,1.354,0.501,1.262,0.152,0.833,1.435,0.37,0.046,3.849,0.5027,0.528,0.362,7.9,265.92,241.22,83.25,-0.977
0.21589673767552447,0.6248324515050065,0.7024042162079012,0.6751601753817178,0.9050851515040679,0.9684731985169167,0.978873763193845,0.8494192282283459,0.9297667835482067,1.628,0.595,1.954,0.689,0.793,1.951,0.6910000000000001,1.867,1.818,0.333,0.0377,5.546,0.2726,0.168,0.412,12.58,66.36,44.21,7.51,0.358
0.40045025457785705,0.34909307378207544,0.305629713036205,0.555583412396604,0.7850037320967601,0.9740157342637686,0.9552860100267773,0.6469402136504521,0.9225526316561957,0.878,1.499,1.947,1.067,0.687,1.31,1.041,0.534,1.677,0.307,0.0994,2.701,0.7726,0.2,0.375,39.86,173.21,106.56,102.29,-1.508
0.53434693591013,0.04144366198258709,0.4883757677123347,0.5231175788620592,0.9801305624780161,0.6326766436553872,0.17580459887140754,0.7612578377096157,0.9322533427809471,0.41,1.823,1.476,1.611,0.627,2.153,1.962,2.051,2.307,0.864,0.0166,3.991,0.9709,0.42,0.464,16.51,277.78,131.31,73.42,-0.102
0.26309391640130214,0.581888774827533,0.6781585780587426,0.6422039605890262,0.8226950337184069,0.9907883330243841,0.93128143491577,0.6737123499172248,0.9320103698489951,1.995,1.069,1.773,1.394,0.463,1.999,0.916,0.189,1.152,0.374,0.0151,5.078,0.4631,0.177,0.314,8.33,244.91,30.06,26.46,0.362
0.3736084088017295,0.3051258482970868,0.44516823076376455,0.5895808673121357,0.7986980365849204,0.8772897558199879,0.7544018054435191,0.8034596005008445,0.945165563942049,0.505,1.891,0.871,0.635,0.477,2.201,0.307,0.042,1.064,0.585,0.0273,4.02,0.5247,0.471,0.257,3.58,99.44,27.73,23.32,0.853
0.24037596839707223,0.5623701564976082,0.7012854694909767,0.6494055448502285,0.899434710716839,0.9281512768061935,0.9479700873090938,0.8139125376026884,0.9227545800034547,0.918,1.789,1.298,0.113,0.545,1.235,0.373,0.885,1.204,0.962,0.0202,4.363,0.7023,0.109,0.191,44.86,100.83,74.78,56.5,-0.512
0.34513764656057294,0.3880665364329865,0.45247881730568995,0.587435196425899,0.8434797627675836,0.9897148261021248,0.8688779453453108,0.7488348567779053,0.9397758997187196,0.949,0.634,0.13,1.978,0.502,2.378,1.114,0.41000000000000003,0.625,0.229,0.0313,4.199,0.2567,0.587,0.453,21.62,115.71,85.10000000000001,33.48,0.332
0.47392121601605053,0.2844291320927296,0.5270879593780537,0.5574647450664534,0.8647494737674549,0.688395043147275,0.25640967899452316,0.5598289270867576,0.9432713300421419,0.567,0.907,0.887,0.239,0.666,2.176,1.265,0.457,1.792,0.841,0.0064,5.062,0.3859,0.315,0.201,31.96,144.39,59.76,47.74,1.16
0.31192848473216267,0.46169103813312207,0.513261597865095,0.6006552330332313,0.8952879933843025,0.9537553043851015,0.9785480516951901,0.7306223342521152,0.9218956200729216,0.872,0.221,1.637,0.632,0.741,1.841,0.961,0.487,0.217,0.076,0.0623,2.564,0.571,0.566,0.33,27.32,387.82,179.66,137.84,-1.65
0.3554974801694078,0.328959445950352,0.5075995430713416,0.5563977752942646,0.9484658542405667,0.9756809020816508,0.9624940007411783,0.6774856794181026,0.8867669453552647,0.488,0.376,1.464,1.736,0.46,1.778,1.222,1.196,2.326,0.303,0.0545,4.216,0.027,0.184,0.418,23.0,130.91,33.54,23.0,-1.864
0.35257063515954573,0.397802062537554,0.4243984795339907,0.5874680025222832,0.8143268850379942,0.9643642659773076,0.9600802004692456,0.7039862861423231,0.9268960556518123,0.326,0.851,1.118,1.171,0.529,2.558,0.427,1.716,1.169,0.19,0.0457,4.606,0.4424,0.328,0.19,17.53,138.61,30.05,22.53,-0.218
0.2558608445202069,0.6342094831996967,0.5564106415766077,0.672930544592069,0.8002366656353085,0.971112370362619,0.9931700515105524,0.794342511911745,0.9444303246842994,1.934,1.451,0.497,1.212,0.427,2.51,1.658,1.477,2.474,0.247,0.0383,3.059,0.7697,0.362,0.303,30.24,187.62,183.94,45.46,-0.126
0.4133727138625093,0.19013593932181638,0.4253910671421953,0.5216770708125201,0.942142019702183,0.9329280059238394,0.9374083213581015,0.6470874038634227,0.8740764500847811,0.259,0.685,1.82,1.779,0.747,2.741,1.262,0.907,2.267,0.914,0.0572,5.118,0.4486,0.131,0.271,12.38,298.98,170.94,152.4,-1.861
0.2647597327424152,0.5438047710304825,0.7032676170335886,0.6530731213792818,0.9229875224941712,0.7531073807411302,0.8592412069906759,0.7675786442001917,0.940504925142184,0.596,0.637,0.325,0.352,0.636,2.582,1.693,1.104,2.903,0.927,0.013,2.418,0.292,0.225,0.287,22.12,197.11,90.89,21.3,1.005
0.30484901348563154,0.6448120598028364,0.5541295736494034,0.6694722291494295,0.7945630681947503,0.9475706989322978,0.588294841604664,0.7254763964723967,0.8605785524993516,0.599,0.637,1.719,1.456,0.677,1.618,0.555,0.16,1.067,0.098,0.0227,1.67,0.6108,0.345,0.25,3.94,187.36,95.71000000000001,92.25,1.923
0.22574286118900508,0.5845803973522942,0.7567106085818922,0.6860833258070341,0.9776555713981853,0.8840847164926353,0.7970732321576803,0.8712646178893413,0.9246066031326268,1.407,0.801,0.446,0.43,0.57,1.604,0.257,0.169,0.716,0.457,0.0123,1.027,0.0202,0.471,0.119,9.91,182.37,70.79,29.15,-0.78
0.2869830866488977,0.614576552836545,0.6999259729538035,0.6629162098510407,0.8576437254224111,0.9544046532859339,0.6381632909462305,0.6251678098881827,0.8864923793241585,1.518,0.823,1.867,0.624,0.631,1.136,0.367,0.762,0.296,0.14,0.0125,1.745,0.6841,0.27,0.439,25.92,335.24,36.99,6.2,1.568
0.268699983815558,0.514818614965346,0.627420598913129,0.6198017757593108,0.9480393086761489,0.9533346789975095,0.9817787114193708,0.7818155374295848,0.9224349723529902,0.33,0.107,0.438,1.133,0.659,1.706,1.191,0.745,1.607,0.06,0.0198,2.145,0.9063,0.718,0.376,32.82,71.93,69.58,55.21,-1.891
0.3535392263211566,0.35960191990144874,0.4533681998253699,0.5806202272640744,0.8468129671136234,0.9995736319254988,0.982740892410877,0.7110658908272987,0.9112463433230511,1.217,1.755,1.333,1.115,0.615,1.708,1.057,1.674,1.918,0.545,0.0445,5.638,0.1494,0.19,0.176,24.99,224.72,109.8,87.87,-0.468
0.3267986096778075,0.42585668208204364,0.5058725613820629,0.6403801641409923,0.77254688644786,0.835804696200463,0.7918018042363857,0.8665204744319845,0.8932692184461781,1.334,1.43,0.665,0.982,0.745,2.31,1.233,1.549,1.921,0.588,0.0175,1.989,0.6381,0.614,0.325,3.31,265.29,111.57,10.89,1.788
0.35413020997232697,0.7510212429791783,0.33414118123530256,0.7248883360962357,0.4731768068734359,0.9463428467326758,0.7598058941023884,0.7208378182136026,0.9214230939169208,1.229,0.957,0.299,1.555,0.415,1.465,0.73,0.364,1.099,0.052,0.0398,1.978,0.5406,0.598,0.389,5.19,127.42,80.6,57.04,1.069
0.2682156109403715,0.6946464898623277,0.5051948917197067,0.7029380978915696,0.7152435693189667,0.950172749668281,0.9157569206997475,0.7632359499568624,0.9502487677906895,0.657,0.93,0.683,0.894,0.498,1.521,1.142,0.872,0.351,0.06,0.0534,1.663,0.6893,0.826,0.311,17.12,290.18,219.71,101.74000000000001,-1.04
0.27221056908381985,0.5136982262478684,0.5989017593822469,0.632874798969064,0.8951332325799369,0.9594504317594456,0.9850309161594588,0.795827247133468,0.9219824924993579,1.898,1.285,1.355,1.416,0.673,2.469,0.228,2.201,1.746,0.275,0.0447,5.136,0.9542,0.151,0.296,49.57,85.53,53.44,11.13,-0.159
0.20610040895808127,0.6401602644435445,0.7165427740485322,0.6807565557074788,0.9246287573393106,0.9644110457591735,0.9789086308370064,0.870582814223593,0.9373185360996856,1.751,1.682,0.578,0.5,0.62,1.554,0.796,0.292,2.203,0.191,0.0343,1.919,0.9059,0.264,0.229,3.34,111.12,52.44,25.13,-1.63
0.23039013828964497,0.6366990424917605,0.6354599758317712,0.6794133025154308,0.8747401432268331,0.9578107628469583,0.9584932581907418,0.8161484300457805,0.9368342800461118,1.656,1.788,1.712,1.786,0.79,1.667,0.628,0.219,1.305,0.274,0.0641,1.962,0.8634,0.106,0.312,48.05,238.12,164.22,62.05,-1.592
0.40008476137130305,0.25798583320092494,0.38880048208081763,0.5472376196690543,0.8348299118046918,0.9128923766714301,0.8507454189965803,0.7020465295241025,0.9259946881729828,1.485,0.451,0.66,1.959,0.753,1.109,0.584,0.627,2.096,0.6,0.0538,3.339,0.3611,0.302,0.181,5.13,261.87,6.89,6.07,-0.943
0.40408758672978556,0.4824793058632558,0.533826790146137,0.5849654280372022,0.7219448421172802,0.8770815123925295,0.6511881617674038,0.34307582721158403,0.94296752751807,1.024,1.959,1.446,0.95,0.799,1.898,0.468,1.142,1.236,0.541,0.0049,4.108,0.3093,0.273,0.234,13.82,102.58,80.15,68.55,1.195
0.5036505525351244,0.09954154472599508,0.1741518325135475,0.4835231587287707,0.8098140827991017,0.9166026608312393,0.7398971149670068,0.6092188506789378,0.9211148758152059,0.292,1.093,0.166,0.854,0.42,1.216,1.037,0.813,2.075,0.634,0.0929,3.515,0.6922,0.3,0.456,17.05,65.07,32.879999999999995,27.13,-1.071
0.36746616504966684,0.3200798555930492,0.4553837993088742,0.5675398744635233,0.8832909019464811,0.9628179525561249,0.9762614562336266,0.671364401740654,0.896256578416603,1.209,1.63,1.58,0.329,0.707,1.152,0.755,0.161,2.841,0.17,0.0682,4.377,0.2012,0.299,0.392,22.64,328.59,200.77,89.27000000000001,-1.527
0.3404690426809121,0.48942190284845555,0.39351603099119237,0.6202980074728051,0.7086844508146759,0.9091706171813106,0.9856372945808177,0.7584354791889379,0.9452960686444156,1.839,1.982,0.424,0.316,0.562,2.449,0.942,1.101,1.009,0.925,0.0473,2.972,0.6899,0.198,0.114,7.48,171.68,47.65,36.07,-0.153
0.243494240790682,0.571871323215893,0.6799197419540881,0.6539152188751324,0.9629822273025089,0.9948576896412314,0.8565370907529142,0.7894900967641618,0.9499743401578659,0.526,1.958,0.601,1.461,0.625,1.027,0.409,0.302,2.764,0.194,0.0059,2.426,0.5356,0.597,0.446,22.48,378.09,36.76,11.62,-0.306
0.4937991472316826,0.12028378804494166,0.22793136348518805,0.4819951427327428,0.9115021283539999,0.9737239740026309,0.7153228864404356,0.5377651136140699,0.904309325270843,1.333,0.203,1.906,1.706,0.782,2.771,0.959,2.294,0.45,0.116,0.0098,2.911,0.7662,0.893,0.067,22.07,199.27,63.58,56.25,-1.951
0.239051143186357,0.5532542669488012,0.7040477718742721,0.6651564813564939,0.9600892794524195,0.8160289818019069,0.934018407106436,0.8794427950333963,0.9404338373031169,1.224,1.49,0.272,0.934,0.732,1.416,0.667,0.676,2.283,0.995,0.0221,5.16,0.6511,0.222,0.4,48.96,234.68,208.01,79.32,1.664
0.30204104053473513,0.44031058592215166,0.5605533410246218,0.6205441581033717,0.8938727279253796,0.9057807118589732,0.8340590982500298,0.8301177361273528,0.9457658734222962,0.727,0.677,0.625,1.092,0.402,1.118,0.129,0.447,0.996,0.536,0.0255,3.399,0.2342,0.445,0.293,24.48,148.94,52.39,8.42,0.202
0.20473169755104656,0.6688307850316235,0.6767884023755848,0.7029799492065815,0.8881372021693075,0.9877844867003539,0.9875665616574384,0.8714681029295424,0.9398061112336985,0.231,0.23,0.293,0.783,0.534,2.449,0.255,2.445,1.017,0.528,0.0218,5.628,0.4179,0.248,0.183,23.64,332.74,145.38,133.86,1.592
0.45396171870873,0.1931738327676823,0.28302842820765417,0.5069133161376502,0.8817789285513747,0.9672785299003108,0.7910942103656761,0.5830629907415711,0.9107041727723212,0.984,0.208,0.103,1.795,0.475,2.393,0.793,0.335,0.209,0.108,0.0448,3.51,0.5607,0.682,0.189,11.97,61.29,13.17,9.02,-1.455
0.30771828657452527,0.5948153473960571,0.7008961403646382,0.6572843158510022,0.8653385515914148,0.9462753130752146,0.5052970223133693,0.6569965668967456,0.9449531972106707,1.79,1.292,1.181,0.455,0.617,2.994,1.703,0.8130000000000001,1.635,0.123,0.0181,3.373,0.8825,0.117,0.471,46.93,380.37,249.07,123.18,1.342
0.3071360935356364,0.48796600662863276,0.5118020315590153,0.6207984268251041,0.845162988287663,0.9249432067009129,0.7688095819835778,0.8560992873058733,0.9188440214786003,0.307,0.279,0.512,1.549,0.576,2.445,0.586,1.891,1.874,0.385,0.0018,2.136,0.4146,0.759,0.095,36.75,298.68,114.07,19.08,1.314
0.2886208163841,0.471046567566198,0.6530867704801105,0.6276464741346104,0.9668525244844813,0.9659685388660446,0.7332119210060561,0.7738064416306802,0.9449379072594425,0.456,0.789,0.429,1.706,0.436,2.428,1.814,2.095,0.363,0.329,0.0118,3.998,0.4685,0.474,0.492,36.45,310.77,69.94,51.589999999999996,0.538
0.1743108478694096,0.7337168188709475,0.786626835368502,0.7284196584947704,0.9400024164887514,0.9890099056647464,0.8300465943270362,0.8691029360765555,0.9439218580358616,1.239,1.943,0.336,1.058,0.678,1.656,0.889,0.955,2.954,0.574,0.0163,3.887,0.6271,0.147,0.076,48.9,359.65,64.37,55.32,1.31
0.19844291636604233,0.6670899756770268,0.7458179445187498,0.6961337628268293,0.9792296592246325,0.9819629019070492,0.8555716786116425,0.8503164607552965,0.9430527364460424,0.75,1.537,0.534,0.96,0.506,1.547,0.526,1.091,1.728,0.264,0.005,2.114,0.495,0.573,0.296,28.32,56.33,50.87,15.12,0.6
0.30336549048862155,0.5008362378991262,0.6199439291150677,0.6075473326587235,0.7854026272743502,0.9815103604847802,0.9444428171939844,0.637797581800235,0.9108501229418137,0.75,1.461,1.733,0.356,0.796,2.236,0.352,0.705,1.351,0.253,0.011,4.285,0.9458,0.232,0.108,31.2,377.26,154.23,54.91,-0.95
0.31616440123455386,0.4370656593223178,0.5100053370374668,0.6026819459462901,0.8760751590013081,0.8978882569057711,0.8934092457527166,0.7907315168613218,0.9376390352819909,1.294,1.583,1.908,1.28,0.642,2.328,1.466,1.68,0.817,0.564,0.0308,2.15,0.0975,0.404,0.077,46.7,298.49,156.77,65.45,-1.523
0.28074036486382153,0.6305063964705304,0.7319403806124238,0.6800219772722069,0.9432468422895481,0.9469504303515736,0.5037489853025583,0.7573043109625989,0.907521044171065,1.615,0.468,0.966,0.77,0.469,1.533,1.064,1.393,1.159,0.137,0.0226,1.821,0.5442,0.143,0.379,49.05,162.63,52.11,16.54,1.178
0.46629544236023984,0.17832791604950293,0.23458590889582331,0.5199869464338285,0.7630359609511378,0.996301688368718,0.8927336395478636,0.5851206131240386,0.9092331036189176,1.5,0.338,1.442,1.633,0.617,1.734,1.323,0.576,2.816,0.339,0.0916,4.491,0.1244,0.321,0.423,2.68,333.57,243.73,80.57,-1.057
0.4553444065957433,0.22864753635510904,0.2961612651209453,0.5939238086442669,0.5803512272706659,0.777069562608906,0.776695961051374,0.6971376660688778,0.8101489837333733,1.679,1.008,0.758,1.822,0.613,1.621,0.731,0.531,2.107,0.679,0.0214,1.088,0.7734,0.59,0.257,37.51,100.02,56.660000000000004,12.350000000000001,1.613
0.3258174917706429,0.3615928345377025,0.5558458087664565,0.5953377821320107,0.9272387622567116,0.833712334618747,0.9169543358083081,0.8115363420426014,0.927149328154575,1.408,0.181,0.325,0.75,0.768,1.145,0.988,0.41000000000000003,2.82,0.964,0.0367,4.805,0.3994,0.215,0.273,33.2,159.57,58.91,32.31,-0.118
0.29138987807940486,0.4290305687776711,0.6697310484885886,0.6277910745901073,0.9680761000897125,0.8430465125249627,0.7802759992961268,0.8329547770886231,0.9383148567272996,0.837,0.851,1.195,1.292,0.705,2.87,0.116,2.74,1.114,0.716,0.0173,5.391,0.1656,0.32,0.299,8.5,138.18,131.11,75.98,0.869
0.2583302961736509,0.5779838673914737,0.5840562577572528,0.6564670234992902,0.8485416949688642,0.9927048978670309,0.9810110042291471,0.8085660964687362,0.93104886894694,1.993,1.036,1.128,1.587,0.557,1.742,1.435,0.407,1.015,0.706,0.0415,4.555,0.6346,0.127,0.252,41.74,273.1,76.0,44.97,-0.005
0.17971531734768936,0.7226474569146893,0.7746672707903643,0.7249989216086155,0.9321686469720198,0.9833103559950394,0.8272344621308724,0.8667532497180082,0.9492690135801611,0.98,1.161,0.611,1.353,0.61,2.221,1.566,1.486,1.157,0.777,0.0227,2.76,0.1997,0.131,0.259,7.97,107.53,90.05,47.3,0.803
0.34349370541289037,0.38535462911511975,0.4604521191473435,0.585846604655212,0.847815510127883,0.9912629188140343,0.9523472863585194,0.7307556187259123,0.9259746719193394,0.762,0.199,1.857,1.931,0.773,1.925,0.535,0.232,1.285,0.405,0.0634,4.085,0.2743,0.319,0.446,7.39,166.52,127.97,90.07,-0.546
0.48937953031025705,0.3942701879474967,0.06211329250627373,0.5855493634865869,0.4034510874275711,0.9637713698023564,0.9393046821367335,0.6346365711331097,0.9428011312759895,1.868,0.941,1.218,1.227,0.582,2.982,0.183,0.28500000000000003,2.078,0.154,0.0342,5.019,0.2636,0.599,0.081,10.99,72.17,41.94,28.84,0.973
0.523866584353794,0.28075005144019816,0.015607894269003886,0.5491647362258361,0.43614423254621537,0.9614496969164872,0.9362207891928305,0.5786407570567667,0.9303006992475775,1.627,0.291,1.53,0.503,0.759,2.598,0.197,1.098,0.27,0.154,0.0772,5.224,0.018,0.498,0.409,47.48,267.15,155.41,107.54,0.285
0.2375679783620705,0.7489666351522495,0.5597990045043593,0.7327251948023401,0.7219505565938261,0.9484251253206332,0.9221839067316696,0.8141750904915361,0.9478448036462724,1.169,1.497,0.3,0.346,0.777,2.2,0.264,1.729,0.323,0.071,0.026500000000000003,3.16,0.7859,0.569,0.236,19.16,211.66,120.59,74.65,0.927
0.18384319867635673,0.6893136439064894,0.7749643299085143,0.7140520698555631,0.933494567042044,0.95417116468775,0.8608263682070544,0.88893767259471,0.9432030365931522,0.209,0.693,0.844,1.015,0.591,2.79,1.003,1.346,1.654,0.154,0.0268,1.816,0.7694,0.217,0.19,35.67,214.75,146.68,10.370000000000001,-1.458
0.3501094414385513,0.6946427714928072,0.34383916348078436,0.6981659923483607,0.4919255353619014,0.9885542735776134,0.9265048723699494,0.7055079818500696,0.8762204762205338,1.07,1.683,1.96,0.656,0.668,1.287,0.617,0.121,2.151,0.232,0.0294,1.1,0.5352,0.572,0.166,7.95,108.7,14.47,9.98,0.527
0.5290712198557337,0.11777079130022661,0.38244000107413434,0.5006986959653373,0.9175363764184407,0.9339102883837478,0.2981692692987359,0.4382431018007683,0.8950474495631408,0.738,1.979,1.785,1.092,0.514,2.504,1.14,1.654,1.227,0.343,0.0068,5.092,0.4501,0.47,0.098,38.71,161.7,46.89,17.28,-1.33
0.2725559282854468,0.6668875164395376,0.49794679154316535,0.6909119980413707,0.7090778749299774,0.9474427111417391,0.9348879200073671,0.7972496144412551,0.945301962600485,1.418,1.646,0.942,1.357,0.679,2.39,1.978,1.597,2.586,0.059,0.045500000000000006,3.672,0.6256,0.331,0.253,5.71,87.65,75.9,52.62,0.507
0.19651485269625377,0.6681052091743773,0.7605998995803902,0.6963483062438114,0.913441820808226,0.9503726604565124,0.856929061655344,0.8792188246640892,0.9347220532397579,1.952,1.904,1.786,1.418,0.444,2.759,1.352,1.894,2.595,0.174,0.0348,2.616,0.4823,0.103,0.378,17.49,123.08,33.73,18.43,-1.065
0.4233322119251798,0.18435117094419362,0.4131498371629121,0.5181847226044611,0.9450827264538522,0.960320037825246,0.8069661391173991,0.6283801988144228,0.890887895623013,1.135,0.594,0.748,0.559,0.494,2.338,0.438,1.778,2.782,0.441,0.0407,4.46,0.423,0.297,0.128,11.15,223.79,15.44,6.17,-1.601
0.15568034095703123,0.7429803523353842,0.8083462122622794,0.7349953098679172,0.9546397252587628,0.9591899221960023,0.9924640029170141,0.8800318509928831,0.9480286227917446,0.297,0.822,1.571,1.507,0.576,2.604,0.938,2.063,0.692,0.109,0.0121,2.611,0.7206,0.558,0.483,13.14,109.45,19.33,10.55,0.787
0.36258443683576574,0.3460068316512128,0.5690447952105231,0.6023562092067897,0.9366900445423374,0.8329386947383298,0.5292592170335012,0.8714317301836058,0.899275431902748,0.521,1.664,1.42,1.289,0.598,1.976,0.139,1.697,0.565,0.475,0.0022,1.136,0.6779,0.724,0.384,19.07,297.88,34.85,17.76,0.112
0.4057566475025386,0.45365326483302604,0.2426803716660324,0.6017495774625169,0.5827693233315978,0.9488054123318969,0.9566897748644152,0.6786465461449045,0.931953389976966,1.253,1.553,0.34,1.84,0.593,2.665,1.922,0.323,1.039,0.054,0.0507,5.785,0.3906,0.818,0.368,38.33,159.93,93.3,78.15,0.662
0.4394868370822234,0.21567604885892266,0.2820014959549789,0.5165320808998387,0.830067545022556,0.9548970475285808,0.8653310624907834,0.6468851774689157,0.916183637590895,1.435,1.442,1.966,0.334,0.649,2.352,1.974,1.903,1.603,0.504,0.0688,3.138,0.1004,0.331,0.309,27.5,132.12,127.83,25.17,-1.54
0.2850075479069891,0.5432049025005148,0.6646164637841647,0.635034539986148,0.850981718914309,0.8108126998807654,0.8864141341155412,0.6505233621696671,0.9504338572989913,0.108,0.334,1.099,0.613,0.665,1.073,0.719,0.773,2.09,0.953,0.0118,2.593,0.9035,0.158,0.204,6.53,360.19,60.24,20.15,0.691
0.3047723350809329,0.5115787914097546,0.6059552819016533,0.6134271632703849,0.8102617210944182,0.9627515246970584,0.9720629571793732,0.602868992665719,0.9372086300198547,1.107,1.347,0.339,0.576,0.411,1.858,0.874,0.622,1.465,0.105,0.0028,2.481,0.6892,0.484,0.05,31.81,322.59,72.82,32.86,-1.047
0.46447829141278624,0.2303956474193085,0.4167214651119795,0.518894646753816,0.8456303396868917,0.9978844905394224,0.5847977888651996,0.4050676880948797,0.8914560155049022,0.918,1.829,0.15,0.683,0.469,1.901,0.605,0.107,1.746,0.202,0.0069,4.791,0.2593,0.439,0.178,16.69,171.55,49.82,41.15,-1.57
0.23856798561880416,0.581951838820157,0.6491782929913191,0.6649227070541228,0.899102214704599,0.9634429756650198,0.9946402668213006,0.8294348193136092,0.9324533052816901,1.015,0.914,0.25,0.636,0.505,2.229,1.791,0.796,2.395,0.199,0.0344,4.907,0.8297,0.316,0.383,7.57,274.82,117.02,82.23,0.332
0.24531852623497044,0.5503023215694864,0.6722776184335709,0.6433749730002761,0.9265168206012326,0.9685509972013122,0.993789644030665,0.8188066682835206,0.9266538763567135,1.395,1.881,1.606,0.711,0.677,1.891,0.294,0.977,1.186,0.176,0.0269,3.081,0.9511,0.369,0.289,30.67,58.56,33.25,22.03,-1.044
0.4561034324927932,0.15600053878983278,0.30376642425433587,0.5469057770372132,0.7093931443536854,0.7516241440615505,0.7463642837091053,0.7811290817849855,0.9408932671153964,1.404,0.196,1.552,1.261,0.418,1.415,0.737,0.864,2.749,0.953,0.0262,5.416,0.7212,0.384,0.124,44.3,258.92,183.87,153.4,1.114
0.288232693890053,0.5814108431132194,0.4827719143203084,0.6382393647715042,0.8059369654294801,0.9829548884788322,0.9840911231910574,0.7762499412733894,0.9476170239297584,1.52,0.222,1.132,1.367,0.522,1.328,0.841,0.004,0.793,0.212,0.0503,1.715,0.8306,0.523,0.334,10.89,153.12,86.03,28.21,-1.226
0.48709516617727444,0.1406424821047504,0.24882554674077362,0.5367067156788222,0.6385649092980539,0.8391710702074924,0.5758083860409728,0.8061856049815603,0.9182031620526082,0.798,0.828,1.117,1.611,0.728,1.707,0.026000000000000002,0.74,1.791,0.525,0.0065,2.272,0.9496,0.789,0.116,21.18,194.4,27.28,14.13,1.61
0.3805677461346759,0.30588407798840167,0.5887469717409031,0.5847890455051499,0.9811636200426169,0.9208120742161049,0.4966869448797856,0.73182682306166,0.9411616542898857,0.869,0.696,1.495,1.125,0.41,2.872,1.062,2.143,2.932,0.408,0.0116,4.646,0.5377,0.505,0.357,2.43,63.61,33.87,17.09,0.694
0.539086364001696,0.06532015870300734,0.08436718617306194,0.4833557168544662,0.6652737642222712,0.8914745536671544,0.7812540882930139,0.5898941936950891,0.9217330187321019,0.832,1.484,1.721,0.403,0.733,1.78,1.231,0.084,0.962,0.696,0.088,3.702,0.1971,0.337,0.393,39.37,279.18,62.11,21.66,-0.947
0.2764840033565449,0.6606309703113972,0.4846784738748737,0.6936106174661937,0.6891665619940599,0.9993817089058431,0.9946472700357841,0.8078808284767203,0.9417854887849714,1.49,1.205,1.481,0.268,0.756,2.621,0.876,1.202,2.133,0.438,0.0273,4.628,0.3949,0.333,0.134,33.71,399.47,133.9,96.85000000000001,1.286
0.2874861565731833,0.6143661706744037,0.7239957882442128,0.6636379524603475,0.9149476921044792,0.9463158415627207,0.5068926764098394,0.7471682922394487,0.9227955276904142,0.665,1.137,1.557,1.161,0.733,2.708,1.322,1.327,1.871,0.083,0.0314,1.346,0.0737,0.163,0.499,2.51,108.83,15.72,14.46,0.052
0.36318615776299,0.8028190794526401,0.27880947646172194,0.748518933552555,0.39964911185643337,0.9693003058354336,0.9146532353910115,0.7591058847108253,0.920520675974563,1.458,1.467,1.399,0.299,0.556,1.309,0.067,0.167,2.28,0.284,0.0377,2.73,0.9526,0.375,0.349,22.21,104.37,71.81,32.73,1.992
0.49529337834197107,0.3733438399355655,0.45143884755147945,0.5378955698113075,0.5509770025180508,0.9478614801772625,0.512529523825249,0.22454310050465476,0.8901568660365933,1.446,1.689,1.776,0.126,0.67,1.721,0.77,0.483,0.357,0.071,0.0108,3.655,0.7863,0.14,0.413,47.74,292.0,134.73,42.28,-1.888
0.4722786721568373,0.6563922641547288,0.03863628413043685,0.6695778209819925,0.2810280401039602,0.9755187884083889,0.98845753838013,0.6662327686375871,0.9378866786089789,1.861,1.802,0.739,0.534,0.735,1.198,0.078,0.096,2.966,0.18,0.0876,1.142,0.9283,0.474,0.187,3.35,225.51,34.51,22.7,-0.961
0.28079764434730736,0.6277065325344362,0.504903849789716,0.6962307262986519,0.6929498618499863,0.9196511471528127,0.9313125727141838,0.7957704570904175,0.9127260250913761,0.219,1.298,1.252,1.648,0.565,1.036,0.352,1.026,1.885,0.485,0.0328,1.358,0.1803,0.502,0.388,34.84,219.01,35.4,24.06,0.343
0.4162667677523552,0.5715769792878282,0.18335259940886095,0.6345272918637929,0.44745781466719015,0.9971631801351136,0.9988441158005288,0.6933990836724807,0.9463507554697512,0.888,1.016,0.658,0.416,0.446,2.618,1.44,0.934,2.928,0.471,0.0538,3.207,0.8464,0.306,0.271,39.43,324.58,117.9,31.88,0.345
0.2669445757989802,0.6095305481695175,0.684560184921075,0.6591043751869283,0.8488975770880324,0.8832256667052768,0.7774001656965089,0.6689723322457537,0.9206364980333552,0.666,0.979,0.51,1.454,0.735,1.767,1.43,0.209,2.741,0.446,0.0039,1.426,0.6626,0.39,0.164,17.83,342.4,187.52,136.4,0.306
0.5730019605988236,0.2275325717689073,0.37026428557843727,0.5026647813740562,0.7630558406977568,0.7637432448843571,0.10474646614666594,0.31795022656439753,0.9139530062500872,1.005,1.637,1.39,1.184,0.696,1.292,0.47400000000000003,0.296,1.527,0.585,0.004,2.584,0.0851,0.342,0.091,29.25,192.89,94.69,70.45,-1.964
0.5153966671133411,0.02316200957775083,0.2290501297419919,0.49914437137643497,0.7423807855120041,0.9191501486041852,0.6453076119765194,0.6513774775821203,0.9265931770033918,0.839,1.49,0.922,0.156,0.63,2.185,0.596,1.231,2.431,0.454,0.0397,5.341,0.2791,0.553,0.416,2.83,346.38,80.46,10.870000000000001,0.048
0.2431226698021405,0.5658182779884278,0.7239369738120587,0.6676679791982147,0.9653752759304973,0.8655411339644795,0.7624548632153462,0.8616467462724471,0.9465906996198133,0.828,1.688,0.523,0.748,0.438,1.766,1.524,1.245,1.755,0.506,0.0137,1.455,0.2796,0.428,0.334,30.91,268.54,106.38,57.46,-0.917
0.36696734721398544,0.595669870550944,0.31334347016977515,0.6676194420374084,0.5239149511341914,0.9447838736674002,0.9411106473086563,0.7260509384020721,0.8462418979424836,0.584,0.751,1.938,1.938,0.567,1.117,1.06,0.081,1.558,0.435,0.0244,1.498,0.6158,0.583,0.348,8.97,359.45,194.79,189.44,1.966
0.23364903579399776,0.6475433803043624,0.6158788917531546,0.6828939251524229,0.8296980720951321,0.9511658721101168,0.9634136362624323,0.8319203710072045,0.9414579146455483,1.364,0.614,0.163,0.556,0.643,2.318,1.995,1.103,2.702,0.116,0.0454,3.597,0.2314,0.198,0.28,6.39,154.0,11.21,9.010000000000002,0.059
0.35359550853985905,0.39456385797483406,0.5594303698988092,0.5772478618940002,0.8322658869283588,0.9696434456778369,0.8719955017527208,0.5421127657942788,0.9240904876373597,1.925,0.602,0.407,1.814,0.701,2.557,1.778,0.464,0.336,0.142,0.0066,5.936,0.2146,0.425,0.344,30.63,385.96,125.77,12.760000000000002,0.097
0.24504428162122255,0.6479661237482284,0.696221598091683,0.6706833010799466,0.8435622829015142,0.9653662977883034,0.8980942545552578,0.6600357088213816,0.9361079733568793,1.972,0.699,0.618,1.903,0.517,2.818,0.307,0.705,0.974,0.37,0.0054,3.375,0.3145,0.355,0.383,36.53,284.05,222.36,168.53,1.768
0.2522245661566696,0.662126962692395,0.5483968365945713,0.6930177629461358,0.758087461755643,0.9487744707149558,0.9545216108085384,0.8272487692337939,0.940509234712767,0.633,1.092,0.693,1.76,0.655,1.683,1.502,0.164,2.866,0.119,0.0402,5.906,0.3404,0.168,0.3,21.22,97.44,25.82,21.24,1.264
0.3792426673944283,0.4043788251016982,0.5117957077617853,0.5651695776371486,0.7561751407686196,0.9732634708265564,0.8128224425944246,0.4839358083548714,0.916985524430254,1.052,1.87,0.87,0.125,0.49,2.14,0.078,0.705,2.205,0.283,0.0089,2.771,0.8624,0.334,0.436,48.76,331.54,100.08,27.85,-1.611
0.47930717815666635,0.6862995768724088,0.05978041557570846,0.6991481620152513,0.19608586458872146,0.9819048065208285,0.9531363735108572,0.6735478407983411,0.9021341093149396,1.256,1.139,1.904,1.954,0.576,2.323,0.086,0.335,1.87,0.446,0.0834,1.254,0.584,0.344,0.481,6.51,105.82,12.07,11.1,0.347
0.23177891470314646,0.7118390424087945,0.5806518286726204,0.7116891576470281,0.7668891657992907,0.9904066924010354,0.9770676932321023,0.8268810687925884,0.9468003129197449,1.882,1.787,1.181,0.854,0.628,1.342,1.2670000000000001,0.518,1.608,0.363,0.0391,2.892,0.8492,0.346,0.379,48.08,302.35,174.53,21.23,0.284
0.273493828695985,0.7710593972218853,0.4718498204513206,0.7363013376558478,0.6204078788503081,0.974547866514513,0.8838877892658581,0.8095618446524464,0.9451285833345615,0.408,0.508,0.801,0.557,0.752,1.472,0.032,0.724,2.958,0.627,0.0516,3.268,0.6283,0.114,0.412,15.64,266.97,17.94,15.35,1.29
0.43802038708408114,0.6604836385570955,0.19334289668398374,0.6695169514182329,0.36098863299738493,0.9522435888906515,0.7106714465211479,0.620097834163897,0.8548934213515129,0.997,1.876,1.579,1.348,0.43,1.665,0.9410000000000001,0.616,0.31,0.1,0.0336,1.176,0.512,0.531,0.248,8.37,309.95,9.82,6.59,1.086
0.49035113093771815,0.1388679969052956,0.44486645568811534,0.5133170628647754,0.9136672872753612,0.8396775871497171,0.3680131763023512,0.5617743175059857,0.8887961990346881,0.478,1.342,1.4,1.819,0.464,2.632,1.914,0.86,1.686,0.536,0.0164,5.725,0.7597,0.364,0.232,5.33,311.39,9.76,7.38,-1.222
0.46523472425139006,0.11308192546397577,0.4143398418012545,0.5582796117864179,0.8142205363587365,0.6484684357045802,0.5302944199873347,0.8390485846333562,0.9531891446336546,0.65,0.9,1.685,0.171,0.467,2.674,1.961,2.249,1.759,0.9,0.0412,1.765,0.2481,0.458,0.427,36.97,72.04,43.75,43.34,-0.631
0.5018654233922007,0.024496864789429584,0.39873554623998064,0.5163156305512362,0.8965641998663992,0.6562421840291941,0.4574157634033227,0.7973346336876077,0.940535381385259,1.857,1.292,0.114,1.476,0.582,2.044,0.218,1.39,2.077,0.88,0.0534,1.787,0.9581,0.4,0.394,8.67,180.51,23.78,10.59,-1.592
0.36181848015297086,0.35972028477733997,0.4404743670564102,0.6110116463597948,0.7523025280690683,0.7804961405848022,0.824045222887233,0.8277445221670098,0.9471426580693237,1.394,0.995,1.334,0.73,0.719,2.409,0.717,0.521,1.131,0.835,0.0338,3.122,0.8603,0.409,0.383,9.74,302.69,142.7,141.12,0.779
0.21248021536932502,0.6718848095725402,0.6595046954265568,0.696011963505879,0.8689629350218735,0.9622448444210223,0.9641632715854198,0.8520828198649757,0.941541031685766,1.046,0.372,1.034,1.935,0.651,1.792,0.552,0.464,2.206,0.289,0.0359,3.445,0.5797,0.2,0.224,35.73,114.1,108.2,101.61,-0.045
0.3487187467655055,0.7703206488717931,0.33891865135769084,0.7297112324128163,0.47055774864407574,0.9499289052501148,0.7610957278279388,0.7461385894010768,0.9247413531824279,0.615,1.71,1.836,1.929,0.754,2.932,0.102,1.02,2.062,0.225,0.0372,2.298,0.9771,0.114,0.128,4.92,116.88,41.68,5.3,1.386
0.2528334186050552,0.5874116789092438,0.6859999777538603,0.6429415087350143,0.8352990376906999,0.9776565347013411,0.92373761712792,0.7248581903706355,0.9229455142250071,0.687,1.139,1.039,1.614,0.649,1.676,0.137,1.44,2.378,0.401,0.0208,4.425,0.089,0.124,0.292,23.45,56.32,31.93,25.72,-0.576
0.4091517492685424,0.3796073187828598,0.2577593048997715,0.5671246873622663,0.6951092425029395,0.9976041597614907,0.9376029806068508,0.6610099534327746,0.9345774273219946,0.548,1.558,0.308,1.265,0.469,2.007,1.256,0.493,0.842,0.368,0.092,2.951,0.3742,0.299,0.431,7.72,234.87,33.46,20.02,-0.793
0.1824410117033742,0.7581806504616749,0.7821033388521188,0.7377172107893406,0.9253661870538455,0.967679304280663,0.7515179897541554,0.8593088928660086,0.9418808353889898,0.179,0.789,1.207,1.719,0.788,1.527,0.235,0.901,2.291,0.388,0.0274,2.596,0.6337,0.162,0.396,23.25,199.59,32.41,31.33,1.049
0.3705432699083316,0.2714045530191621,0.5007553114858967,0.5545155311551317,0.9587055280639205,0.9175000295747264,0.8459477116896217,0.726014111073239,0.8879568420436922,1.878,1.339,0.811,1.04,0.436,1.477,0.968,0.512,2.967,0.509,0.0304,4.043,0.3774,0.358,0.267,38.03,309.97,237.39,141.79,-1.869
0.4421244836480823,0.11966939293741685,0.5342125756173266,0.5531715350477249,0.9658881509540915,0.7266003319996948,0.490214705640997,0.8203970009856252,0.9355980397411738,0.631,1.417,0.933,1.879,0.551,2.935,0.69,0.614,0.879,0.822,0.016,5.003,0.6342,0.418,0.169,8.15,341.87,143.64,81.92,0.594
0.321884231835379,0.7710260874475677,0.37362002461601185,0.7357218445287593,0.5083248885702117,0.955596158336468,0.8978125862248665,0.7603306198586457,0.94850238531976,1.931,1.187,1.267,0.918,0.591,2.466,0.162,1.381,0.254,0.174,0.0529,2.355,0.3713,0.32,0.366,6.59,377.6,235.99,105.42,0.299
0.38340536571605316,0.4660325039436969,0.2824702714895211,0.5902164159501753,0.6877344947119883,0.9687052012433217,0.975826541676027,0.6756592556770156,0.938078864320188,1.229,1.957,0.267,1.62,0.663,2.871,0.749,1.818,0.323,0.263,0.0987,2.283,0.1255,0.191,0.355,11.54,209.89,132.0,15.29,-1.222
0.5282701371303654,0.04320658884722439,0.160920914085932,0.4760669003865404,0.7612432250590606,0.9647239169239362,0.6636681057124756,0.598780518374805,0.9212850065899225,0.753,1.059,0.363,1.086,0.434,2.337,0.086,1.207,1.182,0.329,0.0577,3.919,0.2886,0.524,0.293,2.57,70.39,10.64,6.49,-0.835
0.1769366123587078,0.7019112681545185,0.7877705707939453,0.7188751474131162,0.9328396041811469,0.9612745613541944,0.8696341413467121,0.8922572887744702,0.9460631328501483,0.898,1.562,0.568,0.889,0.571,2.862,1.099,2.861,2.123,0.229,0.0238,1.449,0.0352,0.194,0.074,37.47,104.74,103.78,84.76,-1.7
0.32800429577603163,0.3813456181750532,0.5405163170852845,0.5779121867785368,0.9444272847219168,0.9565195761617762,0.9787647371290995,0.7278813171626508,0.9040857913798572,1.414,0.656,0.375,1.945,0.663,2.963,0.358,0.371,1.062,0.102,0.0486,3.725,0.9136,0.467,0.479,32.66,163.55,147.44,104.66,-1.411
0.20691067417375456,0.713202921678362,0.7572059268113585,0.7127569177089987,0.8564928671229233,0.9820046087945022,0.9461932532148783,0.7083155677797439,0.9005364540526647,0.86,0.5,0.244,0.726,0.49,2.926,0.454,1.117,1.919,0.209,0.0074,2.007,0.9058,0.36,0.373,5.54,203.18,52.04,38.82,1.693
0.4540756628505359,0.35032808911914315,0.15514277365796958,0.5684169685972915,0.5384019030738441,0.9916892331667715,0.9162461201564108,0.678344929696957,0.9388620045403089,0.269,0.219,0.236,0.422,0.449,2.554,1.84,1.328,2.236,0.316,0.0554,5.527,0.3564,0.418,0.427,38.51,139.5,59.55,16.87,0.955
0.20570902032727184,0.6556536040167562,0.6975963012573279,0.6946527479932092,0.9127122904655179,0.9601811477029274,0.9857028102609964,0.8499325198733796,0.9421996267829321,0.407,1.464,1.662,0.623,0.582,2.222,1.577,0.632,0.204,0.129,0.0214,2.677,0.3534,0.537,0.197,48.57,388.09,226.12,120.75,-0.675
0.5269457453884792,0.057159000666436754,0.16330332761627342,0.4806033319413757,0.7974215596289054,0.9667672011250813,0.8290095901492243,0.4703508396707331,0.8966424577074038,0.165,0.503,0.404,1.992,0.465,2.471,0.281,0.799,0.885,0.12,0.0786,4.465,0.6491,0.633,0.319,1.26,224.47,158.17,113.38,-1.396
0.3020647952867641,0.45558476353200417,0.6179050962725385,0.5979973046267506,0.8454412410740764,0.9500273580437782,0.9174330343784556,0.7230658456968126,0.8732759389999646,0.35,1.06,1.469,0.263,0.73,1.459,0.732,0.578,0.909,0.089,0.0303,4.991,0.0917,0.185,0.442,39.95,386.76,113.87,16.96,-1.969
0.4066523538846506,0.23962187017190817,0.4030811131575015,0.5622504033284077,0.8069346046806966,0.9383301055317487,0.700863155038473,0.7493834732946351,0.9412768362722236,1.427,1.381,0.175,0.24,0.605,1.721,1.27,0.129,0.538,0.429,0.024,5.112,0.7724,0.56,0.327,35.47,391.58,77.38,55.89,0.943
0.40446739709242086,0.2323513393199771,0.4113739908284134,0.5323539687490637,0.9147976207099316,0.9740430091580825,0.9341756037523147,0.639413998855041,0.8904334866368828,0.675,1.418,1.986,1.495,0.598,1.637,0.508,1.0130000000000001,0.392,0.244,0.056,4.453,0.4808,0.268,0.252,8.23,150.45,105.29,32.59,-1.637
0.5168795271344209,0.04834279383316398,0.27121912934057846,0.5115574594912262,0.7916393700884207,0.7385486833989431,0.4626583926990292,0.7583658706789944,0.9445702673694447,1.467,1.132,0.889,0.949,0.742,1.971,0.048,1.506,2.917,0.739,0.0585,1.432,0.0247,0.483,0.305,24.2,66.57,36.16,14.73,-1.804
0.1849141256744796,0.7562224933389752,0.6876770928926339,0.7379387517417189,0.8458574603818281,0.9512425797990633,0.9428789362746534,0.8747238577991926,0.9470607345660658,0.24,1.712,0.729,1.909,0.647,2.37,0.696,0.204,1.224,0.093,0.0327,3.247,0.2643,0.466,0.428,17.9,156.92,18.87,13.44,0.876
0.4226047739297995,0.5589067831803486,0.20439448554998418,0.6689987957916883,0.3772503104835643,0.9298756880881901,0.9436449376949791,0.7086339675757982,0.8958820426671034,0.133,1.661,1.731,0.405,0.752,1.572,1.5330000000000001,0.45,1.268,0.5,0.0426,1.188,0.8109,0.469,0.242,1.24,63.86,34.1,10.56,0.336
0.19420096996185204,0.6927654647375826,0.6922693697879065,0.7125458977036707,0.8882071168211568,0.9697822316966509,0.9860947544891875,0.8809829364446953,0.9528630400148447,0.369,0.694,1.623,1.8,0.565,1.527,0.529,0.352,1.48,0.519,0.027,2.315,0.6859,0.276,0.068,20.4,138.82,25.32,14.27,-0.199
0.26652572787524514,0.4900712740285418,0.6450204032081785,0.6304024863244789,0.941765193074303,0.9221596725003255,0.9426260158247537,0.8341510499338798,0.9265186451550957,0.941,1.204,1.72,1.69,0.738,1.282,0.18,0.182,1.69,0.608,0.0288,3.318,0.4197,0.272,0.217,33.7,55.08,45.35,41.61,-0.904
0.24968060590846783,0.6445931596766692,0.5537649702099146,0.6919219566603437,0.7766769937689615,0.939423250886544,0.9699583155545004,0.8562856667498359,0.9427949743894075,1.66,1.584,1.659,1.832,0.583,2.063,0.196,0.15,0.776,0.591,0.0341,4.143,0.0343,0.388,0.492,45.4,216.18,173.78,98.86,1.687
0.4425159266612274,0.1690428214044497,0.3388635088092302,0.5186904671013992,0.8665576776998258,0.9709791603996433,0.8870291166471663,0.5931111648239522,0.8983014429809574,0.827,1.355,0.865,1.364,0.76,2.385,1.566,2.096,0.311,0.169,0.0617,4.835,0.6354,0.436,0.34,2.24,183.23,113.46,30.160000000000004,-1.253
0.24560281188056354,0.7436335981439739,0.5455607727146516,0.7262088591819824,0.7085058783885959,0.9614481842879412,0.9142278676551566,0.8025636320112606,0.9492796488369062,0.137,1.709,0.78,0.754,0.514,2.48,0.453,0.212,0.839,0.314,0.0605,2.639,0.4154,0.179,0.46,11.25,307.51,147.79,10.04,0.01
0.35170968456303037,0.3196500338804079,0.49882259328548084,0.581080635803026,0.8866730126361215,0.8380020955383422,0.9148404460838837,0.78123696334668,0.9234913620544828,1.135,1.124,1.399,1.789,0.607,1.087,1.081,0.04,2.999,0.9,0.0402,5.118,0.9046,0.265,0.353,18.53,190.53,176.08,120.85000000000001,-0.122
0.22590862731837727,0.7106962946498216,0.5936302029849743,0.718533338490633,0.7847968228152697,0.9816538515201332,0.9483214875863171,0.8308485035482764,0.9521538951764424,0.559,1.172,0.148,1.575,0.506,1.632,0.517,0.037,1.497,0.961,0.0526,1.728,0.5743,0.1,0.268,29.41,144.91,63.12,13.1,-0.485
0.37157791571170407,0.31700545981335215,0.4423528396242179,0.5507594169340637,0.9192543025174347,0.9516885622844943,0.9504483158054517,0.6757984222143238,0.9057859587824383,0.385,0.642,0.126,1.794,0.679,1.739,0.93,0.677,2.467,0.062,0.045,4.329,0.166,0.62,0.259,45.1,250.91,153.41,38.03,-1.245
0.30445169279197987,0.532154696475214,0.4802818722619724,0.6358254866188296,0.7706106472089826,0.9942490645078504,0.993202938246682,0.7504180279228984,0.9298037026774607,0.37,1.747,1.792,1.639,0.486,1.348,1.262,0.14200000000000002,0.663,0.622,0.0409,4.102,0.1612,0.155,0.054,12.9,332.14,146.82,105.16,-0.359
0.41964239262720593,0.5978996330836093,0.2762552704482574,0.6414403889981652,0.5055682439415692,0.9648571301747237,0.6057290890139666,0.5878374724974402,0.8459984246072615,1.975,1.97,1.316,1.476,0.586,1.292,0.774,0.019,1.191,0.384,0.05,1.133,0.1409,0.197,0.489,9.35,211.43,197.27,40.57,1.114
0.1882745504559063,0.7370933781009177,0.7612552523174089,0.7345360433391408,0.9316162282086248,0.9449665164917629,0.756797637491796,0.8710462985405893,0.94078073520029,0.192,0.796,1.079,1.673,0.513,2.145,1.869,1.091,0.272,0.051,0.0154,4.175,0.0285,0.273,0.062,47.11,89.46,51.92,23.550000000000004,1.888
0.4193128226605419,0.18913656177705296,0.48391173143027055,0.5328825432887634,0.9478730159829166,0.8510545170100777,0.6673792049840233,0.6584192478351312,0.8889836574120837,0.851,0.152,1.569,1.841,0.595,1.489,0.757,0.12,1.241,0.648,0.0294,5.78,0.2691,0.299,0.332,3.82,263.08,58.02,39.769999999999996,-1.299
0.4194354348802908,0.18336630024423983,0.4382627808997962,0.5472886461840863,0.8900481766256046,0.7256160520950738,0.7074042497703432,0.7933246022969473,0.9342820261018179,0.913,1.44,0.696,1.3,0.701,1.157,0.222,1.014,2.843,0.927,0.0402,2.607,0.0086,0.341,0.229,40.04,126.76,44.32,28.33,-1.123
0.4545906531579721,0.6846108672772254,0.08938239439591733,0.6925974058583526,0.25834012496733805,0.989715173764994,0.980678296041284,0.7238149108270304,0.9433119735880215,0.723,0.663,1.953,1.23,0.547,1.709,0.453,0.73,1.493,0.578,0.0408,4.083,0.3227,0.279,0.227,4.52,284.52,226.04,80.64,1.596
0.23707132397930286,0.5728418612909041,0.6726424449598007,0.6525919470047767,0.9291507563804718,0.9617976384136393,0.9865632130588949,0.8378484808365351,0.9203105811880021,0.817,1.47,0.716,0.227,0.768,2.438,0.187,0.8280000000000001,0.716,0.185,0.042,2.216,0.8425,0.231,0.299,30.21,278.7,44.63,14.99,-1.95
0.28030592986281,0.4895648595690629,0.5924908712512875,0.6468618127238673,0.8729091871361925,0.8194313164496989,0.9262706674558187,0.857946617590547,0.9462904990506398,1.477,1.152,1.633,1.927,0.52,1.075,0.351,1.015,1.747,0.885,0.0301,3.419,0.9173,0.301,0.321,10.0,251.81,99.13,89.81,0.482
0.5009003355534349,0.11654485482765797,0.17847020263722357,0.5003131953743484,0.7608206001509972,0.9604125691072242,0.8948848850131611,0.5289923957464197,0.897790585576799,1.13,1.633,0.678,0.2,0.763,1.153,0.097,0.307,2.316,0.11,0.0676,4.587,0.4689,0.522,0.125,44.49,286.69,196.5,58.86,-1.377
0.5408014542164886,0.03332051737085617,0.11199080737439071,0.4751670141676214,0.728930105977885,0.913643477335822,0.7135314620043915,0.5859126011509674,0.9176497837211274,1.401,1.785,0.9,0.626,0.718,2.815,0.205,0.273,1.039,0.571,0.0589,3.79,0.9684,0.383,0.123,18.29,200.17,35.27,31.590000000000003,-0.884
0.2889522990591012,0.45982341741096167,0.6071397920223733,0.6052691694774088,0.9355867538675599,0.9530682298592694,0.9806172136472864,0.7790867751038097,0.8976518958124735,0.602,1.86,0.878,1.022,0.426,2.439,1.508,2.376,1.589,0.114,0.0469,3.13,0.8291,0.216,0.42,21.07,131.35,71.8,25.950000000000003,-1.959
0.3449664730447114,0.33230511690089926,0.5550920273892882,0.5692073656291126,0.9232106606734942,0.9540101159494034,0.9816959216797271,0.6850646032104808,0.8769468819637596,1.242,0.829,1.7,0.401,0.613,2.353,1.496,0.145,0.236,0.075,0.0168,5.816,0.9652,0.519,0.06,23.37,321.6,120.6,69.58000000000001,-1.439
0.36463562417574125,0.3785614654460241,0.5103625838017858,0.5673104752667897,0.9397564930842582,0.9770717960581187,0.6296548008505998,0.6768198235357165,0.9309619285716225,1.661,1.105,1.822,0.894,0.695,2.696,1.647,0.316,2.984,0.228,0.0092,1.921,0.4447,0.592,0.425,9.51,75.0,71.58,70.21,-1.966
0.26399960008304263,0.4953277594830663,0.660786391671636,0.6331186020273856,0.9839224102926211,0.9576561503138212,0.95889652263828,0.7864337404036176,0.9379284721960095,0.726,0.872,0.955,1.584,0.474,1.101,0.941,0.161,0.302,0.097,0.0026,3.67,0.3401,0.744,0.303,43.88,352.29,178.97,31.2,-0.118
0.49452341155798707,0.11180188869628915,0.2049482646025802,0.48724096443349685,0.8544442195985972,0.9669476330225762,0.8727907885232566,0.529376907218355,0.8879507336944323,0.526,1.139,0.533,1.036,0.594,2.389,1.965,1.18,2.701,0.238,0.0864,3.795,0.8163,0.125,0.209,18.29,369.99,144.33,129.64000000000001,-1.888
0.4905754246843593,0.2967563067496667,0.4294648911029191,0.5229714124943183,0.6114073501631583,0.9530756423185077,0.9771442630909988,0.15587793264281835,0.8931116919601458,1.368,0.759,1.786,0.745,0.427,1.363,0.61,0.328,0.239,0.063,0.0014,4.659,0.6588,0.371,0.254,35.5,178.75,139.22,87.53,-1.462
0.382260680683031,0.25969866308986933,0.4947656710321341,0.5485538599474253,0.945629143229701,0.9747945811238237,0.8070664421716967,0.669083060281152,0.8925126608976988,1.987,1.583,0.78,1.986,0.653,1.336,0.20500000000000002,0.495,0.958,0.335,0.0369,4.692,0.6315,0.387,0.418,4.16,102.96,56.99,56.589999999999996,-1.478
0.2536762087928465,0.5315623523186291,0.6618247260128316,0.6479170407261219,0.9565150800689632,0.9562736262711603,0.9391027504536444,0.7852636692521702,0.9414244540677963,0.27,0.81,1.604,0.719,0.793,2.99,1.017,0.978,2.447,0.1,0.0012,4.977,0.4201,0.772,0.097,44.86,275.51,97.69,93.54,1.425
0.3943701633751179,0.31476171454512003,0.49789359848116654,0.5518772861381847,0.897514818320601,0.9097923817888398,0.6105460191462455,0.623684952014697,0.9009129286146971,0.178,1.317,1.94,1.464,0.531,1.976,1.891,1.82,2.101,0.42,0.0172,3.092,0.748,0.369,0.411,39.84,80.11,59.99,37.43,-1.881
0.41129625137024173,0.5243697736974928,0.5523954066940349,0.5931783902379151,0.6395265588636392,0.9525501762407642,0.6397694538018762,0.2957843784582189,0.9420278578800957,1.31,1.852,0.916,0.994,0.763,1.87,0.294,1.338,0.865,0.176,0.0119,4.834,0.145,0.116,0.396,1.11,182.92,121.74,104.58000000000001,0.809
0.5242965950916818,0.3116011069672704,0.0029676423050021272,0.5533673988530694,0.408387864210944,0.9537748173622222,0.9398740502342384,0.5861176361004672,0.9322306067169223,0.134,0.325,0.236,1.457,0.697,1.324,0.755,0.783,0.241,0.084,0.0362,5.835,0.0111,0.767,0.197,15.39,320.8,236.75,143.54,0.712
0.3784815102002316,0.24675611045892654,0.4972754790082474,0.5487435498551663,0.9555643268424252,0.8196622760249473,0.8986869976720495,0.7448368374434367,0.8887500298028098,0.458,1.999,0.986,0.563,0.539,2.876,0.05,1.078,1.798,0.942,0.0298,4.532,0.9309,0.216,0.064,39.18,189.65,169.32,50.56,-1.573
0.21265920547159958,0.6137243227458568,0.7450528384981645,0.6810367956064556,0.9427539178426212,0.8861712902825704,0.9249514794385114,0.8533030592174262,0.9503949632620861,0.504,0.716,1.528,0.344,0.539,2.828,0.348,0.487,1.108,0.661,0.0138,2.547,0.32,0.273,0.149,35.93,198.04,91.93,75.69,-0.09
0.32769418406883294,0.38874326928931835,0.5685009426933064,0.5789459569874398,0.9134426736513448,0.9553714565030829,0.9878720434518024,0.6852856076648489,0.8847655518726963,0.906,0.443,1.144,1.729,0.635,1.206,0.525,1.017,0.205,0.115,0.0261,4.668,0.6072,0.262,0.105,26.990000000000002,134.02,43.67,22.75,-1.657
0.3970835917300132,0.32974490135623835,0.3334739975832237,0.5749851039168647,0.7168104109202473,0.9332252109828434,0.9477466683455519,0.6921453510432086,0.9285405838485017,1.666,1.275,1.104,1.694,0.675,2.74,0.361,0.885,2.745,0.806,0.0617,4.72,0.526,0.196,0.267,8.23,380.71,15.14,9.89,-0.046
0.3123229333605383,0.6898114771815813,0.38700579466525575,0.6939727244924764,0.5938760203312672,0.979974359918701,0.9777961349032491,0.7850284970206839,0.9481353977592719,1.092,0.268,0.512,1.807,0.404,2.227,0.051,0.054,1.634,0.592,0.0746,3.228,0.6259,0.136,0.482,7.07,87.07,59.5,11.92,0.679
0.42417615946072973,0.5066270268754076,0.17620107638958338,0.6098053499571476,0.5056826977989102,0.9766011163953601,0.9906614685522332,0.657830081322621,0.9449970224560668,0.34,0.901,0.587,0.617,0.756,2.411,0.207,2.01,0.834,0.363,0.0888,2.777,0.8354,0.217,0.343,5.67,214.68,167.91,127.89,-0.347
0.4656458685966971,0.1736494879511442,0.24321991653493946,0.528221488801536,0.7421095342964638,0.9687268101201995,0.8841800126038614,0.5894142506619957,0.9164419922328595,0.686,1.531,0.595,0.41,0.508,2.734,1.286,1.882,1.966,0.135,0.031,5.223,0.3159,0.716,0.234,6.85,328.03,189.29,142.22,-0.465
0.3005027965864074,0.5472131478935318,0.475528206668401,0.6406119148355836,0.7750710299430467,0.9264089670083796,0.9160356082276836,0.7823671910144685,0.9475947091350833,0.654,0.306,1.015,0.256,0.769,1.946,0.519,1.375,2.311,0.469,0.0629,1.394,0.8604,0.469,0.498,33.48,148.44,121.18,19.36,-1.171
0.3321295148976007,0.4274269201807387,0.569888337115481,0.5818538370027018,0.8008089509989343,0.958585315133095,0.9874868665262205,0.6232469525569275,0.8936691859110617,1.797,1.157,1.652,0.705,0.792,2.531,1.894,1.797,1.598,0.091,0.0143,3.51,0.4215,0.446,0.491,27.93,359.79,183.09,96.77,-1.908
0.3076073455758173,0.4837792873776957,0.49702479816771195,0.6265133280100593,0.8032921213858247,0.992477651809154,0.9983229285330031,0.7676240365913375,0.9274322089700432,1.147,0.927,0.958,1.187,0.768,1.797,0.786,1.733,2.124,0.526,0.0311,5.702,0.5356,0.245,0.058,44.68,254.16,245.98,151.1,0.251
0.4763189472577828,0.49915573305759475,0.07061977557321009,0.6173713287164948,0.32223884388901114,0.9207806501362681,0.9023117658114834,0.7258128704495248,0.9393108615523592,1.426,0.62,0.841,0.867,0.641,2.3,1.378,1.483,0.499,0.485,0.0339,2.406,0.9091,0.623,0.385,34.01,269.49,129.35,107.75,1.057
0.3260640267418977,0.3855736891563961,0.5895241691732165,0.600246995344733,0.9691727737926679,0.8939681919283027,0.6817353274019737,0.8330284816226898,0.9419958585215635,1.695,1.316,0.3,0.52,0.583,1.105,0.092,0.596,2.44,0.453,0.0166,2.475,0.5242,0.504,0.101,17.96,276.55,24.66,19.68,-0.796
0.3666940702584119,0.46279325452274445,0.3353489129096149,0.5943082078798609,0.7230106067209163,0.9562281485306579,0.9768654460626953,0.6880096166325251,0.9346850837765813,0.63,1.041,0.897,0.155,0.445,2.504,1.121,2.482,2.226,0.126,0.0958,2.767,0.4008,0.317,0.466,17.57,175.34,102.04,38.63,-0.923
0.17008617062109094,0.7387571174119669,0.7764583558480918,0.740177610590617,0.9173942976257858,0.955430436503965,0.8676256395117965,0.8707690990212814,0.9482862306195533,1.732,1.775,1.087,0.446,0.686,2.921,1.652,1.215,2.443,0.132,0.0407,1.272,0.0099,0.344,0.429,38.21,182.34,112.4,74.73,-1.41
0.23289489527918464,0.7318728891902343,0.5605356852888569,0.7258524414731818,0.7384481071664872,0.9710087793486593,0.9870170576095565,0.8555819227486186,0.9411160350763533,0.903,0.49,0.539,0.718,0.552,1.612,0.549,0.057,2.12,0.301,0.0348,5.062,0.9133,0.283,0.339,20.67,82.7,21.87,17.25,1.985
0.2995910122383371,0.426096099867447,0.598907323510907,0.6032758497797825,0.9370620784815307,0.963692632615278,0.9909955973325549,0.7639074804340916,0.9035274138960295,1.313,1.396,0.913,1.079,0.51,2.88,0.168,1.273,2.178,0.168,0.0425,4.614,0.7895,0.325,0.463,25.69,243.94,44.08,17.41,-1.093
0.44495274235201504,0.7732697069076436,0.11665904484669487,0.7319815443207157,0.2312139985694297,0.9857897543996459,0.9501702341379337,0.7125888601701147,0.9366772866088917,0.871,1.228,0.162,1.671,0.597,2.04,1.671,0.335,1.887,0.395,0.04,2.248,0.4616,0.312,0.16,19.02,369.26,196.45,109.55,0.978
0.39926428545871184,0.35557949599538996,0.3057987471438207,0.5621489052029027,0.7689024361903432,0.9800361758577903,0.965138332735168,0.64682331129919,0.9185428768007837,1.994,1.888,1.348,1.906,0.709,1.304,0.895,1.161,0.795,0.695,0.0815,2.494,0.4004,0.148,0.158,21.55,277.76,228.65,9.81,-1.832
0.3505356154926411,0.4459780766661112,0.5846326312852526,0.5944363848266255,0.8141172044195856,0.7520300581713977,0.6978894136233538,0.6146164169206332,0.9432837316183122,1.157,0.428,1.433,0.588,0.488,2.761,0.784,0.088,1.544,0.764,0.0091,2.083,0.4131,0.244,0.15,23.09,366.95,88.4,7.83,-1.096
0.3606305647483438,0.7190753087850745,0.280620721825138,0.7099298817669235,0.4558423960135437,0.9482968318020789,0.9394896085277131,0.766536566841256,0.9459450772273478,1.76,0.404,0.907,0.589,0.669,1.474,0.728,0.012,1.012,0.054,0.0391,3.215,0.4281,0.794,0.24,5.94,67.16,18.740000000000002,8.4,1.102
0.30567709796721937,0.5497926632379099,0.6577098347134538,0.6310303673359046,0.791843258267952,0.9832273090261936,0.6922274708907905,0.612660125707385,0.9438443908731976,0.371,1.075,0.6,1.927,0.788,2.686,1.744,1.149,0.74,0.518,0.011,1.201,0.7361,0.14,0.101,16.66,333.74,163.8,39.35,-1.275
0.2922280382769946,0.4316357983298059,0.6317467352065071,0.612434505238497,0.9626980348246142,0.9540344180065448,0.9537780557745225,0.7508064571670893,0.9188562751087338,1.229,1.492,0.112,0.136,0.71,2.12,1.1,1.747,2.674,0.074,0.0108,5.902,0.1346,0.664,0.186,17.75,376.25,115.73,75.36,-0.084
