0.29522062885996553,0.5992769450419264,0.7086489360719992,0.674605207569147,0.9228955950808165,0.879192625060726,0.45722773679223583,0.8806547803978975,0.87150464903138,1.214,1.023,1.374,0.759,0.413,1.872,1.324,1.442,1.221,0.26,0.0225,2.568,0.5103,0.247,0.393,21.37,162.28,25.96,9.44,-1.012
0.40103078603282405,0.6804953932560031,0.4203153474451685,0.7259728795557125,0.5726285971397471,0.8496850815662227,0.2799428693662305,0.8213265744874726,0.8667715389108397,0.723,1.64,1.411,0.97,0.514,1.326,0.611,0.891,0.435,0.28,0.0567,2.827,0.0584,0.224,0.385,28.49,280.3,40.57,21.26,1.8
0.2832158036146454,0.7254174591471843,0.5389491693855918,0.7339577286440031,0.706304924955509,0.8557738509634233,0.6826565855958129,0.7532431025240642,0.8804432655679076,1.841,1.025,1.056,0.663,0.599,1.974,1.127,1.94,2.458,0.21,0.0604,1.823,0.2747,0.349,0.369,48.37,390.33,119.09,16.0,-0.007
0.24937165803163444,0.6339009526584423,0.5958742451494254,0.6440703427450813,0.964910106729486,0.9705459477848458,0.8858519077540992,0.8093755753132444,0.8517049175735742,1.232,0.474,1.543,1.828,0.798,1.835,0.497,1.772,1.062,0.307,0.0079,1.255,0.2466,0.673,0.277,1.79,149.73,16.31,15.65,1.001
0.31615099059757973,0.6038614013551626,0.3865553325149529,0.6026032110660885,0.8885501447108878,0.9568082152478868,0.9614638455841037,0.7367716036112992,0.8470738439214587,0.287,1.715,0.249,0.712,0.579,1.927,0.006,1.4040000000000001,0.453,0.347,0.0337,4.678,0.8601,0.499,0.288,49.66,283.38,172.2,112.99,-1.388
0.17667433371272767,0.7090976523744954,0.7787879481272144,0.723605362093116,0.9700794390779277,0.8924302783327086,0.9732214728500744,0.9102660227731721,0.8639049715805883,1.341,0.902,0.433,1.918,0.62,2.053,1.731,1.581,2.734,0.2,0.0097,1.581,0.2879,0.5,0.378,7.54,68.99,34.010000000000005,13.68,0.86
0.3326491390687587,0.4691906620701044,0.4842910714322257,0.5777396825922878,0.7965282026757192,0.9363590493309387,0.8056896361622923,0.7514337783525145,0.8806981016796095,0.843,0.552,0.62,0.429,0.455,2.556,0.96,0.454,0.587,0.486,0.0051,4.685,0.1779,0.26,0.242,24.34,169.08,99.24,50.33,-0.013
0.3972992727122026,0.670761505086626,0.20073308761522068,0.6352388416840673,0.5338561607437831,0.9524533624450872,0.9749123146891288,0.6205425015042625,0.8646143890176883,0.603,0.232,1.613,0.978,0.678,2.033,0.488,1.282,1.53,0.317,0.0206,1.86,0.6487,0.688,0.148,38.45,221.29,147.22,131.17,1.334
0.28271232805016794,0.604504713586888,0.7529460959930346,0.699263155669799,0.9481860471055825,0.8474598057140234,0.4731404178053955,0.884695133121711,0.8788148004450844,0.959,1.03,0.183,1.485,0.523,1.941,1.512,0.438,1.814,0.154,0.0155,2.727,0.0598,0.348,0.136,22.45,235.77,145.27,90.03,-0.681
0.23978274721687418,0.7091180340020171,0.566656498723589,0.6756992209644863,0.8864450120396538,0.9193126114653263,0.9813431845828537,0.7786994313902966,0.8830854372164346,1.562,1.839,0.929,1.317,0.645,1.673,0.039,1.487,0.453,0.307,0.0398,3.249,0.7654,0.451,0.316,7.86,167.39,64.59,10.63,-0.01
0.2053985001360555,0.6921089869546675,0.7013866095628914,0.69794434245135,0.960932345884114,0.8999976895899584,0.9016086615601452,0.8311116117022583,0.8878705619460421,1.976,0.314,1.487,0.701,0.488,2.155,1.105,0.115,1.519,0.275,0.0292,4.782,0.5982,0.375,0.435,12.24,274.75,25.99,16.92,0.897
0.28590051428294316,0.5674682917173905,0.5460059118032345,0.6097569481399137,0.9631969439887847,0.9524357838543853,0.7213616780960213,0.9100702850570412,0.8618501010751225,0.654,1.397,1.452,0.858,0.634,1.791,1.665,1.497,1.214,0.416,0.0015,1.384,0.9547,0.514,0.175,18.98,111.21,37.79,21.04,0.791
0.28392612158655955,0.5923737242167624,0.4853606530341802,0.618414491534093,0.9086992993033312,0.9919248609127724,0.9865968018227681,0.801327640567236,0.8577304537680538,0.265,1.809,1.022,0.166,0.793,2.266,1.96,0.119,2.953,0.52,0.0417,3.941,0.968,0.342,0.178,12.95,277.78,165.91,136.27,-1.066
0.31272288394919356,0.5247466259709727,0.4868734273878621,0.5874237166970355,0.9698018355446951,0.9500525494576496,0.743620126941513,0.7984128986844725,0.8850813205138892,0.492,1.378,0.201,0.716,0.596,2.751,0.417,2.573,1.919,0.44,0.0037,3.862,0.9734,0.501,0.061,37.21,207.64,131.57,29.73,1.158
0.27065622057363836,0.5725553480627267,0.6352350368443058,0.6383755684310077,0.9604582564471115,0.9651865105225792,0.6847323345917518,0.8917809048474438,0.8399278986896928,0.511,1.696,0.875,0.335,0.449,1.35,0.242,0.182,2.599,0.484,0.0265,3.768,0.2064,0.233,0.324,16.25,225.86,101.77,48.14,-1.841
0.4494435002321434,0.30069243641205357,0.17641964121919596,0.49858234925074707,0.8296643828120353,0.8619067344010375,0.7763774900303669,0.720345892956205,0.8552142140074973,0.14,1.703,1.491,1.369,0.496,2.2,0.131,1.1280000000000001,1.35,0.595,0.0446,4.015,0.2651,0.523,0.469,27.74,249.81,75.66,22.58,-1.335
0.2962038963839532,0.7448945907983149,0.4201455717107324,0.7069129940826955,0.6616016018036842,0.8681687787977224,0.826521273831782,0.8039029167477652,0.8806593793480806,0.351,0.658,0.44,1.559,0.717,1.107,0.575,0.386,0.306,0.238,0.0653,2.774,0.8095,0.37,0.398,16.83,81.72,80.47,58.58,0.951
0.32670580306200175,0.6557631579382509,0.7457247226552483,0.7276700912991136,0.9019257412638588,0.8729985652220856,0.2615611945179097,0.8941252414872851,0.8803099997224653,1.875,1.25,1.585,1.63,0.792,1.951,0.51,1.702,0.528,0.343,0.0274,4.161,0.6017,0.216,0.239,47.0,205.04,95.34,29.59,1.778
0.3595335667193015,0.5504947043774693,0.2812192830891269,0.5911805338691529,0.7424997261386888,0.9924530636974772,0.9677968638440974,0.738282101658905,0.8887149986586647,0.114,1.67,1.889,0.456,0.62,1.864,1.333,0.117,1.896,0.459,0.0446,4.891,0.4633,0.468,0.241,5.83,90.47,14.39,9.23,0.975
0.42490761785981623,0.6205959747230577,0.10465704586135616,0.5914984551857996,0.6357325471511134,0.9158832367914753,0.9824263521110795,0.5825317221922908,0.8674974168130035,0.376,0.635,0.55,0.127,0.429,1.184,0.123,0.565,2.021,0.291,0.0548,4.144,0.919,0.547,0.275,18.79,189.7,187.04,129.85,-0.734
0.32233853085159825,0.6773011627619556,0.6098784293611537,0.7330544640973234,0.7777571055947803,0.8332433545220213,0.36855230053006915,0.8861368984069548,0.8786037759783013,1.798,1.235,0.274,0.899,0.557,2.493,0.812,1.024,0.211,0.159,0.0442,3.397,0.4138,0.249,0.282,31.13,77.4,33.1,16.93,1.591
0.22121847464836178,0.6566762536542542,0.6562290213061561,0.6668919624348408,0.9686141437563665,0.9433770560686718,0.9230748191006177,0.8675778493870402,0.8702081522686811,1.648,1.908,0.589,0.444,0.415,1.979,0.263,1.016,0.784,0.356,0.0286,4.035,0.8812,0.371,0.356,37.49,310.25,52.37,52.21,-0.54
0.32925488189805263,0.6989055778511891,0.34045641505437285,0.6603738006418498,0.6912291316361865,0.8607966826306297,0.9060415411253611,0.7006391293470673,0.8855162209825063,1.013,0.958,1.658,1.763,0.717,2.95,1.793,1.103,1.751,0.159,0.0326,3.788,0.4707,0.653,0.11,27.16,136.08,49.1,32.38,0.645
0.40653497519145027,0.42748974592933453,0.22732952237536475,0.522691700600235,0.9667667911071123,0.9906192111861251,0.6632873409493888,0.8312097611984682,0.8372221977818562,0.496,0.219,1.109,0.415,0.707,1.515,1.415,0.164,1.198,0.328,0.005,3.871,0.6896,0.636,0.371,24.18,347.88,27.02,18.04,-1.908
0.4285017149016307,0.7121133580925444,0.11575499340194706,0.6679890225862224,0.432391198843984,0.8624861525601053,0.905953006268829,0.6388900504363946,0.8834861557911678,1.887,1.323,0.114,0.366,0.797,1.074,0.861,0.6980000000000001,0.304,0.156,0.0564,2.48,0.0437,0.663,0.214,11.94,325.49,37.1,5.09,0.2
0.3903153263224062,0.5896464019900038,0.21057063324901604,0.585414517480269,0.7674609408773219,0.9232465723566825,0.9177770469798008,0.5884849220356319,0.8613358992941428,1.076,1.656,1.803,1.639,0.749,1.444,0.181,0.035,0.353,0.248,0.0325,2.665,0.9325,0.723,0.265,44.04,236.57,47.11,41.95,-1.362
0.40170568006955876,0.5973489897504538,0.16646773343305976,0.5736176511056048,0.7892502690014302,0.8898677938372996,0.8781108622244205,0.5906228381327476,0.8849232005446929,1.856,0.237,0.391,0.801,0.684,2.011,1.998,0.857,1.936,0.188,0.0032,4.268,0.2543,0.828,0.39,34.59,306.12,198.62,121.05,0.281
0.4413789963562884,0.6655658697179627,0.11411692534894724,0.6245722541033796,0.5334465926530922,0.8904973713432058,0.9668890954581906,0.4732030411733221,0.8874474783144238,0.575,1.826,1.087,0.631,0.681,1.177,0.066,0.377,1.737,0.209,0.0351,4.473,0.4723,0.774,0.47,34.34,298.15,158.07,129.93,1.042
0.31033456537932147,0.6166936914765762,0.4037330521441703,0.6190169290640544,0.8051142141723271,0.994492535205638,0.9346469999387126,0.7414846060310849,0.8827728063443067,1.086,0.314,1.299,1.818,0.453,2.163,1.159,0.274,1.898,0.412,0.0324,2.487,0.2958,0.549,0.402,35.09,163.48,45.03,38.15,0.491
0.38011983800614985,0.5720825605310633,0.25747702854527954,0.5870875476190851,0.7205674434472125,0.9797528900322561,0.9323717454572424,0.6067671081240293,0.884760461184361,1.954,1.097,1.718,0.566,0.698,1.712,0.87,0.753,1.542,0.368,0.0304,4.45,0.4368,0.626,0.366,6.23,160.95,55.99,26.410000000000004,1.432
0.26460434480597533,0.7371570643008214,0.5185084653516996,0.7176097773964056,0.7228448562599105,0.8616684258800322,0.7982923198871434,0.8363344047067035,0.8733670014757882,1.353,1.472,1.777,0.116,0.69,2.262,1.481,0.4,0.413,0.22,0.0533,1.408,0.2665,0.312,0.159,9.42,58.05,10.49,8.49,0.029
0.40448413282967843,0.5978662133850428,0.7789514373145923,0.711427104128066,0.9270100342155891,0.8768184622786385,0.01586086073950055,0.8883624928684529,0.8837376273690349,0.141,1.666,0.601,0.117,0.402,1.159,0.594,0.663,0.823,0.335,0.0266,3.367,0.3343,0.205,0.409,18.43,273.55,166.93,76.7,0.976
0.2170199349501915,0.651832598004039,0.7294938944872671,0.6949607236479959,0.9467637434092832,0.879851715839667,0.7850986813361461,0.8978454107614777,0.8757006910388219,1.791,1.416,1.548,1.597,0.783,2.679,0.126,1.716,2.466,0.216,0.0253,2.706,0.8626,0.372,0.458,19.71,269.4,58.17,32.86,-0.858
0.2294262157673454,0.6545023689425117,0.6411992828631929,0.6646972125909563,0.9721118557812116,0.8944472903731048,0.9588146496289882,0.8197945571118511,0.8797202299102048,1.451,1.473,1.677,1.609,0.731,1.466,0.529,0.389,0.213,0.21,0.0152,4.314,0.658,0.514,0.473,44.47,95.48,88.47,86.39,-0.167
0.3377027973310537,0.6676092890971975,0.32834776617441863,0.6395576103953264,0.7517946758710735,0.891618236987339,0.9707637605691078,0.642033641928945,0.8640615955880557,0.262,1.874,0.114,0.341,0.529,2.666,0.174,0.39,2.316,0.217,0.0449,2.591,0.9267,0.587,0.273,20.05,370.29,190.97,76.71,-1.254
0.3618780863457078,0.62290826550222,0.2815054862495464,0.6266471838627597,0.7372951695947523,0.8531233567081719,0.8954915687489685,0.6411907551577005,0.8601126720019945,1.951,1.382,0.197,0.697,0.754,2.808,0.515,1.113,1.758,0.122,0.0421,3.395,0.1641,0.79,0.374,42.14,307.43,115.03,69.36,-1.246
0.2004752889730699,0.7177051490655314,0.7067680952902466,0.7048394524339645,0.9811769737340117,0.8817561715638194,0.9604509209835815,0.8056241038492267,0.877339401881194,0.569,0.495,1.291,0.322,0.485,2.339,1.852,0.094,0.346,0.183,0.0083,2.183,0.6205,0.649,0.434,27.73,325.91,149.94,13.07,0.719
0.20914906782920054,0.6613598857442532,0.7005656818008286,0.6798026974426096,0.983582424798753,0.9708015016915751,0.9579992245115024,0.8393372060749977,0.880068258769279,0.526,1.69,1.648,0.274,0.79,1.633,1.285,1.577,2.13,0.357,0.0154,2.683,0.7522,0.469,0.334,38.61,326.86,130.3,108.19000000000001,1.047
0.27734674758986444,0.6550171187066778,0.5055491625730979,0.6372585938456851,0.9404192446143268,0.8714303935669119,0.9242126055736822,0.7200216935772893,0.8731851384850943,1.052,0.886,1.165,0.728,0.61,1.746,0.497,0.843,0.315,0.152,0.0069,2.375,0.1875,0.776,0.139,15.55,151.07,113.22,28.76,-0.999
0.21044732322025395,0.6520782843549027,0.6983353910290551,0.6726996928385776,0.9801276769963259,0.9847375546989453,0.925276693744046,0.887051541743103,0.8728808392294198,1.08,1.868,1.515,1.347,0.732,2.502,1.791,1.998,0.715,0.427,0.0173,1.181,0.7508,0.439,0.187,21.8,245.94,57.78,9.94,-0.362
0.30278034010393373,0.7218645467506242,0.4042610420681988,0.6922175525199279,0.6597888908156803,0.9043199711358489,0.9379372919292635,0.7508863249900481,0.8750778884544639,1.146,1.514,0.684,0.282,0.557,1.784,1.7610000000000001,1.361,2.051,0.302,0.0296,3.66,0.1471,0.467,0.145,48.46,118.7,82.02,59.26,1.857
0.46343729197627787,0.6595727962998724,0.035380318457064575,0.6177176408186316,0.43834536136094393,0.8909937998941969,0.9396309504800295,0.5774396940669788,0.8729903290388334,1.32,0.37,0.621,0.204,0.408,2.026,1.021,1.519,2.299,0.191,0.0277,1.09,0.3443,0.784,0.058,10.81,95.44,29.26,19.95,-0.643
0.4722503634384254,0.6417922496007068,0.3901191019244331,0.7104170734717826,0.5575987411889142,0.8427057822655868,0.034933569485687266,0.819975368497144,0.8742421193806127,1.682,1.075,0.617,1.025,0.471,1.153,0.834,0.919,0.946,0.435,0.0449,3.163,0.2316,0.101,0.141,35.68,198.91,156.57,90.46,1.71
0.25832013484410027,0.70550123764782,0.6600781194798017,0.7308222171542189,0.8262587984855939,0.8990650965256953,0.5680970481011052,0.8684330185336798,0.878027209789666,1.02,1.503,1.801,0.419,0.789,1.942,1.467,1.88,2.648,0.534,0.0428,1.641,0.3533,0.157,0.109,45.59,131.17,68.62,34.9,0.157
0.28036658203679754,0.6424802902772886,0.48523102154271003,0.6336769977849017,0.9256810011467247,0.9115388728808012,0.9634011350801843,0.7468117839882557,0.848174632002642,0.459,1.077,1.589,0.85,0.624,1.032,0.096,0.5700000000000001,1.326,0.253,0.0411,3.695,0.7184,0.556,0.482,22.36,304.8,79.97,51.12,-1.587
0.21792711807513043,0.6710585350491588,0.668235037982899,0.6861253591731218,0.934306777115104,0.9368633337509111,0.8500925212326114,0.8756963334071618,0.8699055307748752,1.351,1.778,0.237,0.606,0.763,1.384,0.319,0.911,2.931,0.461,0.0425,2.074,0.964,0.246,0.259,10.96,260.86,123.63,50.98,-1.21
0.4542815630591871,0.5625050131386441,0.06479232750910757,0.566769313831017,0.552065793437408,0.9938080532958364,0.9243108476036942,0.5784118188619713,0.885453106754051,1.223,1.867,0.695,1.249,0.669,1.324,0.246,0.727,0.495,0.41,0.041,3.724,0.5362,0.637,0.375,37.3,361.97,198.78,105.17,0.537
0.2945522182467063,0.4952053749735945,0.6153445441093182,0.6355534682950874,0.7538400388044271,0.8708971410338455,0.8539320429737767,0.7827280708128133,0.8873760569545375,1.561,1.494,0.75,1.619,0.735,1.331,0.824,1.21,2.746,0.179,0.0042,4.682,0.6623,0.311,0.093,42.68,299.53,164.5,86.17,0.77
0.3642310214935302,0.5576018877362665,0.27556544997002885,0.5868601037640655,0.7312264456613089,0.9617826363206714,0.9718128788515336,0.7146454115542085,0.8808938711563228,0.815,1.409,0.359,0.279,0.436,1.385,0.375,0.977,2.49,0.526,0.0618,4.369,0.8259,0.44,0.437,10.87,352.16,97.22,38.65,0.051
0.39603563427524047,0.6624256711363153,0.2792143305613559,0.6763695909589322,0.4723878002584865,0.9228290085600779,0.5991096590678422,0.7875775226725756,0.8376350748103374,1.126,0.563,1.119,0.36,0.587,1.965,1.249,0.609,1.371,0.443,0.0508,1.572,0.202,0.317,0.431,4.36,368.52,119.3,110.38000000000001,1.932
0.23408281312325865,0.6069559023407953,0.7658428244691509,0.7240991814303712,0.9729954101003058,0.8381632406553676,0.696198409907308,0.8584270514220993,0.8831029962310374,1.847,1.743,1.274,0.658,0.525,1.672,1.058,0.06,0.291,0.108,0.0068,4.853,0.2096,0.619,0.229,33.48,318.92,198.89,163.24,1.948
0.24936271948430905,0.6801521158102937,0.7690596517213599,0.7368989460613726,0.9282510154315382,0.8706787778154147,0.5265559418717372,0.8871402694746274,0.8823676973087926,0.391,0.714,0.707,1.99,0.682,2.825,1.649,0.28,1.648,0.272,0.028,3.798,0.7463,0.266,0.318,25.94,183.03,33.45,8.98,1.504
0.23548493216644323,0.6437801728041591,0.7630952446140271,0.7105261234159634,0.9572033987535051,0.8895836905889625,0.6378339851261627,0.9283715599193846,0.8372255967211731,0.502,1.805,0.847,1.119,0.532,2.525,0.177,0.189,2.258,0.248,0.0133,1.281,0.9988,0.429,0.154,3.98,312.49,199.37,48.81,1.66
0.39084929024709014,0.3956523092159533,0.25348165064184214,0.5409436109875838,0.858118558611876,0.9144921304836167,0.9288272027224853,0.8166586642177126,0.8492510554685919,0.795,1.046,0.177,1.537,0.63,1.437,1.083,0.264,2.766,0.588,0.041,2.539,0.0076,0.41,0.183,9.89,96.79,58.33,45.18,-1.91
0.34067278508565707,0.7376013154994729,0.32762436025532893,0.6910526875145531,0.594624023167515,0.8703457921035631,0.912088719309476,0.6688414874652069,0.8836436094258054,0.207,0.665,1.413,0.201,0.635,2.275,1.09,0.673,2.112,0.196,0.0509,2.8,0.6817,0.574,0.358,26.2,337.8,59.02,52.89,0.737
0.24075524435481854,0.584493968372171,0.6681628443420687,0.6509373848577582,0.9084227539453492,0.9880896550266491,0.8993881258103285,0.8373565067668678,0.8816998370279175,1.761,1.954,0.362,1.356,0.411,1.737,1.1380000000000001,0.159,0.402,0.385,0.0115,3.215,0.2658,0.331,0.351,3.71,300.23,15.78,9.79,1.056
0.32083495035610493,0.5832031882835551,0.6897711878959739,0.6777732007028464,0.9429868061495592,0.8319241832471752,0.37468609683459253,0.9070520931705967,0.863867199646093,0.909,1.127,0.58,0.217,0.573,2.648,1.815,0.6960000000000001,2.791,0.118,0.034,4.53,0.6746,0.279,0.181,7.34,267.66,13.69,12.74,-0.859
0.30762824785690207,0.624958438244168,0.7874532641736491,0.7370251128649613,0.936723028921056,0.8339311402770293,0.33274442125576054,0.8919112731029105,0.8833937809054455,1.97,0.557,1.251,1.94,0.706,1.934,0.814,1.658,0.2,0.126,0.0266,4.131,0.9444,0.361,0.431,15.13,161.05,86.41,60.45,1.509
0.2411097876186974,0.6059795309161504,0.6532713391993803,0.6490441783089214,0.967662117467238,0.977166727088255,0.8094903768848101,0.9092083146204603,0.8574362921510359,0.441,0.875,0.912,0.89,0.726,1.995,0.382,1.7730000000000001,0.731,0.517,0.0262,2.414,0.4048,0.235,0.166,7.23,213.72,59.46,16.03,-1.654
0.3655232946047501,0.61846078982563,0.2475079906264549,0.613789681647769,0.7289694484749842,0.8505569051726046,0.8648839336586462,0.7241124583121332,0.8668747108068542,1.199,0.132,1.851,1.148,0.668,1.834,1.749,0.623,1.493,0.125,0.0541,2.081,0.8694,0.672,0.33,10.3,145.0,76.7,60.38,-1.339
0.2882492002453409,0.6091166280738078,0.7356573176292616,0.7016824177794954,0.92404222797588,0.9560073679109777,0.43285850146122595,0.9140076329757305,0.8723619721902471,1.601,0.375,0.323,1.853,0.647,2.877,1.831,0.595,1.629,0.57,0.0317,2.974,0.0521,0.188,0.457,8.18,276.11,67.68,15.37,1.677
0.42092548869107865,0.6279163220722359,0.13607335025117673,0.6049981628814366,0.6171554050674289,0.9002587900636396,0.9562833340901185,0.5525613072951685,0.8660099184688268,1.684,0.346,1.429,0.165,0.553,2.949,1.048,1.278,0.255,0.221,0.0481,1.501,0.2693,0.695,0.388,19.32,199.35,170.61,80.50000000000001,-1.603
0.31555842322629274,0.511597968881214,0.43230561712378957,0.5836494835017654,0.922421572649172,0.9278504427223899,0.9560757173320314,0.824803583429754,0.8635865079199438,1.647,0.369,0.583,1.516,0.776,1.562,1.282,0.20600000000000002,2.322,0.58,0.0496,3.033,0.9323,0.38,0.483,49.7,268.55,100.68,80.87,-1.107
0.28202381412762173,0.7219654441757897,0.4588123974089632,0.6909285324411972,0.7307074243475827,0.8867168671121362,0.9370982597208246,0.7387373642825183,0.8858917481486013,0.791,1.802,0.232,0.304,0.551,2.284,0.504,2.251,2.329,0.242,0.0418,3.777,0.3155,0.481,0.266,24.8,398.97,94.89,19.84,0.632
0.40882451672916037,0.5159552437236132,0.16425537827584458,0.5649916233697021,0.7311218329753496,0.9849237477424403,0.9204281438983071,0.6620540942480893,0.8515502789157575,1.83,1.523,0.147,0.407,0.683,1.202,0.153,1.117,2.95,0.378,0.0592,2.156,0.7765,0.562,0.386,3.11,230.78,61.61,7.63,-1.851
0.4040656333286466,0.5934936503432484,0.7467920269339892,0.6925316280972225,0.9324181893562071,0.8628111111848851,0.03394457093969716,0.8992665346500079,0.8756803183734805,0.191,1.534,0.67,0.22,0.626,1.302,0.503,0.898,2.267,0.345,0.0336,4.308,0.894,0.149,0.349,2.5,256.34,97.76,37.06,-0.362
0.2654542815704026,0.6458868160128639,0.6892063648330327,0.6894023954548409,0.9507222909517312,0.8489233978749646,0.5562921563064522,0.9205827689233947,0.8702621000488775,1.084,0.242,0.372,1.477,0.539,2.741,1.178,0.792,0.93,0.192,0.0392,1.37,0.731,0.264,0.354,34.93,169.74,40.38,39.83,-1.381
0.26267400619953835,0.6561117530960663,0.49884313896271426,0.6384298510214008,0.9276006328045057,0.8950429717707142,0.9301778977682772,0.8861126433771829,0.8668547116722216,1.177,0.761,0.365,1.46,0.743,2.553,1.833,1.567,1.603,0.309,0.0403,4.177,0.9775,0.309,0.122,23.92,64.38,31.64,8.8,-0.71
0.392040856006224,0.6173648404677562,0.21606752107131477,0.6085471531341996,0.7232142735838702,0.8808761729442589,0.9327442648737853,0.5548141353329491,0.8521537232493297,0.836,1.642,0.343,1.262,0.42,2.575,1.922,0.88,1.906,0.167,0.0293,1.932,0.8517,0.807,0.434,31.17,342.55,160.78,44.6,-1.989
0.28149608668130477,0.5919736740164807,0.57509809671897,0.6327239663454531,0.942916635189125,0.9352369940891994,0.6611444828974373,0.8980315613312309,0.8609741099560339,1.846,0.403,0.561,0.966,0.41,1.784,1.192,0.58,2.651,0.597,0.0428,3.496,0.8487,0.161,0.298,34.98,202.4,79.62,12.13,-1.063
0.25454547014246265,0.655340616120764,0.5416803470643794,0.647917097872295,0.9325758259622944,0.8912043535444722,0.8772443216847393,0.8787425256763289,0.8607772925980435,0.257,0.588,1.288,1.759,0.772,2.707,0.984,1.747,2.065,0.331,0.0397,2.866,0.6252,0.261,0.082,43.59,78.37,52.94,12.43,-1.334
0.4039036251622611,0.6833527358701527,0.1651493436499536,0.658789103526942,0.47015981573352517,0.9265462814066218,0.9381886949297196,0.7027973824822222,0.8852697936020122,1.233,1.699,0.138,0.846,0.585,1.311,1.143,1.236,2.156,0.415,0.0494,4.384,0.6011,0.337,0.071,10.85,313.88,46.48,25.22,1.375
0.4015602562386431,0.47449024583544164,0.2272985599331372,0.5691028830120806,0.6761792304220045,0.9402715624510258,0.9043328220032651,0.6865954639644638,0.8762955810169931,1.394,0.46,1.468,0.744,0.483,2.007,1.777,0.384,0.818,0.505,0.0257,3.629,0.3362,0.564,0.268,20.94,258.81,34.58,15.38,1.795
0.43063439758863914,0.385689795363345,0.1567761431729321,0.5239950473530584,0.790802308912465,0.907526376718057,0.912518611772903,0.7051749520305515,0.8527118037682411,0.9,0.52,1.435,0.867,0.678,2.215,1.206,1.459,2.346,0.594,0.0673,4.72,0.681,0.448,0.49,16.35,192.68,167.97,122.17,-1.16
0.18004871744449394,0.7244087471710665,0.7547000520161943,0.7116715247109309,0.9914429703776562,0.9128522253362765,0.9651136183030845,0.8906531762393639,0.8612820575094189,1.926,0.605,0.583,0.614,0.764,2.014,0.716,0.72,1.728,0.228,0.0152,1.073,0.4449,0.57,0.4,11.65,92.03,14.6,11.34,0.267
0.26835811962533485,0.5811281238590877,0.6512733705897689,0.6514237476943012,0.9436370936257826,0.8885635157722221,0.6779030302714615,0.884182899973878,0.8425058642396954,0.106,1.114,0.283,0.362,0.72,1.825,1.787,0.106,2.039,0.248,0.016,3.443,0.4344,0.31,0.214,39.7,309.88,145.76,90.77,-1.843
0.23626562755909924,0.615339964392422,0.6432744976439853,0.6459556772038956,0.9679578380392951,0.9919094196972057,0.9079810221014004,0.8476329051568107,0.884967904126609,1.8,0.942,0.187,1.044,0.503,2.67,0.434,0.295,2.974,0.417,0.0144,3.493,0.2764,0.37,0.279,10.64,167.79,13.18,6.14,0.298
0.2694973117799835,0.6155657586949451,0.5297179420752032,0.6186489648281281,0.9768293229152434,0.954564524698173,0.8117003299051357,0.8888126564012129,0.8726177300178355,1.731,1.723,1.804,1.626,0.404,1.552,0.625,1.498,1.893,0.278,0.0033,2.204,0.6838,0.587,0.484,40.75,374.82,101.96,8.18,-1.033
0.38651002841561133,0.6169416399957528,0.21006397488789597,0.6195138006746859,0.6744947154124878,0.8505279330878909,0.8774882171946848,0.6576046233076087,0.861875716389984,1.701,1.479,0.172,1.929,0.682,1.353,0.114,1.198,2.232,0.119,0.044,3.387,0.4088,0.795,0.264,39.89,220.59,127.97,78.75,-1.151
0.3045644693025517,0.6154496868416657,0.4084011314398224,0.6207269692601096,0.8716931486097378,0.8854760828564067,0.827179876966068,0.8639275007414393,0.8503369266573988,0.541,1.082,1.265,1.189,0.434,1.243,0.546,0.874,0.785,0.42,0.0543,2.596,0.4685,0.174,0.134,31.24,54.48,49.58,47.44,-1.858
0.2598523239189632,0.6430959220390717,0.5373730377463086,0.6354025547606139,0.9633989917984692,0.9345368937230984,0.9666553833368152,0.8045933418747335,0.8553292004601782,1.747,1.91,1.609,0.748,0.546,2.142,0.157,1.081,0.52,0.306,0.0313,3.823,0.8926,0.474,0.342,13.13,196.89,41.88,40.16,-1.215
0.43549362560685156,0.5799875370190507,0.10793030514323743,0.5676223434572079,0.6675003893770868,0.9637447998067201,0.8903897669982888,0.5309341629667191,0.8809170756189552,1.675,0.814,0.693,0.622,0.418,1.088,0.155,0.426,0.521,0.322,0.0224,3.547,0.8776,0.722,0.246,25.37,370.09,198.02,107.77000000000001,-0.233
0.2929018885046307,0.5315371871102692,0.5759657707557893,0.617358965832898,0.796491550910262,0.984372493371952,0.9059719670768767,0.723568855495945,0.8827814937164824,0.202,0.141,0.439,1.262,0.481,1.258,0.913,0.032,2.577,0.375,0.0073,4.292,0.8994,0.264,0.345,8.96,143.95,12.34,9.83,1.73
0.31517527285853136,0.5489058943642141,0.42099904267058175,0.5896183659659544,0.907428203241577,0.9651936485255108,0.9347648291662208,0.7654303387238575,0.8640479440080187,0.125,1.399,1.051,0.742,0.637,1.002,0.247,0.28700000000000003,2.209,0.483,0.0396,3.807,0.4392,0.463,0.405,44.59,188.62,146.59,51.74,-0.972
0.31377024719895513,0.4787103992871058,0.5235329402518334,0.589729650499075,0.9862426756533151,0.8919069125724222,0.7973671082647948,0.7665838376074299,0.8854919020312868,0.297,0.59,1.403,0.923,0.415,1.287,0.049,1.203,1.823,0.556,0.0098,4.678,0.4539,0.456,0.219,26.34,386.53,116.16,27.42,1.376
0.2438446339294639,0.6142520997544005,0.7506914915049567,0.6970759269901797,0.8857922132498902,0.8821106407371933,0.6626702399671855,0.8797249817881693,0.8667194372109077,0.496,0.404,1.248,1.937,0.736,1.384,0.05,0.4,0.745,0.23,0.0111,2.677,0.9407,0.313,0.26,5.49,313.47,16.44,14.29,1.818
0.4434749867834221,0.6150660267424258,0.06637815645551959,0.5891034890680283,0.5516823932952358,0.9438532728873081,0.9664052299308168,0.5919743454909207,0.8862195831761552,1.594,0.717,1.652,1.108,0.492,1.123,0.394,0.887,2.924,0.329,0.0491,4.7,0.4989,0.607,0.372,36.39,165.41,55.13,19.78,0.701
0.4036329609810485,0.5443343384204267,0.610876238465828,0.6290476951235613,0.9347788438186226,0.856758168366943,0.13900349695956582,0.8869373870373487,0.8331699252076961,0.42,1.993,0.78,1.927,0.596,2.765,0.347,0.241,0.656,0.282,0.0373,4.553,0.9718,0.16,0.461,9.27,64.75,56.59,47.8,-1.712
0.2508212674171148,0.6298354676509148,0.6484219266886455,0.664257885470092,0.9611435880328024,0.8658052464463372,0.7382679293936383,0.8564659304182543,0.85400336698614,0.453,0.98,0.276,0.298,0.737,1.425,0.111,1.334,2.364,0.21,0.028,3.903,0.6069,0.351,0.229,27.46,249.72,167.59,73.16,-1.372
0.24067526374531495,0.5997835835708405,0.6302100106133838,0.6413218806360135,0.9722002127041198,0.9634621632575986,0.9371301788733774,0.8657847788278012,0.8827196973048304,0.233,0.117,1.994,1.808,0.528,1.239,0.53,0.34400000000000003,2.313,0.536,0.0216,3.821,0.0677,0.313,0.221,3.53,220.69,82.64,56.88,0.097
0.25797170376366174,0.6596730432288016,0.5268412466608673,0.6482046296923536,0.9121976839411468,0.9184042991868171,0.9678826884701969,0.819716042150007,0.8549736529079064,1.316,0.941,0.426,1.23,0.754,1.097,0.285,0.925,1.737,0.341,0.0485,1.961,0.2183,0.357,0.298,12.19,155.61,105.57000000000001,20.61,-1.902
0.249430797759939,0.5934791817769648,0.6029692820058623,0.6457817147954938,0.9312168262175717,0.8779885857205418,0.9248400255257346,0.9123573972138681,0.8718810516737193,0.3,0.58,0.351,0.562,0.664,1.251,0.918,0.758,1.482,0.167,0.0025,3.729,0.9396,0.534,0.405,44.75,347.6,197.69,91.8,-0.546
0.5171823345794571,0.6523340090978491,0.21458526354048668,0.7095417838774267,0.3486212962969326,0.8310291698164701,0.1054991057717325,0.7924046786656967,0.8529163893843088,1.512,0.624,1.586,0.462,0.557,2.333,0.317,1.212,1.818,0.204,0.0483,2.0,0.1433,0.173,0.14,10.74,296.54,47.55,31.54,1.859
0.3793842443297627,0.42860991275788285,0.5085089585075373,0.5800611967134863,0.7531035431043185,0.9857874877055774,0.4950812755795697,0.7342823583504536,0.857339825787993,0.485,1.083,1.123,0.766,0.457,2.375,0.872,0.83,2.046,0.457,0.01,4.872,0.2519,0.172,0.399,5.83,175.84,144.81,87.98,-1.048
0.3800937630653315,0.6625539638457494,0.21893004100119184,0.6497772142952605,0.5431190937546446,0.9298350834879389,0.872309186532026,0.7425736958690283,0.886256788894699,0.488,1.279,0.663,0.91,0.654,1.449,0.677,0.531,2.085,0.539,0.064,4.968,0.5428,0.242,0.237,37.88,208.26,74.5,67.43,1.257
0.4552763910313219,0.45121620520801187,0.08515838986790092,0.5284889134530185,0.6945631958665441,0.9954790348468475,0.8283584982614968,0.5970151496039386,0.887654404452245,0.961,0.925,1.199,1.44,0.684,1.612,0.47700000000000004,0.883,2.947,0.372,0.0318,4.716,0.133,0.69,0.448,11.18,76.7,75.62,59.22,0.743
0.22838027274221034,0.6858963199620349,0.6263606436516238,0.6745045411699824,0.9219661084689561,0.9440407570778238,0.9741674110948715,0.789000979644028,0.863482699480824,0.761,1.543,1.4,0.462,0.541,1.236,0.145,0.793,0.392,0.303,0.013,1.778,0.9333,0.609,0.211,2.46,347.35,152.72,15.32,1.353
0.2789968638132933,0.5617603710192973,0.5575822831100377,0.616778919616693,0.8321907209576065,0.9410840763081778,0.9158697489937881,0.8166271629778181,0.8745661195103716,0.52,1.693,0.142,1.146,0.435,1.408,1.162,0.898,1.507,0.289,0.0078,3.378,0.8984,0.327,0.433,5.25,92.04,62.43,41.04,-0.527
0.26655452871926966,0.6114109532362506,0.7304740978912987,0.69073167127416,0.9218358856130386,0.8487860675188812,0.5615430005745885,0.8808912171330431,0.8829049477331041,1.333,0.414,0.892,0.209,0.712,1.679,0.752,1.212,2.045,0.151,0.0168,2.736,0.3028,0.326,0.243,24.32,56.05,46.36,45.09,-0.358
0.358170171370794,0.5767668415901598,0.7044705526433619,0.672918288476603,0.9475773367677512,0.8847753363781545,0.22309921391358645,0.900839801857091,0.8470028379735421,0.577,1.848,1.605,0.598,0.485,1.758,1.689,1.454,1.462,0.41,0.0267,2.909,0.2964,0.157,0.116,27.26,260.92,182.26,44.63,-1.872
0.4048661525427113,0.3666120586066337,0.3428995674895352,0.5282296108365379,0.9569436637451593,0.8869434426502517,0.567768302365305,0.7967104402069594,0.8859047319736378,0.428,0.31,1.476,0.335,0.616,2.308,1.355,1.376,1.472,0.508,0.0023,3.935,0.6625,0.532,0.076,34.160000000000004,95.21,49.49,19.4,1.068
0.27866144005594784,0.6306470435526594,0.4854045953594267,0.6226859688818521,0.9352535029617665,0.947517368545546,0.9337228222637105,0.7780063980200234,0.8696109233548083,1.485,0.809,0.533,1.891,0.428,1.196,0.893,0.735,2.859,0.294,0.0238,2.699,0.8808,0.578,0.17,9.45,393.82,10.21,10.14,-1.036
0.408411134684312,0.5749769383504952,0.16564395164912393,0.5979032371808459,0.7105144365882271,0.8511827778895307,0.8928637480187744,0.6095456323495343,0.8386321973770838,0.119,1.782,0.557,0.66,0.478,2.153,0.374,0.284,2.953,0.113,0.0228,4.446,0.9745,0.883,0.234,27.66,242.39,101.85,39.56,-1.656
0.2923293729738262,0.7545239983843859,0.42955182591087915,0.7108093809317048,0.6613115091713051,0.8777958751350444,0.8690284766649851,0.7699287400845156,0.8790833714469461,0.871,1.024,0.132,0.971,0.689,2.223,0.62,1.64,1.946,0.248,0.0455,2.444,0.7999,0.411,0.203,41.37,126.88,47.14,7.15,0.934
0.30595143243247386,0.6284961541573968,0.6897532238647079,0.686725538658755,0.924988010439746,0.8381468605456307,0.3968591379328945,0.9255567189927483,0.8763180068003913,0.596,0.381,1.928,1.229,0.778,1.676,0.731,0.864,1.954,0.244,0.0537,3.897,0.5062,0.114,0.327,1.5,229.23,11.27,9.0,-0.462
0.25445320066439214,0.6967510561843532,0.5529512345262649,0.6763476626751702,0.875498384741215,0.8727718856620216,0.9324964459316538,0.7354516327257865,0.8768014577409634,1.353,1.718,0.852,0.471,0.662,2.155,1.437,1.133,1.733,0.194,0.0321,3.318,0.1715,0.539,0.221,40.02,189.89,161.3,47.9,-0.51
0.2168775926487066,0.6708634526049266,0.6881594134121298,0.6922587720703152,0.9354821672609872,0.9362291412730147,0.7935577245321723,0.9001168134463517,0.876781889797245,0.512,1.881,0.929,1.848,0.545,1.801,0.635,1.447,1.969,0.501,0.0501,2.735,0.7322,0.213,0.365,3.61,211.95,21.48,13.84,-0.612
0.43409367246541686,0.32085559320473,0.2897238625975753,0.505445989495469,0.9661645730536976,0.8481718268423735,0.5372196450479965,0.787255597908926,0.8835393714006041,1.487,1.44,1.233,0.143,0.665,2.72,1.073,1.199,2.133,0.555,0.0064,4.619,0.0787,0.543,0.461,9.84,279.18,100.2,63.81,0.238
0.3142421551526149,0.6265416953408327,0.37636940220428616,0.6161193930311115,0.8604565839839737,0.8850259484151085,0.9624866518276084,0.752568460773283,0.8624736644112585,1.319,1.161,1.582,1.095,0.693,1.763,1.007,0.244,2.941,0.201,0.0587,2.283,0.4071,0.577,0.446,19.52,71.25,19.92,18.42,-1.539
0.46379275429743966,0.21565366296479727,0.24830442444590062,0.493531339950116,0.9194100025665584,0.8503043860015034,0.6314061044831188,0.6751584413060121,0.8825827501352101,0.509,0.399,1.409,0.532,0.74,1.219,0.049,0.07,2.271,0.589,0.0088,4.858,0.0088,0.609,0.4,46.51,168.01,160.51,64.57,1.949
0.2931521296583749,0.6658954975859355,0.4114382294256177,0.6351520569685692,0.8364812582449562,0.9166260544600158,0.9850837321306253,0.7838155885380127,0.8746493612689432,0.232,0.338,1.834,0.449,0.682,2.28,0.244,1.126,2.903,0.281,0.0503,2.085,0.384,0.507,0.383,25.31,92.94,69.15,45.72,-1.049
0.3543119103248861,0.5675962966871112,0.6476544186398894,0.6422125331921458,0.9417458260962567,0.8962501811243625,0.2813576402668967,0.8802001581228727,0.8578494508396051,0.983,1.841,0.596,1.246,0.513,1.888,1.058,1.501,1.895,0.514,0.0294,3.879,0.5629,0.118,0.213,14.39,50.75,29.66,19.46,-1.104
0.25978935111362844,0.6119571245545415,0.5501610134655432,0.6222427945026576,0.9676335756832091,0.9249253037193528,0.9327709949896853,0.9054340537384752,0.8446136763768051,1.74,0.406,0.623,1.081,0.798,1.009,0.633,0.527,2.175,0.289,0.0195,4.32,0.5523,0.381,0.133,5.11,69.18,9.57,8.29,-1.604
0.26453544178703675,0.7235025217573499,0.5059208748327548,0.6922965225199366,0.7433369598074486,0.9480970191405301,0.9835794340939242,0.756344170726743,0.8720238362377335,1.794,1.189,0.677,0.722,0.73,1.475,1.122,1.352,2.699,0.368,0.0387,1.082,0.7656,0.449,0.177,38.51,285.54,71.64,26.5,-0.402
0.29726354518415327,0.5207799352395673,0.5563678520193659,0.5954903054169214,0.8623564121507387,0.897913908958614,0.8011331716793206,0.8153312290289425,0.8824518034056076,0.463,1.127,0.6,1.115,0.644,2.164,0.011,2.082,1.505,0.533,0.0094,2.011,0.7449,0.302,0.232,3.61,191.25,7.09,6.7,-0.327
0.34767283541245936,0.70022201130563,0.29848301542126987,0.6584632695429868,0.6456088979128458,0.8707002900056475,0.935288174457131,0.6709410628101697,0.8834149636196513,0.4,0.159,0.321,1.578,0.516,1.025,0.684,0.778,1.464,0.17,0.0511,3.509,0.4945,0.67,0.471,1.59,196.45,10.35,8.78,1.08
0.3780368143920905,0.5171105926340998,0.27032366838161836,0.5521284170282603,0.8889657423525449,0.9996098200506629,0.7835132224335027,0.6798353482362429,0.8759222297506508,1.445,1.644,0.361,1.31,0.638,2.032,1.092,1.136,1.875,0.361,0.0151,4.397,0.1529,0.661,0.333,23.54,358.22,109.9,92.89,-0.428
0.4800874371106328,0.29984876394231863,0.10539224795789859,0.49435127887957786,0.7970808340855564,0.9584470277634988,0.6560769517930558,0.6550374469285047,0.8678217032665897,1.26,0.624,1.046,1.064,0.747,1.905,0.808,1.107,0.994,0.404,0.0095,1.251,0.8034,0.735,0.155,44.84,198.36,58.11,7.25,-1.478
0.35964466925561583,0.45979296058201247,0.43522127272496014,0.5616549620022111,0.8779212534891329,0.8675295884805343,0.588408712789703,0.8732812179121949,0.8821330889674303,1.708,1.171,1.044,1.644,0.44,2.714,1.007,0.249,2.782,0.529,0.0023,1.993,0.8277,0.38,0.47,41.32,301.94,86.86,35.27,-0.356
0.28029162990157697,0.6875765761625814,0.5052155610451117,0.6786126231134577,0.7868772862527587,0.8888391066278809,0.7730492642975966,0.7560501827033175,0.8816736952253379,1.788,1.108,1.338,0.409,0.487,2.649,1.643,1.674,1.227,0.411,0.055,3.305,0.9061,0.217,0.196,12.31,203.58,185.25,179.39,-0.116
0.3802568061208336,0.6383313524550873,0.25233233272440614,0.648431474510756,0.611787654348058,0.8392142544621319,0.737859782407717,0.7107151278207902,0.8800574422778129,0.703,1.66,0.378,0.63,0.487,2.21,1.961,1.131,0.202,0.144,0.0651,3.728,0.1292,0.275,0.069,25.81,228.97,126.83,86.35,-0.379
0.29373083119624166,0.5508083722283648,0.5986648278371591,0.6235999671133863,0.8249273727007119,0.9330985094369177,0.7097328004602306,0.7734087369388913,0.8776173867070927,0.884,0.568,1.362,1.071,0.557,2.646,1.042,0.621,2.511,0.326,0.0112,4.159,0.8896,0.253,0.285,2.09,334.36,17.09,15.99,-0.279
0.40792502762995186,0.6542864562065307,0.15114913963641108,0.6195306379794152,0.6024786598371534,0.8589008505467354,0.9014483279381936,0.6193749644071715,0.8821865171168402,1.877,0.677,0.186,0.637,0.787,1.843,0.213,0.264,1.744,0.14,0.0328,3.226,0.0451,0.772,0.076,14.72,151.84,120.62,93.05,-0.232
0.3884413562255445,0.7128204113473027,0.22514844941204426,0.6605893178443942,0.5585709445327689,0.8821822818405155,0.9629525707098218,0.5690578318712392,0.8850976281769165,0.483,1.151,1.251,0.228,0.456,1.848,0.362,0.28400000000000003,1.676,0.203,0.0438,3.207,0.2957,0.68,0.388,45.04,271.64,196.67,9.32,0.365
0.49284167245548793,0.3552401474120591,0.44331414639436884,0.5550611694739007,0.6334726498500971,0.9682767942741395,0.14925148474305383,0.6237021695781528,0.8627535455304185,1.277,1.173,1.417,0.58,0.415,2.102,1.175,1.435,2.663,0.453,0.0049,3.349,0.4212,0.118,0.055,18.89,117.97,85.04,42.03,-1.12
0.324804770219895,0.4687064693344245,0.6973722998892804,0.6725099697581725,0.8050372230675689,0.8357322170412451,0.48692296430059645,0.8573671698224213,0.8804487898946292,1.362,1.735,1.562,1.497,0.408,1.19,1.131,0.137,0.827,0.108,0.0053,4.414,0.16,0.365,0.309,23.12,358.81,152.15,126.48,1.793
0.23290445088088302,0.6837023031251336,0.5936053823617702,0.6686294979697616,0.9089097782347686,0.9608248282987605,0.979652608044621,0.8166487912892195,0.8771796705043731,1.557,1.903,1.392,0.373,0.77,2.679,1.306,0.828,1.724,0.382,0.0362,2.726,0.6178,0.424,0.264,34.8,391.37,104.58,52.11,-0.51
0.23929039399946966,0.680359387656159,0.7791794889493957,0.737135187415737,0.9336818630161962,0.8654464640463595,0.5660420315323251,0.8943402628661175,0.8732594593281484,0.494,1.446,0.491,1.543,0.576,1.991,0.17,0.10400000000000001,0.791,0.23,0.0297,1.08,0.4135,0.301,0.209,17.77,375.22,59.8,54.41,-1.066
0.285882887409517,0.5441166787276694,0.6232813475668311,0.6289159570119771,0.9020221802306035,0.9816532735699819,0.6798232964811028,0.8018497540483107,0.8788827309640566,0.638,0.428,0.845,0.537,0.492,1.737,0.8170000000000001,1.423,0.56,0.478,0.0183,4.375,0.9774,0.213,0.418,17.42,119.98,47.14,43.1,-0.113
0.3209015277380352,0.45323473590999885,0.5273485477757593,0.5889404908990642,0.878852602158199,0.8692832559663607,0.7851185870726864,0.8008029142167944,0.8780012502986646,1.078,1.381,1.888,0.657,0.69,2.388,0.755,1.973,0.802,0.579,0.0051,4.079,0.7424,0.33,0.198,49.83,359.63,117.31,48.62,1.913
0.3291204008298624,0.5849050373461038,0.5684491374669708,0.6343103642249608,0.9528206271711683,0.8536168486087461,0.4318361350029152,0.9141308769518318,0.8569775638610901,1.051,0.193,0.74,1.245,0.508,2.208,1.367,1.3820000000000001,2.603,0.365,0.0454,2.804,0.5345,0.108,0.273,34.33,75.92,38.37,14.18,-1.541
0.2590909697794025,0.6871481257503211,0.5388890017725587,0.6749626018403139,0.8402931391730476,0.8890336064307028,0.8039244446665893,0.823834380285189,0.8834825506895949,1.352,1.873,0.556,1.048,0.701,2.136,0.695,0.23900000000000002,0.412,0.389,0.0487,4.814,0.0614,0.231,0.183,42.73,137.27,129.98000000000002,56.76,0.242
0.3871514623302136,0.632845012736733,0.23161439280702634,0.6068988598331373,0.6972994563633383,0.8816428454050371,0.9274126154786212,0.5589574716842685,0.8820219065895849,0.615,1.694,0.498,1.494,0.773,1.954,0.754,0.307,2.057,0.184,0.0155,4.774,1.0,0.803,0.365,37.32,95.88,52.95,10.36,1.918
0.19165754466617993,0.6663274599622502,0.7676471956217092,0.7033100785892972,0.9661891297857854,0.9433506736194032,0.9095432294513686,0.9261656526471833,0.8499181657753379,0.654,0.831,1.847,1.321,0.795,1.435,1.034,1.35,1.312,0.325,0.0111,1.414,0.6114,0.409,0.208,2.99,189.29,177.91,81.61,1.396
0.24332237557621073,0.6410323645758512,0.6981376700463549,0.68324350905503,0.965252878209408,0.8530106621261128,0.6831958738715831,0.8731324324433684,0.8814273993937671,1.419,0.183,0.852,0.714,0.414,2.414,0.767,0.937,0.358,0.167,0.0234,3.48,0.8222,0.37,0.299,8.07,200.16,74.79,70.84,-0.25
0.32031643082301725,0.6047436952734322,0.4893345013679633,0.6461973066254729,0.8463402254665191,0.8375264390773811,0.5837437849330347,0.8084449295420107,0.8633756347692708,1.053,0.38,0.492,1.12,0.502,2.399,1.039,1.504,0.519,0.204,0.0691,2.77,0.206,0.148,0.335,10.77,278.29,119.21,58.48,-1.306
0.3781730808082818,0.7458399532509284,0.30066424546768533,0.7230042053857595,0.44624118643807154,0.8608656938318091,0.7457194486344625,0.6794804466816131,0.8574308111586769,0.216,0.62,1.019,0.962,0.678,1.026,0.839,0.977,1.545,0.202,0.0613,1.185,0.4533,0.464,0.381,3.35,270.04,139.14,61.49,0.597
0.3145446287387433,0.6631294288016295,0.6308585728512066,0.7294939524536788,0.8050262008400091,0.8519055150083061,0.3967728377836438,0.8248370877855563,0.8813657843783026,1.056,1.716,1.367,0.454,0.597,2.381,1.479,0.49,1.278,0.224,0.0317,4.364,0.9014,0.316,0.247,49.84,264.09,173.78,25.65,1.981
0.4743839757762525,0.4744581467812853,0.006735034543859042,0.5283617954759701,0.6577497704847541,0.9962051407844937,0.8837571461939465,0.5886183566919116,0.8766620631722348,0.74,0.441,1.767,0.728,0.754,2.346,1.931,2.243,0.865,0.391,0.0405,4.804,0.8677,0.629,0.326,25.3,181.13,147.54,96.59,-0.15
0.28309547368463456,0.6714800290672016,0.4662464631056138,0.6472655857823755,0.8459312849471393,0.9200026737687776,0.9754584288981765,0.7238148539877303,0.8700487145455356,0.718,0.723,1.911,0.118,0.464,2.533,1.368,1.983,1.281,0.317,0.0361,4.418,0.4048,0.439,0.126,5.64,369.4,185.22,141.72,-0.615
0.2238207049003424,0.6279609557815238,0.6795623377968414,0.6685324313054378,0.9510984846834494,0.9267259069871113,0.9257809390385594,0.8495947371671362,0.8820554975666739,0.804,1.752,1.728,1.243,0.624,1.807,0.523,1.654,0.9,0.278,0.0158,4.1,0.5949,0.41,0.434,40.08,394.32,45.95,44.54,-0.016
0.31207138179041893,0.7085074492380896,0.37246370626777503,0.6577037575756556,0.7331841293369357,0.888394325677066,0.9628965262537725,0.7106041791489591,0.8800049596311872,1.413,0.526,0.492,0.609,0.684,2.523,0.614,1.041,2.275,0.232,0.0417,2.029,0.0423,0.527,0.169,16.36,142.94,103.87,68.32,-0.635
0.3901100803200102,0.5891471866969926,0.16797501048446928,0.5933270786633438,0.7249551056815191,0.8558385689983189,0.8822971434449254,0.7541323818676127,0.8575168232876628,0.902,0.983,0.43,1.74,0.563,1.52,1.363,0.6890000000000001,1.566,0.17,0.0658,4.723,0.152,0.402,0.152,3.94,91.05,30.02,17.07,-1.036
0.22946665326398458,0.6731299966834221,0.7638942696157439,0.7311768362035603,0.943460260910324,0.8383319901531874,0.6441099944027585,0.8715341482121113,0.8821471568622564,1.284,1.504,1.084,1.056,0.776,2.821,0.337,0.36,0.332,0.108,0.0199,2.182,0.0508,0.555,0.137,47.31,176.36,85.26,57.58,-0.281
0.270740971250489,0.6885855575380089,0.5096233262437342,0.6581981763731952,0.8724979871126707,0.884229668250976,0.9578802305205826,0.7094791094321953,0.8723572622685718,1.314,1.012,0.651,1.836,0.598,2.749,1.741,2.421,2.993,0.182,0.0226,1.169,0.0646,0.694,0.309,13.06,144.06,54.92,42.089999999999996,-1.339
0.43364227597346344,0.33261542907104846,0.2447805083242247,0.5068557713199688,0.949992097832579,0.8777864872402869,0.5861155084754477,0.7916200490768736,0.8848670228015156,0.259,0.25,1.552,0.621,0.763,1.938,0.426,1.765,1.972,0.525,0.0022,4.072,0.9417,0.579,0.466,7.43,385.85,195.93,154.17000000000002,1.188
0.3128006674269003,0.6749769991155432,0.3847443822251069,0.6301904761185801,0.8155957285541844,0.9032607275029817,0.9633563904495468,0.6777227018764216,0.8849056174117311,1.378,1.133,0.182,0.74,0.589,2.308,1.144,1.474,0.484,0.233,0.0333,4.088,0.0972,0.644,0.491,38.66,96.93,73.46,24.72,0.635
0.43699576613356794,0.6955494568664927,0.10777561438386118,0.6444328690331029,0.4917551418909205,0.8767506546622125,0.9522310465986414,0.5288232146589633,0.878561736058969,0.492,1.218,0.452,1.02,0.419,1.044,0.59,0.26,0.215,0.173,0.0428,2.196,0.8197,0.798,0.378,48.92,354.65,97.78,94.26,-0.531
0.3912905471442508,0.6589742395820903,0.19208981318484475,0.6098907413021784,0.6774965571166002,0.8828600502412192,0.9202831347364517,0.5923173392410754,0.8843561660379511,1.939,0.236,0.435,1.57,0.504,1.765,0.747,0.863,0.311,0.172,0.011,2.503,0.3805,0.842,0.135,3.21,268.02,38.2,36.68,0.12
0.33073673663197223,0.7521191760192509,0.34633757267557796,0.7072298470576057,0.5709920876838315,0.8839593955491062,0.9199686362712515,0.7169996713304483,0.8709532584749794,1.043,1.568,1.735,1.319,0.791,1.495,0.759,1.291,0.524,0.232,0.0368,2.102,0.5785,0.539,0.112,40.86,124.34,44.0,41.56,1.139
0.3254348640135158,0.6995084642227274,0.4719317098378578,0.71877708698068,0.656120574994712,0.8825187819504227,0.5171663184180953,0.867367996989374,0.8725218099461205,1.535,0.777,0.455,1.217,0.714,1.922,0.918,1.242,1.306,0.46,0.0569,3.407,0.1264,0.182,0.386,49.01,98.65,71.67,49.8,1.845
0.20468372341355565,0.6803954204604649,0.748679283036543,0.7085309058599338,0.9518854199997236,0.9254831053352208,0.7776012107759296,0.8844317783817276,0.8807734321907725,1.732,1.093,0.922,0.172,0.649,1.861,0.66,0.18,2.133,0.368,0.0326,2.229,0.6699,0.307,0.377,12.68,394.16,132.03,71.29,-0.471
0.20142298493122177,0.663988350507609,0.7134995579163417,0.6944093162107494,0.9504059157855927,0.9911758162864618,0.8950568451638501,0.9122012646138513,0.8777763122317626,1.667,1.951,0.128,1.47,0.791,1.632,0.591,0.29,2.547,0.544,0.047,1.35,0.9743,0.26,0.448,23.29,133.32,53.56,40.69,-0.671
0.28703272845597017,0.5426314994854884,0.5632574682036207,0.6064425746141635,0.9855834793038423,0.9257015461734629,0.742083896481702,0.8705390486762465,0.8764042252413634,0.448,1.089,1.901,0.368,0.693,2.037,0.293,1.399,0.489,0.46,0.0088,1.934,0.7405,0.51,0.425,13.48,235.73,24.27,10.98,0.579
0.4537593536379607,0.6976722430355761,0.08427106736324907,0.6812000152803072,0.34453828885426196,0.8470764537833624,0.7650923832556031,0.6955756071705034,0.8786988786723349,0.627,0.56,0.789,0.204,0.648,2.501,0.757,2.39,2.225,0.145,0.0634,3.661,0.4543,0.554,0.355,3.22,255.87,19.01,4.98,1.679
0.2947209466359673,0.6788591020306621,0.5828811576809968,0.7130049135156469,0.7912099408331771,0.8465711746196694,0.5217339016502929,0.8369500218668948,0.8862447496094583,1.734,1.195,0.444,0.358,0.721,1.404,0.219,0.138,1.636,0.286,0.053,3.791,0.4507,0.153,0.185,12.71,303.41,116.83,47.04,0.388
0.32244530700036,0.6662906559485173,0.7910217098628327,0.7411152852561724,0.9221044923178623,0.8537976133544101,0.25161916937732975,0.9222890853248426,0.8728899744808412,1.971,0.267,0.511,0.666,0.766,1.333,0.974,0.872,1.343,0.241,0.0416,1.262,0.8878,0.226,0.488,22.71,357.26,99.11,32.19,-0.048
0.39699010968908843,0.6684486269675736,0.4114933800205982,0.7213062442905129,0.5607114211157975,0.8273465782469674,0.3331609264317499,0.7946996322920586,0.868598467522642,1.896,1.955,1.302,1.313,0.442,1.539,0.605,0.214,0.384,0.107,0.0575,1.579,0.8429,0.334,0.234,36.71,149.1,66.73,61.84,0.692
0.3236441033792947,0.5262702802644845,0.3852406774533623,0.590959605942059,0.8910381497048666,0.9892572810836977,0.9955143689412773,0.8130545426323913,0.8539030681981956,1.14,1.786,0.61,1.035,0.732,1.553,0.603,0.285,2.56,0.553,0.0509,4.011,0.708,0.308,0.092,2.33,117.45,8.23,5.93,-1.306
0.4356791231963438,0.5854062587664866,0.12320724000823546,0.571742169051284,0.6714991446000814,0.9327219252165944,0.9066898395906475,0.49042080954139433,0.8831444722270458,1.811,1.636,1.579,1.95,0.554,1.098,0.37,0.18,0.321,0.245,0.0134,3.347,0.36,0.83,0.409,5.78,389.17,7.5,6.95,0.981
0.38497028037153286,0.5307543374839352,0.6579307981467364,0.6429467293586636,0.8524426436115426,0.8951962778729727,0.19950599782930545,0.8281355601038104,0.86642590586408,1.31,1.081,1.505,1.502,0.75,1.165,0.253,0.41300000000000003,0.773,0.313,0.0179,4.408,0.5319,0.209,0.392,36.58,345.39,88.35,73.66000000000001,-0.782
0.29753210162009863,0.5578283021718484,0.48277801058305714,0.5925791121801094,0.9303083426504555,0.975323834770881,0.8282859996595305,0.849213092241265,0.8534107584838706,1.79,0.199,0.105,0.644,0.683,2.999,1.645,0.982,1.215,0.326,0.0056,4.242,0.6869,0.412,0.112,1.96,390.21,83.66,26.07,-1.271
0.5015170236874,0.6563913631233349,0.030847512352371265,0.6760987345080149,0.2849417839888775,0.8344614053368455,0.5033801915555776,0.7746656168391866,0.8825221979814564,1.585,0.526,0.371,1.175,0.764,2.298,1.935,2.018,2.198,0.239,0.0591,4.839,0.1146,0.107,0.054,15.85,227.33,41.52,19.4,1.955
0.3042888347947843,0.6270420132198918,0.4233237207059033,0.639536835280781,0.8314586161927057,0.8727083106634539,0.8457983207958677,0.780017773311203,0.8504441055490415,1.381,0.493,1.56,1.981,0.537,1.327,0.807,0.973,1.314,0.396,0.0649,3.518,0.3299,0.136,0.097,3.03,340.31,10.83,9.01,-1.587
0.2529456232206543,0.6491241911360537,0.5737490419465587,0.6444944551594367,0.9926201694324753,0.8871276553670292,0.9273969128776665,0.7794468000113537,0.8818710400239798,1.447,0.762,0.887,1.226,0.638,2.175,0.553,0.004,1.219,0.186,0.0071,4.131,0.0896,0.638,0.314,10.86,132.41,130.29,81.66,-0.224
0.44693875847629844,0.5329359409844985,0.10063308491672729,0.5817590939088262,0.5083071944028872,0.9422361638873956,0.9499866634584601,0.6334899246384524,0.8809645140459066,1.742,0.642,1.943,1.061,0.507,1.363,1.296,0.766,2.904,0.53,0.0506,2.731,0.3148,0.535,0.425,49.06,324.64,75.51,74.0,0.886
0.40334770496216177,0.7566493168699264,0.21262092169567615,0.7132350686023822,0.3973166003576002,0.8746114623263836,0.8231889225383581,0.6646568643739696,0.8679820706641289,0.716,0.551,1.31,0.267,0.664,1.665,0.679,0.67,2.254,0.268,0.0635,1.371,0.8753,0.376,0.243,38.13,198.37,174.48,80.97,0.486
0.20470762427937905,0.6602781444923471,0.6965791643931423,0.6892197552397747,0.9561154014051393,0.9950827178194896,0.9598914853783141,0.8929666165822303,0.8728492524095144,0.116,0.152,0.399,0.467,0.562,1.964,0.516,1.36,0.708,0.441,0.0261,2.535,0.3619,0.388,0.418,10.8,333.92,14.09,6.01,1.456
0.40767490027579517,0.3659448827874767,0.32421574454141433,0.5273626250137794,0.9427658747253302,0.8632118607999812,0.5716160441099978,0.8310778068548694,0.8839827875986469,0.536,0.609,0.196,0.696,0.526,2.566,0.036,0.733,2.389,0.541,0.0023,2.936,0.8566,0.55,0.288,44.15,230.11,75.78,72.47,0.868
0.3658319813079487,0.37156500880271404,0.43609573888282616,0.5435249331957375,0.9903273996042004,0.8446983178936602,0.7071361414081829,0.8484342144188823,0.8718490374253262,1.445,1.236,1.876,1.809,0.771,1.072,0.10400000000000001,0.522,2.735,0.594,0.017,3.269,0.422,0.478,0.261,35.86,243.33,51.73,16.82,-0.871
0.23638088809526397,0.718484973811186,0.6891337471982178,0.7324428599313306,0.8631923396425524,0.8646662613906039,0.6382080524598606,0.8756741929594833,0.8729167304041477,0.252,0.456,1.852,0.102,0.495,2.533,0.834,0.411,0.792,0.269,0.0531,1.198,0.248,0.26,0.431,31.93,126.58,86.64,48.69,-0.451
0.29123980214869505,0.5814844656091793,0.6891886501753923,0.6694708426883746,0.9320918290604308,0.8392125823888112,0.5117142374439125,0.9033596254707478,0.8609674640274452,0.374,0.987,0.116,1.551,0.786,2.086,0.164,1.281,0.263,0.113,0.0233,3.888,0.5597,0.403,0.354,9.97,198.69,17.22,8.05,-1.001
0.2954996035063044,0.6743565645263978,0.756712631580786,0.7435612866917531,0.8975231669443043,0.8570853501106949,0.36281337791161405,0.9128268135933496,0.8482275824345031,0.512,0.595,0.768,1.336,0.51,1.964,1.148,0.26,1.241,0.22,0.0247,1.846,0.9228,0.319,0.319,23.4,112.63,74.87,28.9,1.957
0.3382251693847026,0.43634270694440924,0.5833257433106123,0.6225163257964503,0.6616701224701034,0.8568818699300775,0.7720356857671358,0.7172603328746563,0.8796261488696643,0.434,0.945,0.663,0.734,0.77,2.626,1.333,2.291,1.065,0.147,0.0045,2.809,0.8868,0.267,0.432,40.33,331.55,55.95,23.61,1.175
0.29168353813557835,0.5307689904824648,0.5460580890775408,0.6011376388246162,0.9584324684340154,0.9221634128471293,0.7661471327060841,0.8587696014271697,0.8864987823659509,1.569,1.692,0.6,0.377,0.624,1.073,0.711,0.337,2.592,0.48,0.0048,3.368,0.3488,0.446,0.05,28.18,382.29,161.08,50.44,0.725
0.253581666503458,0.6287340962608302,0.7632866105261703,0.704609260978512,0.9320902131093629,0.9667736453568654,0.5505717483351358,0.9081712450887168,0.8689732831184439,1.474,1.302,1.406,1.777,0.658,1.514,1.122,0.592,1.6,0.558,0.034,2.233,0.9886,0.199,0.472,12.56,70.18,24.87,7.75,1.474
0.26190659788720655,0.5885067145205756,0.5755883184954764,0.6210271092443307,0.9742147369733377,0.9916428992486114,0.8960641503648565,0.8471309458333685,0.8558412426127086,1.319,1.342,0.937,1.621,0.726,1.858,0.859,0.8230000000000001,1.933,0.388,0.0171,3.896,0.2819,0.4,0.376,34.01,238.81,122.96,87.13000000000001,-1.34
0.3726116530002585,0.40101590525257547,0.4149451524382465,0.5481576949612643,0.9796270907535842,0.8710879605079113,0.6524714368381483,0.7657988793107238,0.886759874287258,1.437,0.92,0.505,0.449,0.752,1.544,1.444,0.812,0.823,0.548,0.0075,4.968,0.7942,0.502,0.37,47.11,347.99,74.81,44.52,1.275
0.3026975987790719,0.5651658439863594,0.4778890658548173,0.5954192145959023,0.8589129587374777,0.955450591715815,0.7993436588522863,0.8340644276743502,0.8660122268706261,1.693,1.846,1.885,1.735,0.466,1.025,0.649,0.058,1.527,0.289,0.0046,4.525,0.7393,0.415,0.423,13.85,82.61,24.53,18.18,-0.676
0.3889501601249043,0.3990175677767883,0.3014506672860858,0.5593876353307692,0.7646333838572424,0.880000661464089,0.874779992963574,0.7447204813477964,0.8722403097019066,1.283,1.75,1.067,0.122,0.738,1.509,0.473,1.451,2.674,0.594,0.0264,3.119,0.524,0.546,0.34,23.94,164.63,107.8,66.19,1.794
0.4363082402047126,0.6296985957549739,0.09792797196648606,0.5936322218372705,0.5894087576010546,0.9361471899856807,0.9602806621150001,0.5322879909508574,0.8819631413634927,1.222,0.462,1.567,0.449,0.593,2.217,0.583,1.431,1.949,0.297,0.0354,3.492,0.5991,0.659,0.206,30.49,367.45,145.8,28.89,-0.04
0.22758190425723168,0.6465563485921721,0.7407703175785514,0.6932276857564368,0.9439599552379383,0.9100061400115488,0.7047404879641952,0.8735226942031417,0.8829426652199917,1.171,0.275,1.751,0.971,0.651,2.479,0.588,1.616,1.973,0.322,0.0174,2.84,0.3753,0.279,0.215,15.5,366.56,79.67,26.99,-0.013
0.24214882631818255,0.7122008973704572,0.7440066102612403,0.7569561834868866,0.8746195533980448,0.8514974242509864,0.5652251174874308,0.873264048210997,0.8629134377309868,1.277,1.448,1.546,0.191,0.423,1.536,1.454,0.313,1.195,0.179,0.0342,1.791,0.0314,0.41,0.454,43.43,90.63,79.92,40.13,1.259
0.42498818051552917,0.5584669265380038,0.08279634616850384,0.567771811387968,0.7202222397273601,0.9122386208759088,0.9678594309495168,0.6653887369289255,0.8486426226843498,1.792,0.149,1.866,1.797,0.711,2.545,0.518,0.517,0.447,0.271,0.0494,4.528,0.7293,0.537,0.131,2.22,276.32,82.27,5.82,-1.407
0.30475883088442046,0.7324625724759692,0.43748027942589274,0.7128360804699935,0.6370719672878831,0.8747498097238651,0.7681304968121494,0.7649595445069797,0.8729414195888996,0.988,0.323,1.836,1.379,0.511,1.418,0.199,0.785,1.189,0.361,0.0553,1.14,0.2689,0.202,0.074,13.31,375.45,47.81,23.880000000000003,-0.508
0.2661556026610198,0.7090025339362268,0.6820868488356586,0.7425020834758745,0.8412911611669838,0.8421144132821426,0.517810531939427,0.8665158029566298,0.8807695647749972,1.793,0.78,1.447,1.987,0.781,2.243,1.908,1.549,1.959,0.176,0.051,2.399,0.0048,0.284,0.349,16.66,189.71,17.28,7.14,0.549
0.3140111520280534,0.6628948826485492,0.404893161684605,0.6318617330177538,0.8535243299601869,0.8798231740757853,0.9478109265546253,0.6358284658981883,0.8805678478259543,0.653,0.982,0.597,1.236,0.518,1.388,0.062,0.823,2.389,0.178,0.0155,3.522,0.1526,0.738,0.088,2.83,130.86,129.60000000000002,14.49,-0.411
0.26580143765672043,0.5956243192091148,0.5486253590891222,0.616895030987593,0.9761845610187443,0.9779154738454481,0.932723417275158,0.8514789236440148,0.8465871289815996,0.178,1.799,1.437,0.114,0.562,2.317,1.035,0.43,2.902,0.434,0.0306,4.84,0.3199,0.34,0.354,32.16,141.34,125.53,55.28,-1.471
0.30562916035160004,0.5611007685976779,0.48881536029649486,0.5941594261525334,0.8416517007163338,0.9826534386285082,0.7969496726171643,0.7808599525344662,0.8816879391115089,0.262,0.497,0.218,0.849,0.706,2.453,0.328,1.443,1.219,0.326,0.004,3.969,0.4844,0.38,0.188,3.44,132.39,13.66,6.39,-0.18
0.36749744905232884,0.5204508153231986,0.3161684936902629,0.5733092981844439,0.7847242650923043,0.9515540063062403,0.8838636340239701,0.6475498537357226,0.8800930424494966,0.326,1.698,0.679,0.786,0.45,2.669,0.772,1.082,0.954,0.466,0.0188,3.138,0.1415,0.603,0.276,20.76,253.52,169.62,76.38,1.198
0.29892550598580153,0.6965296611544362,0.44281785500808535,0.6544228126571682,0.7739515715844947,0.9412818959536344,0.9623373603070944,0.6556145999511922,0.8646619143219845,0.943,1.548,0.573,0.264,0.655,1.242,0.403,0.238,0.728,0.281,0.0223,1.242,0.8201,0.719,0.479,3.09,276.8,154.39,60.26,0.455
0.3630944911645338,0.6491048912307158,0.6784207628844328,0.7395847105440214,0.8180551460219824,0.8305581613101114,0.18839928074454948,0.8411238452982989,0.8792012276083947,1.082,1.173,0.415,1.708,0.526,2.849,1.22,1.51,0.987,0.164,0.0381,1.679,0.6167,0.188,0.089,46.7,270.63,160.56,12.69,-0.083
0.3128859073158378,0.7208784133916649,0.4556416744271057,0.7238748128789114,0.6250855958409831,0.8510028727673423,0.7419171783570877,0.7095002277435727,0.8623666195895566,1.269,1.57,0.584,1.97,0.516,2.286,1.922,0.294,0.409,0.142,0.0232,1.681,0.9237,0.678,0.159,40.8,305.32,90.65,53.34,1.245
0.2840943856894382,0.6951382590523868,0.49933990690762176,0.6913753303844423,0.7639819958436813,0.8518142726903712,0.7755118006002759,0.7439631704064636,0.8850511183367675,0.542,0.745,0.5,1.478,0.775,1.712,1.527,1.692,1.06,0.178,0.0442,3.958,0.1928,0.415,0.2,37.31,293.53,183.22,40.8,0.382
0.41036702249290025,0.39226926086867187,0.227536682154455,0.522520932827947,0.8595131371944892,0.9143885934807655,0.8076125832125172,0.7371643340166312,0.8584907073378621,1.973,1.093,0.216,1.22,0.666,2.734,0.952,1.972,0.779,0.517,0.0282,3.975,0.7593,0.532,0.277,34.57,257.42,102.33,24.12,-1.049
0.3929119394682618,0.4808942121633003,0.259999658822869,0.5389848848116103,0.905855384416567,0.9857316989059338,0.7610954917260848,0.6457687424981968,0.8824834643579058,1.027,0.908,1.03,0.784,0.524,2.305,0.649,0.715,1.056,0.388,0.0104,4.058,0.0475,0.658,0.312,49.54,161.95,127.46,27.93,-0.105
0.2881359566843828,0.5153873154705046,0.5938398269133143,0.6098624066163173,0.8536976705065537,0.9119676086537903,0.8154447012453794,0.8134465875503784,0.8810931172759681,1.23,0.7,0.204,1.483,0.68,1.621,0.621,1.323,1.568,0.552,0.0123,1.904,0.2759,0.251,0.394,6.8,251.66,14.64,10.34,-0.163
0.3020187771234103,0.5330278957436747,0.5034100960271306,0.5991068138867122,0.8130470873009397,0.9425234369988359,0.8676133182591589,0.8258601502553236,0.8649554121965799,0.19,0.136,0.347,1.749,0.718,1.339,0.823,1.05,0.443,0.276,0.0032,3.554,0.8985,0.339,0.151,13.47,265.46,146.54,82.1,-0.934
0.39485919070191466,0.7169611191783187,0.22959037441651275,0.699525542259217,0.45107720404913065,0.8579824284181115,0.8048047374110194,0.669874611658042,0.8782865835931566,1.965,0.909,0.202,1.192,0.439,1.053,0.34,0.284,0.968,0.18,0.0442,3.432,0.238,0.559,0.327,17.1,321.96,122.35,58.28,1.567
0.37767445418540485,0.5688070913714388,0.2270851666037066,0.5873784963707669,0.7771304847357049,0.9619246017850861,0.9853720138675179,0.6737239494457266,0.8275697780719207,0.35,1.629,0.828,0.679,0.641,1.133,0.155,0.849,0.981,0.409,0.0672,4.998,0.9574,0.41,0.322,21.73,299.71,97.09,74.16,-1.996
0.36842897150840836,0.664956977282392,0.2531232239727649,0.653711860247684,0.619439444743396,0.849796303926333,0.8594327071754116,0.692195899979028,0.8815305074414452,1.446,1.901,1.975,1.686,0.788,2.756,1.156,1.359,0.438,0.124,0.0635,3.689,0.7959,0.662,0.254,7.2,324.53,24.79,21.490000000000002,0.057
0.4334234460781038,0.3631280368684503,0.42058995700831026,0.5476215185540334,0.6761632426492065,0.9650961178284077,0.45282927307072685,0.6418217802851294,0.8480035685445925,1.252,0.333,0.469,0.844,0.744,2.533,1.95,0.101,2.035,0.547,0.0073,4.988,0.607,0.133,0.335,6.6,247.58,133.05,125.41000000000001,-1.33
0.3511091827451184,0.6851066774280209,0.29430872148825726,0.6591329003734474,0.634098935997754,0.855955943581727,0.7802356980504592,0.7619750373479188,0.8847247172916802,1.695,0.633,0.259,1.576,0.668,1.188,0.922,0.914,2.223,0.251,0.0625,3.627,0.5622,0.239,0.123,20.79,208.42,76.64,47.06,0.181
0.3414865201264769,0.5665253718155611,0.6890036862991138,0.658599920485831,0.9000958959991874,0.8993261372176029,0.31052576853003866,0.8617874394436869,0.8690882422510995,1.053,1.076,0.632,1.337,0.449,1.374,0.684,0.024,2.628,0.341,0.023,1.789,0.4634,0.195,0.456,14.61,127.02,42.99,29.0,-1.356
0.2892181625702561,0.5103052763993173,0.5686443902756413,0.6075093696588534,0.9925236211581997,0.8968536016268968,0.807794668055408,0.8397451436441644,0.8737458877342266,0.367,1.49,1.997,1.866,0.74,2.302,1.836,0.802,0.665,0.53,0.0092,2.5,0.3686,0.496,0.204,46.12,162.33,128.15,95.4,1.36
0.3444240560649572,0.553057693349559,0.6791604973714369,0.6528219469900343,0.9159295765564824,0.9274482777857611,0.31194088547672016,0.8409552478851181,0.8785781567876925,0.569,0.363,1.571,0.925,0.64,2.381,1.535,0.768,2.236,0.438,0.0191,4.439,0.737,0.185,0.303,13.48,210.97,170.11,28.810000000000002,-0.166
0.2466190093800577,0.6747399194215332,0.6153561425980829,0.6815202537476992,0.930273814101333,0.8734671261051918,0.950054497988637,0.6916643365847841,0.8861783114164186,0.996,1.527,1.091,1.142,0.566,2.936,0.807,0.257,0.234,0.176,0.0157,4.808,0.2779,0.652,0.338,19.82,399.78,113.53,98.43,1.115
0.316773683130762,0.6195176991683908,0.7524123993224086,0.7003861056763796,0.9388517496763829,0.9035648790400551,0.3165109319613012,0.8813685695754241,0.8874829782589724,1.183,1.028,0.331,1.972,0.615,2.238,1.146,0.282,2.191,0.451,0.0197,4.186,0.5922,0.171,0.078,12.24,117.1,112.07000000000001,38.72,0.953
0.36370788903391627,0.5702305461930974,0.7193391120460594,0.671247075725327,0.9224570280491964,0.9365016295782013,0.1938860259836087,0.8934056697578753,0.8755428595745496,0.799,1.524,1.908,0.946,0.735,1.406,0.673,1.207,0.721,0.592,0.0255,3.549,0.0349,0.141,0.235,3.57,202.48,112.42,107.59,-0.583
0.31865901342619707,0.6339867896626951,0.7172942255583059,0.7060399168764357,0.9093646643535175,0.8880381859632649,0.31761015712495066,0.8877495013365031,0.8858006339397566,1.168,0.599,1.496,1.075,0.714,2.877,0.047,0.006,1.822,0.538,0.0434,4.059,0.4496,0.133,0.329,38.62,382.84,118.68,99.52,0.333
0.4264982658226063,0.7390796116848286,0.13583202677962603,0.6819480754708191,0.39980809186399,0.8963272624806304,0.9637439463105221,0.6109248143876003,0.8754566752599826,0.9,1.767,1.193,1.472,0.733,2.983,0.022,0.085,2.41,0.245,0.0533,2.043,0.5397,0.598,0.297,12.96,386.62,94.87,60.66,0.686
0.24825736178206984,0.5863642338835531,0.7675004795080598,0.7180083314706751,0.9175962957401641,0.8389757699777571,0.6425052711731172,0.8828994421544762,0.881047608870039,1.078,1.498,1.655,1.459,0.533,2.503,1.867,1.439,0.322,0.117,0.0079,4.622,0.5977,0.434,0.156,2.56,127.9,87.57,55.92,1.914
0.34039588305932433,0.49346459934317166,0.44222798143489694,0.5629262949312375,0.9206200149816649,0.936217554602093,0.6506439461765694,0.8632552448287838,0.869173647982392,1.008,1.543,0.575,1.302,0.721,2.83,0.021,0.134,2.994,0.423,0.006,3.454,0.8035,0.441,0.251,6.8,385.17,7.62,5.54,-0.878
0.20264623058498343,0.6829925769667344,0.7048434421232042,0.6908530058800659,0.9920570145806615,0.9284510891503945,0.9815676174596986,0.8514752165397583,0.8667360041721803,1.334,1.721,0.563,0.718,0.74,1.867,0.532,0.222,2.157,0.272,0.0113,2.552,0.4887,0.556,0.431,32.17,296.71,54.53,20.69,1.713
0.24989660408910266,0.7027863424470566,0.6879253683699478,0.7333322304005037,0.8604812941127917,0.8391884876947657,0.5876782410270124,0.8829775439815886,0.8828719987431386,1.894,1.888,1.92,0.725,0.729,1.732,1.204,0.95,0.431,0.141,0.0527,2.152,0.5174,0.359,0.388,30.29,81.24,35.43,6.9,0.287
0.43469953056618427,0.5761595393674295,0.08397620794961169,0.5718780077630872,0.6789479001219478,0.9052574076856936,0.9305174111989574,0.5827149947322693,0.8633417558840475,0.563,1.389,1.913,0.898,0.402,1.634,0.695,1.227,1.442,0.223,0.0314,2.35,0.1034,0.727,0.194,17.9,74.72,74.45,14.11,-1.474
0.32629340163223564,0.7002271493818568,0.5314818134143549,0.7245330537586638,0.676685818756048,0.8645222829148799,0.4680351458075849,0.792527096365235,0.8674628484896159,0.517,0.331,1.135,1.147,0.521,1.544,0.517,0.327,0.573,0.406,0.0682,1.041,0.1614,0.153,0.386,20.95,254.64,199.95,187.6,-0.19
0.23451009698690092,0.720117533750084,0.6124588897093214,0.710229660803702,0.8640663199257994,0.858464118392603,0.8960688199715637,0.7463543445112706,0.8824306661508549,1.371,1.308,0.45,0.709,0.638,2.726,0.758,2.097,2.45,0.14,0.0178,2.776,0.6074,0.694,0.144,13.84,288.52,17.89,13.49,0.765
0.3413608349536592,0.6363238934256394,0.28521971096807475,0.615862828152659,0.7313866441501674,0.9505915338454404,0.9781289985591245,0.7711817609685983,0.8814472287989883,0.166,1.405,0.429,1.61,0.634,1.468,1.395,1.456,2.213,0.468,0.0515,4.718,0.4918,0.323,0.109,14.6,116.23,93.63,75.24000000000001,0.089
0.22758129327484355,0.6847913411401787,0.7201396483752878,0.7205540002766402,0.9167103326040378,0.8681253447682858,0.6907947800748467,0.8465943671880503,0.8770840571720273,0.657,1.462,1.763,1.122,0.551,1.434,1.183,0.455,2.054,0.238,0.044,2.474,0.2667,0.318,0.368,9.76,355.74,137.8,16.5,-0.816
0.2760397328369466,0.6812591345318105,0.636606511736101,0.7197910716075346,0.8341878359836836,0.8339209814500443,0.5413622888578448,0.8660291851765698,0.8814959105759854,0.558,1.176,1.35,0.833,0.701,1.733,1.697,0.879,2.742,0.12,0.0667,1.959,0.2572,0.374,0.481,41.24,84.25,59.78,41.66,-0.061
0.3187950155328556,0.6455514648864327,0.3637394791641394,0.6307039333440705,0.8006857115789332,0.857140436562459,0.8993885544261886,0.7577880100468765,0.8685582080506016,0.281,1.083,0.441,0.414,0.422,2.729,0.127,0.347,1.44,0.141,0.055,1.799,0.6926,0.646,0.491,33.77,68.0,47.49,29.560000000000002,-1.34
0.389350107089745,0.5984613118403426,0.22665476999323464,0.5965723372371878,0.6886830515677821,0.9692010168537891,0.9060479454681019,0.5894137669300805,0.8758100563668448,0.418,1.777,1.695,0.473,0.772,1.178,0.983,0.122,0.452,0.322,0.0372,1.447,0.8682,0.702,0.391,19.41,247.79,192.45,178.45,-1.005
0.45604212888457507,0.6311050307454436,0.01848226001868858,0.6068515197466486,0.4984702647550303,0.8470272154012196,0.8267941945030873,0.698751747062081,0.8813173236863736,1.813,0.483,0.342,1.789,0.582,1.911,0.8130000000000001,0.149,2.643,0.117,0.0478,2.936,0.8053,0.753,0.096,43.13,91.35,83.16,80.24000000000001,-0.285
0.24118013180044343,0.6817082998818942,0.7406129198612537,0.72140783749501,0.9295741541788276,0.843404337029658,0.5863248922226137,0.9257902987111274,0.8858868320250273,0.781,0.165,1.764,0.681,0.72,2.46,1.848,0.704,1.832,0.158,0.0391,2.9,0.3292,0.295,0.311,5.78,76.12,5.96,5.21,0.274
0.2343525791557075,0.70246982707795,0.6189818357999488,0.7029010655062697,0.8851111837674559,0.8534784049153017,0.8873196018016981,0.7685506104927841,0.8716702732572265,1.193,1.404,0.496,0.168,0.597,2.695,1.904,2.432,1.964,0.117,0.0015,1.023,0.4357,0.83,0.412,26.75,345.88,97.03,15.3,-0.506
0.3880928799040643,0.6772921579743025,0.21061145497872902,0.6511862557333243,0.5876983240041072,0.8636913999330699,0.9189865006372042,0.6188220516951304,0.875298391675646,0.346,1.587,1.749,0.717,0.543,2.608,1.349,0.419,0.43,0.174,0.0664,3.475,0.489,0.564,0.285,29.85,352.03,140.55,62.78,-0.562
0.26966271138234316,0.6211326105336437,0.5254975579675518,0.6310525057300181,0.9749520450244669,0.8517986359557654,0.8640962110380039,0.8606878765541912,0.8717044369026221,1.867,0.573,1.159,0.312,0.66,1.502,1.1460000000000001,0.526,0.886,0.111,0.0049,2.854,0.2492,0.807,0.495,27.88,95.82,53.38,13.030000000000001,-0.955
0.19287937762834673,0.7202369840505183,0.7278846748899879,0.7212729091819019,0.9318095421643751,0.8878533670622734,0.8244300635637916,0.9203651584825729,0.8850068187988183,1.98,0.432,0.786,1.44,0.738,1.758,0.993,0.246,0.906,0.282,0.0371,3.357,0.7031,0.3,0.304,3.29,54.2,5.9,5.220000000000001,0.684
0.1756422997714983,0.7037252037500703,0.8039600514886749,0.7346106574724822,0.9704697975340553,0.8990658556082154,0.9057947702963004,0.8953189904392383,0.8611931309633774,0.187,0.396,1.515,0.381,0.576,1.167,0.427,0.727,2.46,0.249,0.0135,1.628,0.962,0.435,0.285,44.42,188.7,105.78,102.22,1.25
0.35001569018317696,0.49766672876862894,0.6963855884098894,0.664013264393962,0.8079199937725007,0.8475889202568191,0.3444762593082903,0.8681468273425983,0.8756623371230106,1.253,1.391,0.416,1.803,0.473,1.936,1.73,1.247,2.605,0.139,0.0102,1.169,0.8035,0.285,0.376,25.04,273.52,59.72,26.23,-0.889
0.27155978773840994,0.6991305293522767,0.49244649997517087,0.7079794083733859,0.7001183720981397,0.9530981411354728,0.8317058229428047,0.8599985239482221,0.8715608766888527,1.524,0.318,1.317,1.144,0.674,1.504,0.608,0.782,2.575,0.582,0.0453,1.927,0.7966,0.219,0.13,37.31,57.48,57.18,5.96,0.951
0.313973884968078,0.609168655959281,0.36623416982528234,0.5981338704292585,0.9025498382336102,0.9382254829028347,0.9798739111600713,0.7981391031312466,0.8648458497486766,0.905,0.123,0.552,1.102,0.408,1.967,1.93,1.506,2.424,0.319,0.034,4.392,0.3726,0.473,0.306,4.98,248.44,59.03,51.64,-0.874
0.44049548737312716,0.6176059565096629,0.07682927965524478,0.5910546118385348,0.5802830382563149,0.931395078340412,0.9266494543291431,0.5682415442624693,0.8820175802541029,0.574,0.629,1.999,0.781,0.614,2.057,1.472,1.852,2.382,0.269,0.0467,2.098,0.9436,0.72,0.458,28.36,127.09,40.23,7.58,-0.277
0.4922115614643409,0.29679046089218497,0.05911248059082963,0.47609499450967185,0.8350207900522422,0.9294970648158983,0.6422759927616439,0.6814492268989158,0.8506732740571775,1.492,1.528,1.957,1.592,0.707,2.083,1.045,1.5190000000000001,2.498,0.446,0.0208,3.529,0.1486,0.684,0.492,39.91,338.59,107.92,47.32,-1.612
0.21575507694871165,0.6638722281399776,0.6737877785512911,0.679264165415822,0.9260997301542022,0.8803842265215702,0.954263495488978,0.8767245698140281,0.8856478459839339,0.407,0.768,0.301,1.039,0.73,1.847,1.764,0.298,0.738,0.17,0.0082,3.159,0.6779,0.504,0.138,2.86,52.01,6.24,5.3,0.339
0.33722032355239495,0.5832175700548676,0.3719199738190532,0.6080221023418548,0.7675313808476629,0.971532014699321,0.8963573491727727,0.6747679898543049,0.8714237855909972,0.173,0.687,0.351,0.875,0.644,2.357,0.754,0.214,1.868,0.43,0.0269,1.834,0.6846,0.613,0.466,38.73,226.31,191.42,38.17,0.804
0.26904624749532635,0.7051904867401365,0.49788036302851657,0.696827761075477,0.7233269145424199,0.9553599165669577,0.8951056338747666,0.791655410665468,0.8767691121519632,1.897,0.504,1.51,1.457,0.541,2.826,0.126,0.219,2.778,0.534,0.0578,1.552,0.4606,0.265,0.304,22.74,324.63,59.29,36.85,-0.095
0.3711881874350441,0.5918408131737856,0.7884754634303281,0.7113080828499048,0.9275792625654725,0.8539385385342441,0.12933863809776214,0.9157791031015821,0.8741321755922015,1.681,1.91,1.786,1.6,0.619,1.747,1.473,1.45,0.337,0.204,0.0166,1.56,0.5032,0.252,0.055,37.8,350.8,102.29,72.65,-1.118
0.38049071287726166,0.6124542373817135,0.20262140054723077,0.6010259359476604,0.7413924521076075,0.881408245094668,0.9562664001476656,0.6698899223844423,0.8544883212458565,1.187,1.602,1.692,0.494,0.454,2.873,0.982,0.453,1.565,0.208,0.0659,3.125,0.0311,0.543,0.344,5.29,121.33,31.8,9.75,-1.559
0.27696497476653026,0.7241155440418543,0.5765116292887584,0.7308819685414889,0.750420790607033,0.8774873965323406,0.5883895583847072,0.8444879176041863,0.8779698940062388,1.388,0.349,0.419,1.316,0.743,2.107,1.708,0.734,2.213,0.415,0.0682,2.341,0.1382,0.173,0.429,11.77,308.5,20.06,7.83,0.764
0.3121976722090932,0.7265565368217252,0.3871404956583019,0.6767949830560482,0.688817562950061,0.9032696148618283,0.9731005821268947,0.6776912858563058,0.8812071246437776,1.428,1.305,0.347,1.665,0.732,2.67,1.743,1.476,0.808,0.275,0.0687,2.144,0.1481,0.488,0.463,48.95,367.34,159.86,110.44000000000001,-0.464
0.24432238580137988,0.5728847678932536,0.730258663140888,0.6733352272292971,0.9372434185444334,0.9701771572584018,0.7139306189144161,0.8855019880434074,0.8739981525926286,0.764,0.159,0.655,0.279,0.402,1.188,0.439,0.073,1.695,0.591,0.0198,1.934,0.9207,0.203,0.376,23.67,102.62,42.85,6.53,0.796
0.21977332693875926,0.6697003996448991,0.660964017012399,0.6843826565056422,0.9174319031481567,0.9648527106998972,0.8849847179678794,0.8331044441739823,0.8833401252271448,0.518,0.743,1.35,0.841,0.735,1.43,0.132,0.968,2.603,0.469,0.0309,3.074,0.0983,0.307,0.145,2.68,336.91,188.97,10.54,-0.159
0.3355091269321054,0.5427085825309952,0.3511681531676675,0.5850381655527266,0.8337906949952677,0.9563447784787333,0.9806584082006915,0.7674727070364631,0.8805633496244695,0.81,0.85,1.788,0.947,0.437,1.521,1.276,0.507,1.179,0.555,0.033,4.593,0.1406,0.4,0.085,26.68,115.48,74.62,54.43,-0.033
0.45739401736617896,0.3496604380428088,0.48035530615669275,0.5730441420582936,0.5916267646343907,0.86117424174434,0.2990102292809841,0.6829812102919577,0.8568847441284462,1.17,1.101,0.95,1.352,0.618,1.856,1.3960000000000001,0.455,1.84,0.17,0.0047,1.752,0.7017,0.181,0.294,22.0,265.77,190.48,43.26,-1.835
0.2512703991003561,0.5991914987384147,0.6099917250604027,0.6489753157699912,0.8920142273891883,0.8724382087627311,0.9367378610486141,0.8525116606350959,0.875764645026524,0.543,1.063,0.212,1.989,0.775,2.66,0.146,0.524,2.697,0.162,0.0098,4.093,0.632,0.436,0.402,31.23,54.73,37.01,24.25,-0.433
0.2581153661487862,0.6682482169448376,0.5657101182487287,0.6501828157715965,0.972693021145255,0.8817440097081044,0.9463124283261221,0.7149944937066655,0.8855068373228072,0.464,1.786,1.724,1.592,0.59,1.499,1.315,0.355,0.227,0.183,0.0111,4.649,0.4592,0.667,0.252,21.31,103.06,85.05,74.48,0.444
0.37185820687244925,0.6908356429175628,0.3938516249691313,0.7169139360780845,0.5579671499994298,0.8340828797319702,0.4579598381679276,0.831128757046105,0.8664130571343566,0.448,1.842,1.198,1.43,0.58,1.637,0.382,0.539,0.325,0.131,0.0499,2.173,0.8023,0.34,0.16,8.66,92.15,9.69,6.23,1.53
0.3856734128092716,0.6607279833625859,0.5958852437560159,0.7365989114679478,0.7456290711854427,0.8365139833422703,0.1575661034097745,0.8441563617056393,0.8706047795829477,0.626,0.858,1.114,0.494,0.556,1.34,0.454,0.326,1.992,0.185,0.0363,3.091,0.0169,0.283,0.286,38.66,199.15,125.74000000000001,5.92,1.78
0.2164219790510036,0.664586635996258,0.6658675679579533,0.6934893544766427,0.894836741846421,0.9986895927240924,0.8883287467618843,0.8666726804674535,0.8762877109951104,1.331,0.921,0.98,1.801,0.765,2.547,1.873,0.274,1.381,0.59,0.034,1.439,0.5695,0.26,0.147,29.55,180.82,124.35,20.9,-0.305
0.21672164004352648,0.6322615893102481,0.7174287472710551,0.6846831369723935,0.9249462721995093,0.9041528974976797,0.9125857540932409,0.8390538715258405,0.8865154519014228,0.575,0.908,1.406,1.558,0.646,1.914,0.324,1.677,1.096,0.259,0.0153,3.889,0.2509,0.365,0.5,21.66,196.69,99.42,56.55,0.815
0.32536891432379744,0.6883554256360459,0.340006306209207,0.6726168353274964,0.6350153607512747,0.937876450384255,0.9355018228867986,0.7709084922646927,0.8846326124542119,0.812,1.324,0.271,1.207,0.543,1.768,1.407,1.633,2.406,0.474,0.0691,3.501,0.2542,0.271,0.282,5.6,318.76,6.62,5.48,0.699
0.39867019162496264,0.3949070011998578,0.3874864278964637,0.5499701208856147,0.6276783900973957,0.992362331695364,0.7864011315895205,0.65517305141485,0.8436214465337308,0.644,1.208,1.37,1.059,0.554,1.121,0.204,0.04,0.852,0.381,0.0021,3.603,0.3964,0.208,0.262,34.4,121.81,120.06,52.99,-1.709
0.34757688237303463,0.6848260769777231,0.3148150350280239,0.6558249980993223,0.6633455623729785,0.8707878243124172,0.8939078661942893,0.6477276748878416,0.8824214528250367,1.39,1.616,0.825,0.129,0.439,2.805,0.532,0.844,0.314,0.236,0.0534,4.686,0.7688,0.41,0.167,40.78,223.15,194.5,110.52,0.169
0.3223953944259456,0.610091666622715,0.7301816019355598,0.6925196275028359,0.9505535694272378,0.8394258443104277,0.3208204697309298,0.9266161598729333,0.8687116317632626,1.589,0.339,0.36,0.378,0.459,2.993,1.74,2.886,0.89,0.162,0.0279,1.807,0.6077,0.236,0.161,5.2,334.43,15.09,12.02,-1.328
0.24466613632293893,0.658651391392977,0.6105124973328082,0.6703530537680957,0.9470349722595522,0.8492769040318457,0.8724553023274357,0.7836080689620559,0.8842857568439597,0.493,1.075,0.903,0.494,0.724,1.02,0.757,0.157,1.269,0.123,0.0203,4.973,0.9639,0.686,0.381,17.8,106.58,99.87,71.54,0.535
0.39693511836094253,0.574729572162289,0.7943993703199271,0.7179325991772908,0.9236317914226443,0.8309099567255808,0.05092055857459599,0.9093222316464813,0.8801102950418933,1.57,0.978,0.394,1.324,0.535,2.937,0.697,1.559,2.651,0.114,0.0227,1.815,0.2602,0.295,0.43,18.59,93.52,68.62,11.13,-0.064
0.25299099338767594,0.6526284923182599,0.5586529596675079,0.637220195130587,0.992683094176647,0.8994870594157156,0.8884732170548365,0.8324402860118307,0.8804119098730256,1.782,1.293,1.58,0.947,0.575,2.649,1.671,0.258,2.232,0.201,0.0046,2.961,0.5363,0.636,0.313,27.37,107.62,48.43,32.55,-0.391
0.22900500750614497,0.643636949690602,0.6798967408719153,0.667858138943421,0.9692490106147759,0.8906536320018229,0.8039119981899984,0.8975732461342207,0.8661216380333809,0.434,0.537,0.677,0.105,0.505,1.183,0.751,0.9580000000000001,1.63,0.258,0.0237,1.976,0.2373,0.321,0.346,19.07,111.37,48.94,34.54,-1.476
0.30399035008285685,0.678556464876306,0.4280028509995085,0.6876918771956388,0.6759399187493778,0.9245503079212012,0.7905844611033693,0.7914962071129092,0.8851012473249754,0.999,1.034,1.949,0.848,0.713,1.453,1.135,0.56,0.722,0.522,0.0449,4.134,0.7862,0.23,0.069,27.58,372.91,59.31,53.18,1.241
0.5047972139759945,0.6539196247631117,0.15960387871662385,0.6859178893734142,0.3111833833665839,0.8396973391284962,0.26581086708330115,0.7822387268358807,0.8348998804370948,0.986,1.579,0.626,0.276,0.8,1.416,1.301,0.723,0.398,0.172,0.0483,1.425,0.3297,0.337,0.211,5.0,237.99,21.59,6.77,1.86
0.215705602384541,0.6972311786944314,0.6501569572012542,0.6887472017926781,0.9151277663368179,0.9333111325057764,0.905532347373664,0.8355026472148936,0.8831256251413182,1.124,0.576,0.176,1.408,0.468,2.893,0.977,0.121,1.447,0.373,0.0406,3.002,0.0586,0.345,0.454,7.83,345.16,166.61,92.47000000000001,0.062
0.37571551138208337,0.6726777417060708,0.21020127398947552,0.6255695487224355,0.6538250504002003,0.8880298855232356,0.9571186711660425,0.6687861534886621,0.8805793570247106,1.411,0.21,1.287,1.853,0.511,2.573,0.575,0.896,1.912,0.251,0.0528,3.398,0.3672,0.48,0.197,35.21,351.34,114.77,34.300000000000004,-0.423
0.27201831743573873,0.5482933924950315,0.5960893319160774,0.6338325392623523,0.8184668831705932,0.9026242712697357,0.9485625749404393,0.8203871587986673,0.8844684574103883,0.841,0.722,0.227,0.47,0.629,2.922,1.122,0.976,2.29,0.218,0.0032,3.818,0.1415,0.364,0.302,36.48,275.61,135.6,12.17,0.452
0.3698117624728529,0.7319891276428354,0.2920962295558899,0.6757737210641617,0.5506359430307934,0.8881696919440311,0.9692615732254132,0.5780413279438856,0.8497415022590957,1.466,0.466,1.255,1.188,0.618,2.097,0.893,1.045,0.352,0.195,0.0198,1.057,0.7642,0.798,0.361,22.72,168.55,142.26,18.2,0.772
0.48157661589776857,0.6909770570361,0.003571480235295521,0.6583871239645416,0.3125212509538091,0.8725056397412438,0.9033267383637992,0.6281779346286596,0.8825915063365841,1.945,1.742,0.282,1.445,0.757,1.521,0.634,0.467,1.264,0.22,0.057,4.824,0.4726,0.536,0.323,21.59,200.52,121.02,8.8,1.846
0.3875643360609075,0.6790552331943162,0.2657634344415565,0.6756602206538951,0.5325169771895841,0.8680175310095706,0.6122692341945132,0.7654922111213066,0.8857417480104544,0.222,1.772,0.319,1.153,0.424,1.309,0.722,0.989,0.982,0.431,0.0653,4.77,0.3099,0.168,0.275,42.14,156.35,126.16,114.97000000000001,1.353
0.3368856349079253,0.5088693836066556,0.39839202715934796,0.5652437200980052,0.9708978076554966,0.9764057379594601,0.7802923045946033,0.7765768529762564,0.8727679719837712,1.372,0.122,0.881,0.492,0.739,1.094,0.01,0.588,1.996,0.406,0.0135,4.127,0.3358,0.557,0.336,28.09,299.94,154.97,42.61,-0.488
0.2804848772920425,0.6226781234000278,0.4794051505166337,0.6422546316756017,0.8239599270621973,0.990713495628941,0.987637759352073,0.7906838712244604,0.8861616343829196,1.15,0.589,0.67,1.144,0.561,1.6,1.449,1.36,1.907,0.534,0.0366,4.598,0.1265,0.354,0.29,12.59,133.02,89.12,77.13,1.178
0.41430881040170126,0.7050509195714876,0.16139301088951663,0.6444069450569083,0.4943483221947168,0.9069314319884056,0.9708301729223574,0.5830669686226356,0.8677810491148791,0.88,0.164,0.365,1.124,0.451,2.008,1.267,1.03,1.883,0.231,0.0196,1.996,0.8095,0.75,0.229,21.61,241.57,175.51,104.57,1.261
0.3633811106443242,0.6882902362823562,0.31789897092344244,0.671284684501676,0.5578993191766854,0.8654962434057801,0.8835863470858653,0.6416217275245215,0.8257682405881932,1.926,0.864,0.11,0.84,0.671,2.416,0.525,0.435,0.283,0.16,0.013,1.246,0.4615,0.802,0.282,37.12,373.64,173.31,7.42,1.82
0.28960866635180244,0.6778465715644154,0.7173889201128058,0.7402847300470301,0.8696275703519001,0.8545556037208889,0.41554377597898995,0.8390111947347234,0.8807353967221476,0.66,0.806,1.642,0.832,0.422,1.769,1.623,0.958,0.827,0.228,0.0371,3.112,0.6768,0.305,0.394,41.64,322.42,104.98,94.62,1.119
0.3598575548531592,0.567663510894612,0.29417284895578144,0.5770765800821912,0.8743457338898906,0.9468675038910824,0.8694672222276294,0.6589371775106578,0.8584586968082919,0.897,0.856,1.406,1.0,0.478,1.774,1.762,0.47600000000000003,0.853,0.281,0.0227,2.821,0.1012,0.685,0.383,4.95,320.05,49.31,31.68,-1.512
0.3793043472652659,0.6254714395255494,0.23696712170604706,0.6346017760504612,0.6406034791759057,0.8442527174401059,0.8306939676783492,0.6916558671799666,0.8665686964380319,0.621,1.857,1.024,1.053,0.735,1.114,0.55,0.9450000000000001,0.408,0.101,0.0638,1.701,0.863,0.801,0.199,15.03,142.58,45.25,36.68,-1.48
0.32195897826735315,0.5041034828744608,0.44098585021473946,0.5775468698369586,0.9627559871956441,0.97815959377753,0.8192037129893961,0.8001231198889216,0.8662776663371379,1.597,1.62,1.18,0.314,0.544,1.234,0.55,1.025,1.324,0.396,0.0279,1.936,0.3163,0.571,0.438,2.69,170.83,11.530000000000001,7.180000000000001,-1.487
0.4792789307603769,0.6463423361337706,0.03065222821593594,0.6395448435810133,0.29034407956668107,0.9779708224857435,0.9869220529422325,0.6568768254753958,0.8549888747706127,1.201,0.882,0.571,1.185,0.631,2.59,0.167,0.326,1.356,0.408,0.0532,1.5,0.8198,0.545,0.404,1.34,281.28,63.42,27.86,1.362
0.3754578429586674,0.6012958675790137,0.2161062632156976,0.6046040198583345,0.7028790835113767,0.8508424144172437,0.8669094841795076,0.7713638257743658,0.8679395293656362,1.104,1.95,1.305,0.447,0.791,1.637,1.28,1.204,1.585,0.129,0.0674,2.872,0.2296,0.527,0.123,14.5,64.16,15.22,10.77,-1.113
0.260004607479692,0.5978536405017072,0.5716127344754682,0.6366935246405696,0.9621053709389474,0.8757121715668015,0.9332936160952254,0.8600762905402137,0.8494065898022471,1.916,0.785,1.466,1.616,0.623,1.938,1.602,0.844,2.169,0.161,0.008,4.876,0.5302,0.553,0.322,15.6,205.4,28.69,17.4,-1.343
0.30515580468336523,0.5283741381093785,0.5026408559337732,0.597572646516721,0.8034507079123868,0.9580033892909008,0.8697590038353459,0.804212520593607,0.8676184275352632,0.812,0.797,0.835,0.118,0.447,1.108,0.748,0.765,2.999,0.31,0.0046,4.752,0.4656,0.326,0.339,9.28,113.7,104.83,48.95,-0.594
0.3075416620463135,0.7140060250484792,0.3876226146139674,0.6684532596752276,0.7132173744299128,0.885597763028817,0.9403243556789642,0.7198319051148377,0.8879926599579788,1.119,1.397,0.251,1.507,0.412,2.643,1.379,1.118,1.79,0.25,0.0614,4.309,0.1393,0.467,0.5,26.64,143.27,45.07,19.79,0.876
0.42201666089933343,0.3396135228715117,0.36932262317636433,0.5407500948588815,0.6416066732554259,0.9040777291513127,0.7495025333579476,0.5917308372813078,0.886288876055948,0.213,1.526,0.712,0.436,0.661,2.902,0.535,1.499,2.724,0.524,0.0013,3.638,0.5027,0.174,0.248,40.36,116.75,63.84,63.49,0.806
0.39101092060706283,0.502754103743486,0.256959244416582,0.5517286794872869,0.800102254315384,0.9581233989413521,0.841588963223022,0.622377435138237,0.8842395526780407,0.474,1.016,0.613,0.582,0.57,1.346,0.453,0.23,2.256,0.452,0.0212,4.502,0.0268,0.609,0.276,42.48,366.69,195.97,129.5,0.426
0.46894878492089836,0.7020548624696218,0.024106222658338283,0.6605008231783223,0.31397131356902697,0.9276845720154789,0.9322295391241767,0.6713736855803734,0.8797873854024181,0.512,1.316,0.483,1.621,0.571,1.248,0.109,0.742,0.813,0.423,0.0536,3.017,0.7182,0.353,0.059,7.05,180.46,69.12,22.91,1.236
0.36700398637437964,0.4570042305636247,0.3531887575059891,0.5543522326757323,0.9377909145211933,0.9395143945454106,0.6689528047421229,0.8177473011891122,0.8759535729710125,0.884,0.501,1.958,1.813,0.521,2.101,0.657,0.159,1.49,0.431,0.0034,1.778,0.5296,0.657,0.384,24.09,268.09,35.89,6.97,0.416
0.31487439585157306,0.61095510479541,0.4117959926788145,0.6271896375705615,0.847294955779243,0.8514663200856144,0.8194430532340038,0.7606974508820372,0.853057750746296,0.335,0.537,0.213,1.007,0.699,1.835,0.879,1.818,2.106,0.17,0.0425,4.033,0.4494,0.389,0.097,27.41,291.52,150.32,29.15,-1.411
0.27839266239647875,0.5868995840257747,0.6669336484763881,0.6634271041639723,0.9592270963741474,0.8491537155110935,0.5951864249108703,0.8929581926353454,0.8406126633377192,1.457,1.074,0.419,0.523,0.57,1.736,1.253,0.173,0.532,0.151,0.0319,4.168,0.3037,0.376,0.466,2.57,264.06,80.79,43.7,-1.693
0.38937931511442453,0.7311225979378841,0.22678001832949346,0.6955372775485213,0.47395933337743856,0.8633878241499751,0.7883359132106609,0.6897370896372136,0.8832873921090325,0.306,1.023,1.736,0.724,0.72,1.761,0.154,0.337,0.973,0.258,0.0622,2.962,0.3371,0.321,0.156,48.69,188.34,156.18,87.10000000000001,0.778
0.35865531315909327,0.6731331415731758,0.6736733420416877,0.7458001565860544,0.800954149831616,0.8424599794111727,0.19093473938132055,0.8739537951230426,0.8726888544784772,1.927,1.811,0.672,0.834,0.729,1.209,1.1460000000000001,0.892,2.926,0.201,0.0516,2.54,0.0356,0.28,0.499,29.86,292.9,82.81,74.75,1.428
0.29259226177603154,0.527721939199306,0.5460885032861813,0.6081918577921417,0.8112651995140138,0.9505344087517643,0.883441778585062,0.8200938544307966,0.8648470883713931,0.468,1.646,0.891,1.641,0.782,2.086,1.109,1.499,0.932,0.305,0.007,4.149,0.5977,0.316,0.348,34.78,312.78,144.84,99.49,-0.887
0.3851169818582763,0.49603724811543126,0.26781966701400084,0.5483940405265049,0.872524917576816,0.9973392667616503,0.8253570958527778,0.6368795877775448,0.8821325918128906,1.82,1.318,1.744,0.816,0.798,2.606,1.147,0.825,2.853,0.376,0.0156,4.493,0.5254,0.651,0.073,15.0,161.09,98.91,61.02,0.096
0.36889530168373486,0.4245785888151924,0.46764705793879446,0.5750865736586871,0.6312880772454452,0.9426640687839938,0.8973227904932348,0.6398120695668603,0.8812766745460388,0.112,1.332,0.725,1.467,0.475,1.107,0.008,0.532,2.519,0.304,0.0039,3.747,0.324,0.208,0.345,44.34,130.6,49.03,45.94,-0.073
0.23902439434104392,0.6544280269774343,0.5926639839138008,0.655208438438005,0.9481025589635349,0.9161889571847422,0.8654813133239857,0.9091566308868754,0.8704931693075562,1.498,0.376,1.696,0.619,0.702,1.89,0.181,1.005,0.947,0.431,0.059,4.461,0.016,0.225,0.444,5.51,66.88,35.19,16.05,-0.599
0.2516442661949676,0.7539774823111842,0.5627403644500392,0.7265443576457479,0.7337586546118771,0.8985810134496607,0.8733550157984399,0.7477099939376949,0.8612982579975371,0.819,0.744,0.8,0.817,0.533,1.534,0.936,1.0110000000000001,0.304,0.286,0.037,1.005,0.9339,0.43,0.212,1.27,195.74,146.05,68.2,0.062
0.23540768980700474,0.720113856978194,0.6228674904361247,0.7133527943772306,0.8555551629071289,0.8625368220763998,0.8802332108191022,0.7296965724114947,0.8840949654207435,0.185,1.042,1.25,1.697,0.479,1.305,0.909,0.755,0.23,0.164,0.0312,2.44,0.6554,0.614,0.428,15.05,262.43,151.59,101.85,0.132
0.2780402378395624,0.702590551610416,0.5058532047703876,0.6931296466267309,0.7528190819549011,0.8958304054900708,0.7774727882118783,0.7643652595034194,0.8789366270276266,0.161,0.69,1.216,1.087,0.736,1.044,0.468,0.28300000000000003,2.701,0.475,0.057,1.871,0.3414,0.187,0.136,42.4,257.19,166.67,50.28,-0.718
0.30483618942499957,0.49481202859563544,0.5693595775941724,0.6072816719654099,0.7921106617468829,0.9756743557280281,0.7860816294328969,0.7910260251578426,0.8764436619454803,1.379,1.114,1.595,0.867,0.497,2.984,1.625,2.464,2.48,0.394,0.0067,2.944,0.8938,0.229,0.171,45.57,195.15,113.76,39.47,-0.509
0.373168180684218,0.6253438633706223,0.25709463362703444,0.6150894727691638,0.6692563532975324,0.9571599046145105,0.9417016229292576,0.6219806597216658,0.8731920565256353,0.562,1.787,0.685,0.557,0.633,1.974,0.127,0.269,1.035,0.32,0.0515,1.181,0.4601,0.646,0.483,16.79,155.87,94.44,66.11,-1.079
0.22158874394878797,0.6747851743710573,0.6709091722874484,0.6870493406751126,0.9412481986627076,0.9014942428933248,0.8588148683838062,0.8180889648550977,0.8790496951114771,0.971,0.834,0.921,1.262,0.683,1.72,0.037,1.377,1.95,0.298,0.0326,4.633,0.3537,0.368,0.327,22.5,384.28,145.31,132.97,-0.19
0.32748220517538495,0.6568465844475491,0.34918017688495906,0.6334020831493552,0.7296076685101487,0.9361201290727178,0.9632274422658381,0.7013958508744245,0.8794483242227635,0.131,0.64,1.52,1.858,0.562,1.987,0.553,1.812,0.552,0.438,0.0459,4.909,0.3723,0.326,0.062,39.43,326.37,166.42,51.13,-0.021
0.25796468497631225,0.6630883146505422,0.721690239558475,0.7049965951641796,0.9435015426034186,0.8567103392719466,0.5454327562725602,0.8978754541345229,0.8834298077778009,0.137,0.3,0.885,1.576,0.773,2.337,0.63,1.434,2.293,0.236,0.0395,3.901,0.3347,0.247,0.407,38.85,140.03,127.75,8.86,0.19
0.32224211515816203,0.5385770697150432,0.4613725484116641,0.5841586599522048,0.7841233339798686,0.9675024271814517,0.8222973332019808,0.7582295592586512,0.8693280328902029,0.222,1.371,0.212,1.698,0.665,1.946,1.09,1.211,2.373,0.308,0.0049,4.271,0.6988,0.336,0.325,13.88,67.41,15.64,12.04,-0.623
0.41283000005385717,0.34464557788795225,0.26582968761960846,0.5214201440223298,0.8763685703919275,0.8968369073445623,0.7577868458501201,0.7564832605614419,0.8516768448879066,0.82,0.894,1.39,0.478,0.641,1.726,0.974,1.534,0.806,0.524,0.0338,1.996,0.4039,0.55,0.416,36.17,295.95,49.61,10.91,-1.976
0.28880230773564886,0.7021852263670922,0.6382298025047233,0.7342976878176766,0.7677898483147546,0.8536498950724779,0.4946384728523312,0.8466440309166656,0.8488811209472064,0.969,1.52,0.814,0.504,0.791,2.792,0.986,2.692,1.919,0.187,0.0283,1.045,0.8613,0.396,0.076,11.94,329.23,57.35,34.47,0.802
0.3021284071874189,0.48774580161170034,0.5258771872944775,0.5859613971584563,0.9808612649295175,0.8916784749672089,0.8562845960426164,0.8669507575625971,0.8544947997963206,1.678,1.059,1.268,1.36,0.624,2.569,1.457,1.765,1.104,0.576,0.0199,1.655,0.8696,0.385,0.226,15.21,182.79,141.26,85.42,-1.977
0.4243537857899157,0.45515081980124716,0.15973833187034026,0.5428075611533207,0.729422808798061,0.9297035856309004,0.9104896923892624,0.6516108912712324,0.8545930216161314,1.388,1.46,1.134,1.742,0.629,2.685,0.332,0.438,1.992,0.546,0.0522,3.979,0.4886,0.478,0.269,40.5,351.41,187.97,19.08,-1.329
0.40332054858649635,0.6762435605282433,0.17115671455660875,0.6276770727313112,0.5754084143796229,0.9288735228927149,0.9745527972716864,0.586755763481206,0.8810017490257385,0.722,0.229,1.868,1.788,0.413,2.365,1.169,0.806,1.301,0.288,0.0461,1.905,0.3377,0.624,0.358,46.27,267.83,160.66,39.21,-0.434
0.2716205412589098,0.7022438450356191,0.49694707224634593,0.6821208270339555,0.7934693416823404,0.857206316861279,0.8036858527526268,0.8194548401009909,0.8847921227427415,0.875,0.184,0.416,0.955,0.53,1.835,0.577,0.298,1.337,0.194,0.0544,3.353,0.0014,0.386,0.386,6.49,279.47,96.06,30.0,0.217
0.3067917833559014,0.6675649214997805,0.43823542782599856,0.6698750173985576,0.7816629967383599,0.8439313269559234,0.7987531448268853,0.6974635061422347,0.8823672577857868,1.634,0.816,1.222,1.365,0.421,1.113,0.498,0.969,2.108,0.109,0.0013,3.719,0.155,0.876,0.129,27.01,345.31,50.73,15.91,1.227
0.28371893427963396,0.6472550698662214,0.7318101882245965,0.6948032450343753,0.9513490654859369,0.8713552895559757,0.4396600788429793,0.9159939704144234,0.8795116850889503,0.816,0.642,0.938,1.282,0.657,2.178,0.133,0.878,2.16,0.354,0.0334,3.038,0.0484,0.163,0.252,21.61,89.45,26.0,21.64,-0.472
0.3814505965953328,0.6083208263018152,0.24235954490967815,0.6221550812638401,0.6797574630824234,0.8436255175422693,0.8200757507851465,0.6595237496782669,0.863864146800412,0.549,0.358,1.375,0.262,0.413,1.366,0.505,0.663,1.485,0.116,0.0554,3.588,0.6709,0.659,0.227,21.4,367.37,120.5,101.17,-0.974
0.29816739374971263,0.6396413705805931,0.44480259802996314,0.6250744566562416,0.8655260798725044,0.942379734109573,0.9408068206873286,0.7038582773910933,0.8587498142359007,1.504,1.099,0.675,1.164,0.707,1.933,0.603,1.268,0.36,0.269,0.006,1.774,0.8253,0.751,0.208,6.33,288.26,13.22,6.19,1.496
0.3817197770077094,0.7182279578049993,0.18364699492571368,0.6556513160460142,0.5376849822895164,0.8945398649428964,0.9478440526003197,0.7539992237359192,0.8851847744655503,1.515,0.125,0.272,1.6,0.756,2.045,1.694,1.734,2.613,0.276,0.0508,2.575,0.6091,0.425,0.115,21.66,367.54,37.17,20.75,0.394
0.2327304562758318,0.6960230539342454,0.6186407070686909,0.6816872081355262,0.9349966751010881,0.8772957619269672,0.95249746995209,0.7621138911005703,0.873430883464775,0.745,1.027,1.871,1.362,0.601,2.203,1.289,0.906,2.39,0.167,0.0211,1.778,0.0663,0.674,0.331,5.66,397.29,36.93,9.12,-1.104
0.3892803764888148,0.5250382379924348,0.6990210611363517,0.6530047232693157,0.8954613565333395,0.9676643092669728,0.14614468763898059,0.861420086836625,0.87556623681882,0.853,1.656,1.231,1.134,0.606,2.366,1.276,0.028,1.978,0.594,0.0143,1.084,0.9546,0.141,0.072,23.86,112.52,75.65,75.1,-0.838
0.17644543178166702,0.7389217217715419,0.7578290446302409,0.7313798915016743,0.9520550672651942,0.9063085653722406,0.9629324627159496,0.8621204681463142,0.8634827762741559,0.717,0.297,0.104,1.058,0.595,1.685,0.849,1.057,0.591,0.25,0.0155,1.612,0.0138,0.478,0.216,20.04,154.41,143.74,26.75,0.982
0.3540649447083473,0.5940141444810869,0.2926042526576146,0.6034218743289848,0.7982086303380701,0.869373884074568,0.7416254048365624,0.8136998994435662,0.8546029070258303,1.862,0.144,0.25,1.433,0.543,1.976,1.025,1.337,1.353,0.437,0.0646,3.797,0.8638,0.127,0.214,37.38,333.1,184.12,12.79,-1.269
0.28233619799622006,0.5129051579309052,0.6048319459160594,0.6451399995633651,0.7826091446992135,0.8530628643286304,0.8928347604210556,0.8440319074797711,0.882930391318379,0.122,1.403,0.812,1.597,0.563,2.111,0.522,1.675,2.014,0.113,0.0019,4.061,0.8816,0.443,0.395,1.7,330.13,11.1,10.46,0.103
0.3095871643466264,0.6436349141555969,0.7599119456179118,0.7299318048389507,0.9161059927512256,0.8589932483378031,0.3271993882958514,0.8697898375483245,0.8875630739466852,0.248,1.326,1.602,1.408,0.602,2.284,1.773,1.334,1.566,0.258,0.0271,4.162,0.9782,0.25,0.189,42.75,395.83,112.36,42.39,1.065
0.3193450496696668,0.6969072281166027,0.3709234681023438,0.6672371673578399,0.7023476460861083,0.8608653087834017,0.8700862959126393,0.7188291296211544,0.883267584201804,1.242,1.091,1.816,1.2,0.713,2.341,1.825,2.117,0.543,0.197,0.0562,3.771,0.9957,0.436,0.214,49.57,223.71,70.69,36.28,0.248
0.5310639066879084,0.12963641214778876,0.07035235329066292,0.44848219238034515,0.915352999132204,0.8709026990483901,0.5110461628892411,0.7948213025527832,0.8410151293366555,1.618,0.66,0.833,0.144,0.514,1.938,0.851,0.395,0.533,0.519,0.009,3.81,0.0306,0.627,0.427,1.9,154.41,91.26,43.04,-1.775
0.5119798080051134,0.1635817966524612,0.09642614448120701,0.4713575315294143,0.7336545023151507,0.8766117135444862,0.712385207699498,0.6579910113401075,0.8749976110024857,0.578,0.582,0.927,0.561,0.452,1.876,0.644,0.229,2.937,0.536,0.0164,3.603,0.5329,0.672,0.267,3.17,260.85,6.5,5.47,1.904
0.2176930875352139,0.7097544370345602,0.6780337207027045,0.7202113253176012,0.9016204629800728,0.8481659993033552,0.826301524477731,0.8112552463214288,0.8799669667676295,1.437,1.101,1.132,0.353,0.713,2.706,0.943,2.128,0.393,0.111,0.0202,2.26,0.6646,0.764,0.469,6.08,310.36,8.92,6.23,0.586
0.4319591421452142,0.4970743937382638,0.10692970261354795,0.5404841734399144,0.7707112981657365,0.971507209743143,0.8735017501877115,0.6241403894635417,0.8572110453427089,1.391,1.649,0.74,0.172,0.444,2.161,1.861,0.965,2.504,0.334,0.026,4.836,0.2922,0.65,0.163,4.33,163.83,62.910000000000004,22.78,-1.052
0.28246367098829617,0.5892387703884641,0.5247627456834105,0.606873243756065,0.9853282467733434,0.9932978608969377,0.7820162632813632,0.832054922892028,0.8851989377299926,1.54,1.883,0.844,0.501,0.5,1.924,1.531,1.424,2.773,0.371,0.007,2.951,0.3686,0.53,0.326,47.37,79.8,60.84,23.020000000000003,0.217
0.2795924368675046,0.6818763412071766,0.49313536202925945,0.6780176790218071,0.7918688040036193,0.843259704906725,0.7968817148161985,0.797377726288421,0.8842871266290527,0.145,1.051,1.652,0.926,0.708,2.263,0.071,2.05,0.863,0.113,0.0314,3.339,0.0933,0.683,0.144,6.48,115.93,45.77,42.38,0.278
